Log file open, 04/02/24 10:18:43
LogWindows: Failed to load 'aqProf.dll' (GetLastError=126)
LogWindows: File 'aqProf.dll' does not exist
LogWindows: Failed to load 'VtuneApi.dll' (GetLastError=126)
LogWindows: File 'VtuneApi.dll' does not exist
LogWindows: Failed to load 'VtuneApi32e.dll' (GetLastError=126)
LogWindows: File 'VtuneApi32e.dll' does not exist
LogConsoleResponse: Display: Failed to find resolution value strings in scalability ini. Falling back to default.
LogConsoleResponse: Display: Failed to find resolution value strings in scalability ini. Falling back to default.
LogInit: Display: Running engine for game: TwoDSSG
LogPlatformFile: Not using cached read wrapper
LogTaskGraph: Started task graph with 5 named threads and 47 total threads with 3 sets of task threads.
LogStats: Stats thread started at 0.424453
LogICUInternationalization: ICU TimeZone Detection - Raw Offset: +2:00, Platform Override: ''
LogInit: Display: Loading text-based GConfig....
LogPluginManager: Mounting plugin MeshPainting
LogPluginManager: Mounting plugin XGEController
LogPluginManager: Mounting plugin Paper2D
LogPluginManager: Mounting plugin EnvironmentQueryEditor
LogPluginManager: Mounting plugin AISupport
LogPluginManager: Mounting plugin LiveLink
LogPluginManager: Mounting plugin LightPropagationVolume
LogPluginManager: Mounting plugin GameplayCameras
LogPluginManager: Mounting plugin OodleData
LogPluginManager: Mounting plugin AnimationSharing
LogPluginManager: Mounting plugin NullSourceCodeAccess
LogPluginManager: Mounting plugin GitSourceControl
LogPluginManager: Mounting plugin KDevelopSourceCodeAccess
LogPluginManager: Mounting plugin OodleNetwork
LogPluginManager: Mounting plugin PerforceSourceControl
LogPluginManager: Mounting plugin CameraShakePreviewer
LogPluginManager: Mounting plugin PlasticSourceControl
LogPluginManager: Mounting plugin PixWinPlugin
LogPluginManager: Mounting plugin PluginUtils
LogPluginManager: Mounting plugin PropertyAccessNode
LogPluginManager: Mounting plugin CLionSourceCodeAccess
LogPluginManager: Mounting plugin CodeLiteSourceCodeAccess
LogPluginManager: Mounting plugin TextureFormatOodle
LogPluginManager: Mounting plugin RiderSourceCodeAccess
LogPluginManager: Mounting plugin SubversionSourceControl
LogPluginManager: Mounting plugin VisualStudioCodeSourceCodeAccess
LogPluginManager: Mounting plugin VisualStudioSourceCodeAccess
LogPluginManager: Mounting plugin AssetManagerEditor
LogPluginManager: Mounting plugin CryptoKeys
LogPluginManager: Mounting plugin CurveEditorTools
LogPluginManager: Mounting plugin DataValidation
LogPluginManager: Mounting plugin GeometryMode
LogPluginManager: Mounting plugin FacialAnimation
LogPluginManager: Mounting plugin GameplayTagsEditor
LogPluginManager: Mounting plugin MacGraphicsSwitching
LogPluginManager: Mounting plugin MaterialAnalyzer
LogPluginManager: Mounting plugin MobileLauncherProfileWizard
LogPluginManager: Mounting plugin PluginBrowser
LogPluginManager: Mounting plugin SpeedTreeImporter
LogPluginManager: Mounting plugin AlembicImporter
LogPluginManager: Mounting plugin AutomationUtils
LogPluginManager: Mounting plugin XCodeSourceCodeAccess
LogPluginManager: Mounting plugin BackChannel
LogPluginManager: Mounting plugin ChaosCloth
LogPluginManager: Mounting plugin ChaosEditor
LogPluginManager: Mounting plugin ChaosClothEditor
LogPluginManager: Mounting plugin ChaosNiagara
LogPluginManager: Mounting plugin ChaosSolverPlugin
LogPluginManager: Mounting plugin CharacterAI
LogPluginManager: Mounting plugin DatasmithContent
LogPluginManager: Mounting plugin VariantManagerContent
LogPluginManager: Mounting plugin Niagara
LogPluginManager: Mounting plugin GeometryCache
LogPluginManager: Mounting plugin GeometryCollectionPlugin
LogPluginManager: Mounting plugin GeometryProcessing
LogPluginManager: Mounting plugin MotoSynth
LogPluginManager: Mounting plugin OpenImageDenoise
LogPluginManager: Mounting plugin PlanarCut
LogPluginManager: Mounting plugin PlatformCrypto
LogPluginManager: Mounting plugin AndroidMedia
LogPluginManager: Mounting plugin ProxyLODPlugin
LogPluginManager: Mounting plugin PythonScriptPlugin
LogPluginManager: Mounting plugin AvfMedia
LogPluginManager: Mounting plugin ImgMedia
LogPluginManager: Mounting plugin MediaCompositing
LogPluginManager: Mounting plugin MediaPlayerEditor
LogPluginManager: Mounting plugin WebMMedia
LogPluginManager: Mounting plugin WmfMedia
LogPluginManager: Mounting plugin UdpMessaging
LogPluginManager: Mounting plugin TcpMessaging
LogPluginManager: Mounting plugin SkeletalReduction
LogPluginManager: Mounting plugin UObjectPlugin
LogPluginManager: Mounting plugin ActorSequence
LogPluginManager: Mounting plugin LevelSequenceEditor
LogPluginManager: Mounting plugin TemplateSequence
LogPluginManager: Mounting plugin MatineeToLevelSequence
LogPluginManager: Mounting plugin OnlineSubsystem
LogPluginManager: Mounting plugin OnlineSubsystemNull
LogPluginManager: Mounting plugin OnlineSubsystemUtils
LogPluginManager: Mounting plugin LauncherChunkInstaller
LogPluginManager: Mounting plugin ActorLayerUtilities
LogPluginManager: Mounting plugin AndroidMoviePlayer
LogPluginManager: Mounting plugin AndroidPermission
LogPluginManager: Mounting plugin AndroidDeviceProfileSelector
LogPluginManager: Mounting plugin AppleImageUtils
LogPluginManager: Mounting plugin ArchVisCharacter
LogPluginManager: Mounting plugin AssetTags
LogPluginManager: Mounting plugin AudioSynesthesia
LogPluginManager: Mounting plugin AudioCapture
LogPluginManager: Mounting plugin CableComponent
LogPluginManager: Mounting plugin ChunkDownloader
LogPluginManager: Mounting plugin CustomMeshComponent
LogPluginManager: Mounting plugin AppleMoviePlayer
LogPluginManager: Mounting plugin GooglePAD
LogPluginManager: Mounting plugin EditableMesh
LogPluginManager: Mounting plugin ExampleDeviceProfileSelector
LogPluginManager: Mounting plugin GoogleCloudMessaging
LogPluginManager: Mounting plugin IOSDeviceProfileSelector
LogPluginManager: Mounting plugin LinuxDeviceProfileSelector
LogPluginManager: Mounting plugin LocationServicesBPLibrary
LogPluginManager: Mounting plugin MobilePatchingUtils
LogPluginManager: Mounting plugin OpenXR
LogPluginManager: Mounting plugin OpenXREyeTracker
LogPluginManager: Mounting plugin OpenXRHandTracking
LogPluginManager: Mounting plugin PhysXVehicles
LogPluginManager: Mounting plugin ProceduralMeshComponent
LogPluginManager: Mounting plugin PropertyAccessEditor
LogPluginManager: Mounting plugin RuntimePhysXCooking
LogPluginManager: Mounting plugin SignificanceManager
LogPluginManager: Mounting plugin PostSplashScreen
LogPluginManager: Mounting plugin SoundFields
LogPluginManager: Mounting plugin ScreenshotTools
LogPluginManager: Mounting plugin Synthesis
LogPluginManager: Mounting plugin Takes
LogPluginManager: Mounting plugin WebMMoviePlayer
LogPluginManager: Mounting plugin WindowsMoviePlayer
LogPluginManager: Mounting plugin LuminPlatformFeatures
LogPluginManager: Mounting plugin MagicLeap
LogPluginManager: Mounting plugin MagicLeapLightEstimation
LogPluginManager: Mounting plugin MagicLeapMedia
LogPluginManager: Mounting plugin MagicLeapPassableWorld
LogPluginManager: Mounting plugin MLSDK
LogPluginManager: Mounting plugin ContentBrowserAssetDataSource
LogPluginManager: Mounting plugin ContentBrowserClassDataSource
LogPluginManager: Mounting plugin ContentBrowserFileDataSource
LogPluginManager: Mounting plugin OnlineSubsystemGooglePlay
LogPluginManager: Mounting plugin OnlineSubsystemIOS
LogPluginManager: Mounting plugin SQLiteCore
LogPluginManager: Mounting plugin SQLiteSupport
LogPluginManager: Mounting plugin DatabaseSupport
LogPluginManager: Mounting plugin OculusVR
LogPluginManager: Mounting plugin SteamVR
LogPluginManager: Mounting plugin awsSDK
PixWinPlugin: PIX capture plugin failed to initialize! Check that the process is launched from PIX.
LogInit: Using libcurl 7.55.1-DEV
LogInit:  - built for x86_64-pc-win32
LogInit:  - supports SSL with OpenSSL/1.1.1
LogInit:  - supports HTTP deflate (compression) using libz 1.2.8
LogInit:  - other features:
LogInit:      CURL_VERSION_SSL
LogInit:      CURL_VERSION_LIBZ
LogInit:      CURL_VERSION_IPV6
LogInit:      CURL_VERSION_ASYNCHDNS
LogInit:      CURL_VERSION_LARGEFILE
LogInit:      CURL_VERSION_IDN
LogInit:  CurlRequestOptions (configurable via config and command line):
LogInit:  - bVerifyPeer = true  - Libcurl will verify peer certificate
LogInit:  - bUseHttpProxy = false  - Libcurl will NOT use HTTP proxy
LogInit:  - bDontReuseConnections = false  - Libcurl will reuse connections
LogInit:  - MaxHostConnections = 16  - Libcurl will limit the number of connections to a host
LogInit:  - LocalHostAddr = Default
LogInit:  - BufferSize = 65536
LogOnline: OSS: Creating online subsystem instance for: NULL
LogInit: WinSock: version 1.1 (2.2), MaxSocks=32767, MaxUdp=65467
LogOnline: OSS: TryLoadSubsystemAndSetDefault: Loaded subsystem for module [NULL]
LogOculusPluginWrapper: OculusPlugin initialized successfully
LogHMD: Failed initializing OVRPlugin 1.59.0
LogInit: Build: ++UE4+Release-4.27-CL-0
LogInit: Engine Version: 4.27.2-0+++UE4+Release-4.27
LogInit: Compatible Engine Version: 4.27.0-0+++UE4+Release-4.27
LogInit: Net CL: 0
LogInit: OS: Windows 10 (Release 2009) (), CPU: 11th Gen Intel(R) Core(TM) i7-11800H @ 2.30GHz, GPU: Intel(R) UHD Graphics
LogInit: Compiled (64-bit): Jan  9 2024 16:03:20
LogInit: Compiled with Visual C++: 19.37.32822.00
LogInit: Build Configuration: Development
LogInit: Branch Name: ++UE4+Release-4.27
LogInit: Command Line:  -skipcompile
LogInit: Base Directory: C:/UnrealEngine-4.27.2-release/Engine/Binaries/Win64/
LogInit: Allocator: TBB
LogInit: Installed Engine Build: 0
LogDevObjectVersion: Number of dev versions registered: 29
LogDevObjectVersion:   Dev-Blueprints (B0D832E4-1F89-4F0D-ACCF-7EB736FD4AA2): 10
LogDevObjectVersion:   Dev-Build (E1C64328-A22C-4D53-A36C-8E866417BD8C): 0
LogDevObjectVersion:   Dev-Core (375EC13C-06E4-48FB-B500-84F0262A717E): 4
LogDevObjectVersion:   Dev-Editor (E4B068ED-F494-42E9-A231-DA0B2E46BB41): 40
LogDevObjectVersion:   Dev-Framework (CFFC743F-43B0-4480-9391-14DF171D2073): 37
LogDevObjectVersion:   Dev-Mobile (B02B49B5-BB20-44E9-A304-32B752E40360): 3
LogDevObjectVersion:   Dev-Networking (A4E4105C-59A1-49B5-A7C5-40C4547EDFEE): 0
LogDevObjectVersion:   Dev-Online (39C831C9-5AE6-47DC-9A44-9C173E1C8E7C): 0
LogDevObjectVersion:   Dev-Physics (78F01B33-EBEA-4F98-B9B4-84EACCB95AA2): 14
LogDevObjectVersion:   Dev-Platform (6631380F-2D4D-43E0-8009-CF276956A95A): 0
LogDevObjectVersion:   Dev-Rendering (12F88B9F-8875-4AFC-A67C-D90C383ABD29): 45
LogDevObjectVersion:   Dev-Sequencer (7B5AE74C-D270-4C10-A958-57980B212A5A): 13
LogDevObjectVersion:   Dev-VR (D7296918-1DD6-4BDD-9DE2-64A83CC13884): 3
LogDevObjectVersion:   Dev-LoadTimes (C2A15278-BFE7-4AFE-6C17-90FF531DF755): 1
LogDevObjectVersion:   Private-Geometry (6EACA3D4-40EC-4CC1-B786-8BED09428FC5): 3
LogDevObjectVersion:   Dev-AnimPhys (29E575DD-E0A3-4627-9D10-D276232CDCEA): 17
LogDevObjectVersion:   Dev-Anim (AF43A65D-7FD3-4947-9873-3E8ED9C1BB05): 15
LogDevObjectVersion:   Dev-ReflectionCapture (6B266CEC-1EC7-4B8F-A30B-E4D90942FC07): 1
LogDevObjectVersion:   Dev-Automation (0DF73D61-A23F-47EA-B727-89E90C41499A): 1
LogDevObjectVersion:   FortniteMain (601D1886-AC64-4F84-AA16-D3DE0DEAC7D6): 47
LogDevObjectVersion:   FortniteRelease (E7086368-6B23-4C58-8439-1B7016265E91): 1
LogDevObjectVersion:   Dev-Enterprise (9DFFBCD6-494F-0158-E221-12823C92A888): 10
LogDevObjectVersion:   Dev-Niagara (F2AED0AC-9AFE-416F-8664-AA7FFA26D6FC): 1
LogDevObjectVersion:   Dev-Destruction (174F1F0B-B4C6-45A5-B13F-2EE8D0FB917D): 10
LogDevObjectVersion:   Dev-Physics-Ext (35F94A83-E258-406C-A318-09F59610247C): 41
LogDevObjectVersion:   Dev-PhysicsMaterial-Chaos (B68FC16E-8B1B-42E2-B453-215C058844FE): 1
LogDevObjectVersion:   Dev-CineCamera (B2E18506-4273-CFC2-A54E-F4BB758BBA07): 1
LogDevObjectVersion:   Dev-VirtualProduction (64F58936-FD1B-42BA-BA96-7289D5D0FA4E): 1
LogDevObjectVersion:   Dev-MediaFramework (6F0ED827-A609-4895-9C91-998D90180EA4): 2
LogInit: Presizing for max 25165824 objects, including 0 objects not considered by GC, pre-allocating 0 bytes for permanent pool.
LogConfig: Applying CVar settings from Section [/Script/Engine.StreamingSettings] File [C:/Users/Sagi/Documents/GitHub/TwoDSSG/Saved/Config/Windows/Engine.ini]
LogConfig: Setting CVar [[s.MinBulkDataSizeForAsyncLoading:131072]]
LogConfig: Setting CVar [[s.AsyncLoadingThreadEnabled:0]]
LogConfig: Setting CVar [[s.EventDrivenLoaderEnabled:1]]
LogConfig: Setting CVar [[s.WarnIfTimeLimitExceeded:0]]
LogConfig: Setting CVar [[s.TimeLimitExceededMultiplier:1.5]]
LogConfig: Setting CVar [[s.TimeLimitExceededMinTime:0.005]]
LogConfig: Setting CVar [[s.UseBackgroundLevelStreaming:1]]
LogConfig: Setting CVar [[s.PriorityAsyncLoadingExtraTime:15.0]]
LogConfig: Setting CVar [[s.LevelStreamingActorsUpdateTimeLimit:5.0]]
LogConfig: Setting CVar [[s.PriorityLevelStreamingActorsUpdateExtraTime:5.0]]
LogConfig: Setting CVar [[s.LevelStreamingComponentsRegistrationGranularity:10]]
LogConfig: Setting CVar [[s.UnregisterComponentsTimeLimit:1.0]]
LogConfig: Setting CVar [[s.LevelStreamingComponentsUnregistrationGranularity:5]]
LogConfig: Setting CVar [[s.FlushStreamingOnExit:1]]
LogInit: Object subsystem initialized
LogConfig: Setting CVar [[con.DebugEarlyDefault:1]]
LogConfig: Setting CVar [[r.setres:1280x720]]
[2024.04.02-07.18.46:247][  0]LogConfig: Setting CVar [[r.VSync:0]]
[2024.04.02-07.18.46:247][  0]LogConfig: Setting CVar [[r.RHICmdBypass:0]]
[2024.04.02-07.18.46:247][  0]LogConfig: Applying CVar settings from Section [/Script/Engine.RendererSettings] File [C:/Users/Sagi/Documents/GitHub/TwoDSSG/Saved/Config/Windows/Engine.ini]
[2024.04.02-07.18.46:247][  0]LogConfig: Setting CVar [[r.GPUCrashDebugging:0]]
[2024.04.02-07.18.46:247][  0]LogConfig: Setting CVar [[r.MobileHDR:0]]
[2024.04.02-07.18.46:248][  0]LogConfig: Setting CVar [[r.DefaultFeature.AntiAliasing:0]]
[2024.04.02-07.18.46:248][  0]LogConfig: Setting CVar [[r.TranslucentSortPolicy:2]]
[2024.04.02-07.18.46:248][  0]LogConfig: Setting CVar [[r.DefaultFeature.AutoExposure:1]]
[2024.04.02-07.18.46:248][  0]LogConfig: Applying CVar settings from Section [/Script/Engine.RendererOverrideSettings] File [C:/Users/Sagi/Documents/GitHub/TwoDSSG/Saved/Config/Windows/Engine.ini]
[2024.04.02-07.18.46:248][  0]LogConfig: Applying CVar settings from Section [/Script/Engine.StreamingSettings] File [C:/Users/Sagi/Documents/GitHub/TwoDSSG/Saved/Config/Windows/Engine.ini]
[2024.04.02-07.18.46:248][  0]LogConfig: Setting CVar [[s.MinBulkDataSizeForAsyncLoading:131072]]
[2024.04.02-07.18.46:248][  0]LogConfig: Setting CVar [[s.AsyncLoadingThreadEnabled:0]]
[2024.04.02-07.18.46:248][  0]LogConfig: Setting CVar [[s.EventDrivenLoaderEnabled:1]]
[2024.04.02-07.18.46:248][  0]LogConfig: Setting CVar [[s.WarnIfTimeLimitExceeded:0]]
[2024.04.02-07.18.46:248][  0]LogConfig: Setting CVar [[s.TimeLimitExceededMultiplier:1.5]]
[2024.04.02-07.18.46:248][  0]LogConfig: Setting CVar [[s.TimeLimitExceededMinTime:0.005]]
[2024.04.02-07.18.46:248][  0]LogConfig: Setting CVar [[s.UseBackgroundLevelStreaming:1]]
[2024.04.02-07.18.46:249][  0]LogConfig: Setting CVar [[s.PriorityAsyncLoadingExtraTime:15.0]]
[2024.04.02-07.18.46:249][  0]LogConfig: Setting CVar [[s.LevelStreamingActorsUpdateTimeLimit:5.0]]
[2024.04.02-07.18.46:249][  0]LogConfig: Setting CVar [[s.PriorityLevelStreamingActorsUpdateExtraTime:5.0]]
[2024.04.02-07.18.46:249][  0]LogConfig: Setting CVar [[s.LevelStreamingComponentsRegistrationGranularity:10]]
[2024.04.02-07.18.46:249][  0]LogConfig: Setting CVar [[s.UnregisterComponentsTimeLimit:1.0]]
[2024.04.02-07.18.46:249][  0]LogConfig: Setting CVar [[s.LevelStreamingComponentsUnregistrationGranularity:5]]
[2024.04.02-07.18.46:249][  0]LogConfig: Setting CVar [[s.FlushStreamingOnExit:1]]
[2024.04.02-07.18.46:249][  0]LogConfig: Applying CVar settings from Section [/Script/Engine.GarbageCollectionSettings] File [C:/Users/Sagi/Documents/GitHub/TwoDSSG/Saved/Config/Windows/Engine.ini]
[2024.04.02-07.18.46:249][  0]LogConfig: Setting CVar [[gc.MaxObjectsNotConsideredByGC:1]]
[2024.04.02-07.18.46:249][  0]LogConfig: Setting CVar [[gc.SizeOfPermanentObjectPool:0]]
[2024.04.02-07.18.46:249][  0]LogConfig: Setting CVar [[gc.FlushStreamingOnGC:0]]
[2024.04.02-07.18.46:249][  0]LogConfig: Setting CVar [[gc.NumRetriesBeforeForcingGC:10]]
[2024.04.02-07.18.46:249][  0]LogConfig: Setting CVar [[gc.AllowParallelGC:1]]
[2024.04.02-07.18.46:249][  0]LogConfig: Setting CVar [[gc.TimeBetweenPurgingPendingKillObjects:61.1]]
[2024.04.02-07.18.46:250][  0]LogConfig: Setting CVar [[gc.MaxObjectsInEditor:25165824]]
[2024.04.02-07.18.46:250][  0]LogConfig: Setting CVar [[gc.IncrementalBeginDestroyEnabled:1]]
[2024.04.02-07.18.46:250][  0]LogConfig: Setting CVar [[gc.CreateGCClusters:1]]
[2024.04.02-07.18.46:250][  0]LogConfig: Setting CVar [[gc.MinGCClusterSize:5]]
[2024.04.02-07.18.46:250][  0]LogConfig: Setting CVar [[gc.ActorClusteringEnabled:0]]
[2024.04.02-07.18.46:250][  0]LogConfig: Setting CVar [[gc.BlueprintClusteringEnabled:0]]
[2024.04.02-07.18.46:250][  0]LogConfig: Setting CVar [[gc.UseDisregardForGCOnDedicatedServers:0]]
[2024.04.02-07.18.46:250][  0]LogConfig: Setting CVar [[gc.MultithreadedDestructionEnabled:1]]
[2024.04.02-07.18.46:250][  0]LogConfig: Applying CVar settings from Section [/Script/Engine.NetworkSettings] File [C:/Users/Sagi/Documents/GitHub/TwoDSSG/Saved/Config/Windows/Engine.ini]
[2024.04.02-07.18.46:250][  0]LogConfig: Applying CVar settings from Section [/Script/UnrealEd.CookerSettings] File [C:/Users/Sagi/Documents/GitHub/TwoDSSG/Saved/Config/Windows/Engine.ini]
[2024.04.02-07.18.46:273][  0]LogConfig: Applying CVar settings from Section [ViewDistanceQuality@3] File [C:/Users/Sagi/Documents/GitHub/TwoDSSG/Saved/Config/Windows/Scalability.ini]
[2024.04.02-07.18.46:273][  0]LogConfig: Setting CVar [[r.SkeletalMeshLODBias:0]]
[2024.04.02-07.18.46:273][  0]LogConfig: Setting CVar [[r.ViewDistanceScale:1.0]]
[2024.04.02-07.18.46:273][  0]LogConfig: Applying CVar settings from Section [AntiAliasingQuality@3] File [C:/Users/Sagi/Documents/GitHub/TwoDSSG/Saved/Config/Windows/Scalability.ini]
[2024.04.02-07.18.46:273][  0]LogConfig: Setting CVar [[r.PostProcessAAQuality:4]]
[2024.04.02-07.18.46:273][  0]LogConfig: Applying CVar settings from Section [ShadowQuality@3] File [C:/Users/Sagi/Documents/GitHub/TwoDSSG/Saved/Config/Windows/Scalability.ini]
[2024.04.02-07.18.46:273][  0]LogConfig: Setting CVar [[r.LightFunctionQuality:1]]
[2024.04.02-07.18.46:273][  0]LogConfig: Setting CVar [[r.ShadowQuality:5]]
[2024.04.02-07.18.46:273][  0]LogConfig: Setting CVar [[r.Shadow.CSM.MaxCascades:10]]
[2024.04.02-07.18.46:273][  0]LogConfig: Setting CVar [[r.Shadow.MaxResolution:2048]]
[2024.04.02-07.18.46:273][  0]LogConfig: Setting CVar [[r.Shadow.MaxCSMResolution:2048]]
[2024.04.02-07.18.46:273][  0]LogConfig: Setting CVar [[r.Shadow.RadiusThreshold:0.01]]
[2024.04.02-07.18.46:273][  0]LogConfig: Setting CVar [[r.Shadow.DistanceScale:1.0]]
[2024.04.02-07.18.46:273][  0]LogConfig: Setting CVar [[r.Shadow.CSM.TransitionScale:1.0]]
[2024.04.02-07.18.46:274][  0]LogConfig: Setting CVar [[r.Shadow.PreShadowResolutionFactor:1.0]]
[2024.04.02-07.18.46:274][  0]LogConfig: Setting CVar [[r.DistanceFieldShadowing:1]]
[2024.04.02-07.18.46:274][  0]LogConfig: Setting CVar [[r.DistanceFieldAO:1]]
[2024.04.02-07.18.46:274][  0]LogConfig: Setting CVar [[r.AOQuality:2]]
[2024.04.02-07.18.46:274][  0]LogConfig: Setting CVar [[r.VolumetricFog:1]]
[2024.04.02-07.18.46:274][  0]LogConfig: Setting CVar [[r.VolumetricFog.GridPixelSize:8]]
[2024.04.02-07.18.46:274][  0]LogConfig: Setting CVar [[r.VolumetricFog.GridSizeZ:128]]
[2024.04.02-07.18.46:274][  0]LogConfig: Setting CVar [[r.VolumetricFog.HistoryMissSupersampleCount:4]]
[2024.04.02-07.18.46:274][  0]LogConfig: Setting CVar [[r.LightMaxDrawDistanceScale:1]]
[2024.04.02-07.18.46:274][  0]LogConfig: Setting CVar [[r.CapsuleShadows:1]]
[2024.04.02-07.18.46:274][  0]LogConfig: Applying CVar settings from Section [PostProcessQuality@3] File [C:/Users/Sagi/Documents/GitHub/TwoDSSG/Saved/Config/Windows/Scalability.ini]
[2024.04.02-07.18.46:274][  0]LogConfig: Setting CVar [[r.MotionBlurQuality:4]]
[2024.04.02-07.18.46:274][  0]LogConfig: Setting CVar [[r.AmbientOcclusionMipLevelFactor:0.4]]
[2024.04.02-07.18.46:274][  0]LogConfig: Setting CVar [[r.AmbientOcclusionMaxQuality:100]]
[2024.04.02-07.18.46:274][  0]LogConfig: Setting CVar [[r.AmbientOcclusionLevels:-1]]
[2024.04.02-07.18.46:274][  0]LogConfig: Setting CVar [[r.AmbientOcclusionRadiusScale:1.0]]
[2024.04.02-07.18.46:275][  0]LogConfig: Setting CVar [[r.DepthOfFieldQuality:2]]
[2024.04.02-07.18.46:275][  0]LogConfig: Setting CVar [[r.RenderTargetPoolMin:400]]
[2024.04.02-07.18.46:275][  0]LogConfig: Setting CVar [[r.LensFlareQuality:2]]
[2024.04.02-07.18.46:275][  0]LogConfig: Setting CVar [[r.SceneColorFringeQuality:1]]
[2024.04.02-07.18.46:275][  0]LogConfig: Setting CVar [[r.EyeAdaptationQuality:2]]
[2024.04.02-07.18.46:275][  0]LogConfig: Setting CVar [[r.BloomQuality:5]]
[2024.04.02-07.18.46:275][  0]LogConfig: Setting CVar [[r.FastBlurThreshold:100]]
[2024.04.02-07.18.46:275][  0]LogConfig: Setting CVar [[r.Upscale.Quality:3]]
[2024.04.02-07.18.46:275][  0]LogConfig: Setting CVar [[r.Tonemapper.GrainQuantization:1]]
[2024.04.02-07.18.46:275][  0]LogConfig: Setting CVar [[r.LightShaftQuality:1]]
[2024.04.02-07.18.46:275][  0]LogConfig: Setting CVar [[r.Filter.SizeScale:1]]
[2024.04.02-07.18.46:275][  0]LogConfig: Setting CVar [[r.Tonemapper.Quality:5]]
[2024.04.02-07.18.46:275][  0]LogConfig: Setting CVar [[r.DOF.Gather.AccumulatorQuality:1        ; higher gathering accumulator quality]]
[2024.04.02-07.18.46:275][  0]LogConfig: Setting CVar [[r.DOF.Gather.PostfilterMethod:1          ; Median3x3 postfilering method]]
[2024.04.02-07.18.46:276][  0]LogConfig: Setting CVar [[r.DOF.Gather.EnableBokehSettings:0       ; no bokeh simulation when gathering]]
[2024.04.02-07.18.46:276][  0]LogConfig: Setting CVar [[r.DOF.Gather.RingCount:4                 ; medium number of samples when gathering]]
[2024.04.02-07.18.46:276][  0]LogConfig: Setting CVar [[r.DOF.Scatter.ForegroundCompositing:1    ; additive foreground scattering]]
[2024.04.02-07.18.46:276][  0]LogConfig: Setting CVar [[r.DOF.Scatter.BackgroundCompositing:2    ; additive background scattering]]
[2024.04.02-07.18.46:276][  0]LogConfig: Setting CVar [[r.DOF.Scatter.EnableBokehSettings:1      ; bokeh simulation when scattering]]
[2024.04.02-07.18.46:276][  0]LogConfig: Setting CVar [[r.DOF.Scatter.MaxSpriteRatio:0.1         ; only a maximum of 10% of scattered bokeh]]
[2024.04.02-07.18.46:276][  0]LogConfig: Setting CVar [[r.DOF.Recombine.Quality:1                ; cheap slight out of focus]]
[2024.04.02-07.18.46:276][  0]LogConfig: Setting CVar [[r.DOF.Recombine.EnableBokehSettings:0    ; no bokeh simulation on slight out of focus]]
[2024.04.02-07.18.46:276][  0]LogConfig: Setting CVar [[r.DOF.TemporalAAQuality:1                ; more stable temporal accumulation]]
[2024.04.02-07.18.46:276][  0]LogConfig: Setting CVar [[r.DOF.Kernel.MaxForegroundRadius:0.025]]
[2024.04.02-07.18.46:277][  0]LogConfig: Setting CVar [[r.DOF.Kernel.MaxBackgroundRadius:0.025]]
[2024.04.02-07.18.46:277][  0]LogConfig: Applying CVar settings from Section [TextureQuality@3] File [C:/Users/Sagi/Documents/GitHub/TwoDSSG/Saved/Config/Windows/Scalability.ini]
[2024.04.02-07.18.46:277][  0]LogConfig: Setting CVar [[r.Streaming.MipBias:0]]
[2024.04.02-07.18.46:277][  0]LogConfig: Setting CVar [[r.Streaming.AmortizeCPUToGPUCopy:0]]
[2024.04.02-07.18.46:277][  0]LogConfig: Setting CVar [[r.Streaming.MaxNumTexturesToStreamPerFrame:0]]
[2024.04.02-07.18.46:277][  0]LogConfig: Setting CVar [[r.Streaming.Boost:1]]
[2024.04.02-07.18.46:277][  0]LogConfig: Setting CVar [[r.MaxAnisotropy:8]]
[2024.04.02-07.18.46:277][  0]LogConfig: Setting CVar [[r.VT.MaxAnisotropy:8]]
[2024.04.02-07.18.46:277][  0]LogConfig: Setting CVar [[r.Streaming.LimitPoolSizeToVRAM:0]]
[2024.04.02-07.18.46:277][  0]LogConfig: Setting CVar [[r.Streaming.PoolSize:1000]]
[2024.04.02-07.18.46:277][  0]LogConfig: Setting CVar [[r.Streaming.MaxEffectiveScreenSize:0]]
[2024.04.02-07.18.46:278][  0]LogConfig: Applying CVar settings from Section [EffectsQuality@3] File [C:/Users/Sagi/Documents/GitHub/TwoDSSG/Saved/Config/Windows/Scalability.ini]
[2024.04.02-07.18.46:278][  0]LogConfig: Setting CVar [[r.TranslucencyLightingVolumeDim:64]]
[2024.04.02-07.18.46:278][  0]LogConfig: Setting CVar [[r.RefractionQuality:2]]
[2024.04.02-07.18.46:278][  0]LogConfig: Setting CVar [[r.SSR.Quality:3]]
[2024.04.02-07.18.46:278][  0]LogConfig: Setting CVar [[r.SSR.HalfResSceneColor:0]]
[2024.04.02-07.18.46:278][  0]LogConfig: Setting CVar [[r.SceneColorFormat:4]]
[2024.04.02-07.18.46:278][  0]LogConfig: Setting CVar [[r.DetailMode:2]]
[2024.04.02-07.18.46:278][  0]LogConfig: Setting CVar [[r.TranslucencyVolumeBlur:1]]
[2024.04.02-07.18.46:278][  0]LogConfig: Setting CVar [[r.MaterialQualityLevel:1 ; High quality]]
[2024.04.02-07.18.46:278][  0]LogConfig: Setting CVar [[r.AnisotropicMaterials:1]]
[2024.04.02-07.18.46:278][  0]LogConfig: Setting CVar [[r.SSS.Scale:1]]
[2024.04.02-07.18.46:278][  0]LogConfig: Setting CVar [[r.SSS.SampleSet:2]]
[2024.04.02-07.18.46:278][  0]LogConfig: Setting CVar [[r.SSS.Quality:1]]
[2024.04.02-07.18.46:278][  0]LogConfig: Setting CVar [[r.SSS.HalfRes:0]]
[2024.04.02-07.18.46:278][  0]LogConfig: Setting CVar [[r.SSGI.Quality:3]]
[2024.04.02-07.18.46:278][  0]LogConfig: Setting CVar [[r.EmitterSpawnRateScale:1.0]]
[2024.04.02-07.18.46:278][  0]LogConfig: Setting CVar [[r.ParticleLightQuality:2]]
[2024.04.02-07.18.46:278][  0]LogConfig: Setting CVar [[r.SkyAtmosphere.AerialPerspectiveLUT.FastApplyOnOpaque:1 ; Always have FastSkyLUT 1 in this case to avoid wrong sky]]
[2024.04.02-07.18.46:278][  0]LogConfig: Setting CVar [[r.SkyAtmosphere.AerialPerspectiveLUT.SampleCountMaxPerSlice:4]]
[2024.04.02-07.18.46:279][  0]LogConfig: Setting CVar [[r.SkyAtmosphere.AerialPerspectiveLUT.DepthResolution:16.0]]
[2024.04.02-07.18.46:279][  0]LogConfig: Setting CVar [[r.SkyAtmosphere.FastSkyLUT:1]]
[2024.04.02-07.18.46:279][  0]LogConfig: Setting CVar [[r.SkyAtmosphere.FastSkyLUT.SampleCountMin:4.0]]
[2024.04.02-07.18.46:279][  0]LogConfig: Setting CVar [[r.SkyAtmosphere.FastSkyLUT.SampleCountMax:128.0]]
[2024.04.02-07.18.46:279][  0]LogConfig: Setting CVar [[r.SkyAtmosphere.SampleCountMin:4.0]]
[2024.04.02-07.18.46:279][  0]LogConfig: Setting CVar [[r.SkyAtmosphere.SampleCountMax:128.0]]
[2024.04.02-07.18.46:279][  0]LogConfig: Setting CVar [[r.SkyAtmosphere.TransmittanceLUT.UseSmallFormat:0]]
[2024.04.02-07.18.46:279][  0]LogConfig: Setting CVar [[r.SkyAtmosphere.TransmittanceLUT.SampleCount:10.0]]
[2024.04.02-07.18.46:279][  0]LogConfig: Setting CVar [[r.SkyAtmosphere.MultiScatteringLUT.SampleCount:15.0]]
[2024.04.02-07.18.46:279][  0]LogConfig: Setting CVar [[r.SkyLight.RealTimeReflectionCapture:1]]
[2024.04.02-07.18.46:279][  0]LogConfig: Applying CVar settings from Section [FoliageQuality@3] File [C:/Users/Sagi/Documents/GitHub/TwoDSSG/Saved/Config/Windows/Scalability.ini]
[2024.04.02-07.18.46:279][  0]LogConfig: Setting CVar [[foliage.DensityScale:1.0]]
[2024.04.02-07.18.46:279][  0]LogConfig: Setting CVar [[grass.DensityScale:1.0]]
[2024.04.02-07.18.46:279][  0]LogConfig: Applying CVar settings from Section [ShadingQuality@3] File [C:/Users/Sagi/Documents/GitHub/TwoDSSG/Saved/Config/Windows/Scalability.ini]
[2024.04.02-07.18.46:279][  0]LogConfig: Setting CVar [[r.HairStrands.SkyLighting.IntegrationType:2]]
[2024.04.02-07.18.46:280][  0]LogConfig: Setting CVar [[r.HairStrands.SkyAO.SampleCount:4]]
[2024.04.02-07.18.46:280][  0]LogConfig: Setting CVar [[r.HairStrands.Visibility.MSAA.SamplePerPixel:4]]
[2024.04.02-07.18.46:280][  0]LogInit: Selected Device Profile: [Windows]
[2024.04.02-07.18.46:281][  0]LogInit: Applying CVar settings loaded from the selected device profile: [Windows]
[2024.04.02-07.18.46:282][  0]LogHAL: Display: Platform has ~ 16 GB [16889167872 / 17179869184 / 16], which maps to Larger [LargestMinGB=32, LargerMinGB=12, DefaultMinGB=8, SmallerMinGB=6, SmallestMinGB=0)
[2024.04.02-07.18.46:282][  0]LogInit: Going up to parent DeviceProfile []
[2024.04.02-07.18.46:282][  0]LogConfig: Applying CVar settings from Section [ViewDistanceQuality@3] File [C:/Users/Sagi/Documents/GitHub/TwoDSSG/Saved/Config/Windows/Scalability.ini]
[2024.04.02-07.18.46:283][  0]LogConfig: Setting CVar [[r.SkeletalMeshLODBias:0]]
[2024.04.02-07.18.46:283][  0]LogConfig: Setting CVar [[r.ViewDistanceScale:1.0]]
[2024.04.02-07.18.46:283][  0]LogConfig: Applying CVar settings from Section [AntiAliasingQuality@3] File [C:/Users/Sagi/Documents/GitHub/TwoDSSG/Saved/Config/Windows/Scalability.ini]
[2024.04.02-07.18.46:283][  0]LogConfig: Setting CVar [[r.PostProcessAAQuality:4]]
[2024.04.02-07.18.46:283][  0]LogConfig: Applying CVar settings from Section [ShadowQuality@3] File [C:/Users/Sagi/Documents/GitHub/TwoDSSG/Saved/Config/Windows/Scalability.ini]
[2024.04.02-07.18.46:283][  0]LogConfig: Setting CVar [[r.LightFunctionQuality:1]]
[2024.04.02-07.18.46:283][  0]LogConfig: Setting CVar [[r.ShadowQuality:5]]
[2024.04.02-07.18.46:283][  0]LogConfig: Setting CVar [[r.Shadow.CSM.MaxCascades:10]]
[2024.04.02-07.18.46:284][  0]LogConfig: Setting CVar [[r.Shadow.MaxResolution:2048]]
[2024.04.02-07.18.46:284][  0]LogConfig: Setting CVar [[r.Shadow.MaxCSMResolution:2048]]
[2024.04.02-07.18.46:284][  0]LogConfig: Setting CVar [[r.Shadow.RadiusThreshold:0.01]]
[2024.04.02-07.18.46:284][  0]LogConfig: Setting CVar [[r.Shadow.DistanceScale:1.0]]
[2024.04.02-07.18.46:284][  0]LogConfig: Setting CVar [[r.Shadow.CSM.TransitionScale:1.0]]
[2024.04.02-07.18.46:284][  0]LogConfig: Setting CVar [[r.Shadow.PreShadowResolutionFactor:1.0]]
[2024.04.02-07.18.46:284][  0]LogConfig: Setting CVar [[r.DistanceFieldShadowing:1]]
[2024.04.02-07.18.46:284][  0]LogConfig: Setting CVar [[r.DistanceFieldAO:1]]
[2024.04.02-07.18.46:284][  0]LogConfig: Setting CVar [[r.AOQuality:2]]
[2024.04.02-07.18.46:284][  0]LogConfig: Setting CVar [[r.VolumetricFog:1]]
[2024.04.02-07.18.46:284][  0]LogConfig: Setting CVar [[r.VolumetricFog.GridPixelSize:8]]
[2024.04.02-07.18.46:284][  0]LogConfig: Setting CVar [[r.VolumetricFog.GridSizeZ:128]]
[2024.04.02-07.18.46:284][  0]LogConfig: Setting CVar [[r.VolumetricFog.HistoryMissSupersampleCount:4]]
[2024.04.02-07.18.46:284][  0]LogConfig: Setting CVar [[r.LightMaxDrawDistanceScale:1]]
[2024.04.02-07.18.46:285][  0]LogConfig: Setting CVar [[r.CapsuleShadows:1]]
[2024.04.02-07.18.46:285][  0]LogConfig: Applying CVar settings from Section [PostProcessQuality@3] File [C:/Users/Sagi/Documents/GitHub/TwoDSSG/Saved/Config/Windows/Scalability.ini]
[2024.04.02-07.18.46:285][  0]LogConfig: Setting CVar [[r.MotionBlurQuality:4]]
[2024.04.02-07.18.46:285][  0]LogConfig: Setting CVar [[r.AmbientOcclusionMipLevelFactor:0.4]]
[2024.04.02-07.18.46:285][  0]LogConfig: Setting CVar [[r.AmbientOcclusionMaxQuality:100]]
[2024.04.02-07.18.46:285][  0]LogConfig: Setting CVar [[r.AmbientOcclusionLevels:-1]]
[2024.04.02-07.18.46:285][  0]LogConfig: Setting CVar [[r.AmbientOcclusionRadiusScale:1.0]]
[2024.04.02-07.18.46:285][  0]LogConfig: Setting CVar [[r.DepthOfFieldQuality:2]]
[2024.04.02-07.18.46:285][  0]LogConfig: Setting CVar [[r.RenderTargetPoolMin:400]]
[2024.04.02-07.18.46:285][  0]LogConfig: Setting CVar [[r.LensFlareQuality:2]]
[2024.04.02-07.18.46:285][  0]LogConfig: Setting CVar [[r.SceneColorFringeQuality:1]]
[2024.04.02-07.18.46:285][  0]LogConfig: Setting CVar [[r.EyeAdaptationQuality:2]]
[2024.04.02-07.18.46:285][  0]LogConfig: Setting CVar [[r.BloomQuality:5]]
[2024.04.02-07.18.46:285][  0]LogConfig: Setting CVar [[r.FastBlurThreshold:100]]
[2024.04.02-07.18.46:285][  0]LogConfig: Setting CVar [[r.Upscale.Quality:3]]
[2024.04.02-07.18.46:285][  0]LogConfig: Setting CVar [[r.Tonemapper.GrainQuantization:1]]
[2024.04.02-07.18.46:285][  0]LogConfig: Setting CVar [[r.LightShaftQuality:1]]
[2024.04.02-07.18.46:286][  0]LogConfig: Setting CVar [[r.Filter.SizeScale:1]]
[2024.04.02-07.18.46:286][  0]LogConfig: Setting CVar [[r.Tonemapper.Quality:5]]
[2024.04.02-07.18.46:286][  0]LogConfig: Setting CVar [[r.DOF.Gather.AccumulatorQuality:1        ; higher gathering accumulator quality]]
[2024.04.02-07.18.46:286][  0]LogConfig: Setting CVar [[r.DOF.Gather.PostfilterMethod:1          ; Median3x3 postfilering method]]
[2024.04.02-07.18.46:286][  0]LogConfig: Setting CVar [[r.DOF.Gather.EnableBokehSettings:0       ; no bokeh simulation when gathering]]
[2024.04.02-07.18.46:286][  0]LogConfig: Setting CVar [[r.DOF.Gather.RingCount:4                 ; medium number of samples when gathering]]
[2024.04.02-07.18.46:286][  0]LogConfig: Setting CVar [[r.DOF.Scatter.ForegroundCompositing:1    ; additive foreground scattering]]
[2024.04.02-07.18.46:286][  0]LogConfig: Setting CVar [[r.DOF.Scatter.BackgroundCompositing:2    ; additive background scattering]]
[2024.04.02-07.18.46:286][  0]LogConfig: Setting CVar [[r.DOF.Scatter.EnableBokehSettings:1      ; bokeh simulation when scattering]]
[2024.04.02-07.18.46:286][  0]LogConfig: Setting CVar [[r.DOF.Scatter.MaxSpriteRatio:0.1         ; only a maximum of 10% of scattered bokeh]]
[2024.04.02-07.18.46:286][  0]LogConfig: Setting CVar [[r.DOF.Recombine.Quality:1                ; cheap slight out of focus]]
[2024.04.02-07.18.46:286][  0]LogConfig: Setting CVar [[r.DOF.Recombine.EnableBokehSettings:0    ; no bokeh simulation on slight out of focus]]
[2024.04.02-07.18.46:286][  0]LogConfig: Setting CVar [[r.DOF.TemporalAAQuality:1                ; more stable temporal accumulation]]
[2024.04.02-07.18.46:286][  0]LogConfig: Setting CVar [[r.DOF.Kernel.MaxForegroundRadius:0.025]]
[2024.04.02-07.18.46:286][  0]LogConfig: Setting CVar [[r.DOF.Kernel.MaxBackgroundRadius:0.025]]
[2024.04.02-07.18.46:286][  0]LogConfig: Applying CVar settings from Section [TextureQuality@3] File [C:/Users/Sagi/Documents/GitHub/TwoDSSG/Saved/Config/Windows/Scalability.ini]
[2024.04.02-07.18.46:287][  0]LogConfig: Setting CVar [[r.Streaming.MipBias:0]]
[2024.04.02-07.18.46:287][  0]LogConfig: Setting CVar [[r.Streaming.AmortizeCPUToGPUCopy:0]]
[2024.04.02-07.18.46:287][  0]LogConfig: Setting CVar [[r.Streaming.MaxNumTexturesToStreamPerFrame:0]]
[2024.04.02-07.18.46:287][  0]LogConfig: Setting CVar [[r.Streaming.Boost:1]]
[2024.04.02-07.18.46:287][  0]LogConfig: Setting CVar [[r.MaxAnisotropy:8]]
[2024.04.02-07.18.46:287][  0]LogConfig: Setting CVar [[r.VT.MaxAnisotropy:8]]
[2024.04.02-07.18.46:287][  0]LogConfig: Setting CVar [[r.Streaming.LimitPoolSizeToVRAM:0]]
[2024.04.02-07.18.46:287][  0]LogConfig: Setting CVar [[r.Streaming.PoolSize:1000]]
[2024.04.02-07.18.46:287][  0]LogConfig: Setting CVar [[r.Streaming.MaxEffectiveScreenSize:0]]
[2024.04.02-07.18.46:287][  0]LogConfig: Applying CVar settings from Section [EffectsQuality@3] File [C:/Users/Sagi/Documents/GitHub/TwoDSSG/Saved/Config/Windows/Scalability.ini]
[2024.04.02-07.18.46:287][  0]LogConfig: Setting CVar [[r.TranslucencyLightingVolumeDim:64]]
[2024.04.02-07.18.46:287][  0]LogConfig: Setting CVar [[r.RefractionQuality:2]]
[2024.04.02-07.18.46:287][  0]LogConfig: Setting CVar [[r.SSR.Quality:3]]
[2024.04.02-07.18.46:287][  0]LogConfig: Setting CVar [[r.SSR.HalfResSceneColor:0]]
[2024.04.02-07.18.46:287][  0]LogConfig: Setting CVar [[r.SceneColorFormat:4]]
[2024.04.02-07.18.46:288][  0]LogConfig: Setting CVar [[r.DetailMode:2]]
[2024.04.02-07.18.46:288][  0]LogConfig: Setting CVar [[r.TranslucencyVolumeBlur:1]]
[2024.04.02-07.18.46:288][  0]LogConfig: Setting CVar [[r.MaterialQualityLevel:1 ; High quality]]
[2024.04.02-07.18.46:288][  0]LogConfig: Setting CVar [[r.AnisotropicMaterials:1]]
[2024.04.02-07.18.46:288][  0]LogConfig: Setting CVar [[r.SSS.Scale:1]]
[2024.04.02-07.18.46:288][  0]LogConfig: Setting CVar [[r.SSS.SampleSet:2]]
[2024.04.02-07.18.46:288][  0]LogConfig: Setting CVar [[r.SSS.Quality:1]]
[2024.04.02-07.18.46:288][  0]LogConfig: Setting CVar [[r.SSS.HalfRes:0]]
[2024.04.02-07.18.46:288][  0]LogConfig: Setting CVar [[r.SSGI.Quality:3]]
[2024.04.02-07.18.46:288][  0]LogConfig: Setting CVar [[r.EmitterSpawnRateScale:1.0]]
[2024.04.02-07.18.46:288][  0]LogConfig: Setting CVar [[r.ParticleLightQuality:2]]
[2024.04.02-07.18.46:288][  0]LogConfig: Setting CVar [[r.SkyAtmosphere.AerialPerspectiveLUT.FastApplyOnOpaque:1 ; Always have FastSkyLUT 1 in this case to avoid wrong sky]]
[2024.04.02-07.18.46:289][  0]LogConfig: Setting CVar [[r.SkyAtmosphere.AerialPerspectiveLUT.SampleCountMaxPerSlice:4]]
[2024.04.02-07.18.46:289][  0]LogConfig: Setting CVar [[r.SkyAtmosphere.AerialPerspectiveLUT.DepthResolution:16.0]]
[2024.04.02-07.18.46:289][  0]LogConfig: Setting CVar [[r.SkyAtmosphere.FastSkyLUT:1]]
[2024.04.02-07.18.46:289][  0]LogConfig: Setting CVar [[r.SkyAtmosphere.FastSkyLUT.SampleCountMin:4.0]]
[2024.04.02-07.18.46:289][  0]LogConfig: Setting CVar [[r.SkyAtmosphere.FastSkyLUT.SampleCountMax:128.0]]
[2024.04.02-07.18.46:289][  0]LogConfig: Setting CVar [[r.SkyAtmosphere.SampleCountMin:4.0]]
[2024.04.02-07.18.46:289][  0]LogConfig: Setting CVar [[r.SkyAtmosphere.SampleCountMax:128.0]]
[2024.04.02-07.18.46:289][  0]LogConfig: Setting CVar [[r.SkyAtmosphere.TransmittanceLUT.UseSmallFormat:0]]
[2024.04.02-07.18.46:289][  0]LogConfig: Setting CVar [[r.SkyAtmosphere.TransmittanceLUT.SampleCount:10.0]]
[2024.04.02-07.18.46:289][  0]LogConfig: Setting CVar [[r.SkyAtmosphere.MultiScatteringLUT.SampleCount:15.0]]
[2024.04.02-07.18.46:289][  0]LogConfig: Setting CVar [[r.SkyLight.RealTimeReflectionCapture:1]]
[2024.04.02-07.18.46:289][  0]LogConfig: Applying CVar settings from Section [FoliageQuality@3] File [C:/Users/Sagi/Documents/GitHub/TwoDSSG/Saved/Config/Windows/Scalability.ini]
[2024.04.02-07.18.46:289][  0]LogConfig: Setting CVar [[foliage.DensityScale:1.0]]
[2024.04.02-07.18.46:289][  0]LogConfig: Setting CVar [[grass.DensityScale:1.0]]
[2024.04.02-07.18.46:289][  0]LogConfig: Applying CVar settings from Section [ShadingQuality@3] File [C:/Users/Sagi/Documents/GitHub/TwoDSSG/Saved/Config/Windows/Scalability.ini]
[2024.04.02-07.18.46:289][  0]LogConfig: Setting CVar [[r.HairStrands.SkyLighting.IntegrationType:2]]
[2024.04.02-07.18.46:290][  0]LogConfig: Setting CVar [[r.HairStrands.SkyAO.SampleCount:4]]
[2024.04.02-07.18.46:290][  0]LogConfig: Setting CVar [[r.HairStrands.Visibility.MSAA.SamplePerPixel:4]]
[2024.04.02-07.18.46:290][  0]LogConfig: Applying CVar settings from Section [Startup] File [../../../Engine/Config/ConsoleVariables.ini]
[2024.04.02-07.18.46:298][  0]LogConfig: Setting CVar [[net.UseAdaptiveNetUpdateFrequency:0]]
[2024.04.02-07.18.46:298][  0]LogConfig: Setting CVar [[p.chaos.AllowCreatePhysxBodies:1]]
[2024.04.02-07.18.46:298][  0]LogConfig: Setting CVar [[fx.SkipVectorVMBackendOptimizations:1]]
[2024.04.02-07.18.46:298][  0]LogConfig: Applying CVar settings from Section [ConsoleVariables] File [C:/Users/Sagi/Documents/GitHub/TwoDSSG/Saved/Config/Windows/Engine.ini]
[2024.04.02-07.18.46:298][  0]LogConfig: Applying CVar settings from Section [ConsoleVariables] File [C:/Users/Sagi/Documents/GitHub/TwoDSSG/Saved/Config/Windows/Editor.ini]
[2024.04.02-07.18.46:301][  0]LogInit: Computer: DESKTOP-0DE7MJN
[2024.04.02-07.18.46:301][  0]LogInit: User: Sagi
[2024.04.02-07.18.46:301][  0]LogInit: CPU Page size=4096, Cores=8
[2024.04.02-07.18.46:301][  0]LogInit: High frequency timer resolution =10.000000 MHz
[2024.04.02-07.18.46:301][  0]LogMemory: Memory total: Physical=15.7GB (16GB approx)
[2024.04.02-07.18.46:301][  0]LogMemory: Platform Memory Stats for Windows
[2024.04.02-07.18.46:301][  0]LogMemory: Process Physical Memory: 136.40 MB used, 136.40 MB peak
[2024.04.02-07.18.46:302][  0]LogMemory: Process Virtual Memory: 118.81 MB used, 118.81 MB peak
[2024.04.02-07.18.46:302][  0]LogMemory: Physical Memory: 12649.96 MB used,  3456.81 MB free, 16106.77 MB total
[2024.04.02-07.18.46:302][  0]LogMemory: Virtual Memory: 134208088.00 MB used,  9635.91 MB free, 134217728.00 MB total
[2024.04.02-07.18.46:309][  0]LogWindows: WindowsPlatformFeatures enabled
[2024.04.02-07.18.46:885][  0]LogInit: Physics initialised using underlying interface: PhysX
[2024.04.02-07.18.46:889][  0]LogInit: Using OS detected language (en-US).
[2024.04.02-07.18.46:889][  0]LogInit: Using OS detected locale (en-US).
[2024.04.02-07.18.46:914][  0]LogTextLocalizationManager: No specific localization for 'en-US' exists, so the 'en' localization will be used.
[2024.04.02-07.18.47:233][  0]LogInit: Setting process to per monitor DPI aware
[2024.04.02-07.18.47:270][  0]LogWindowsTextInputMethodSystem: Display: IME system deactivated.
[2024.04.02-07.18.47:345][  0]LogSlate: New Slate User Created.  User Index 0, Is Virtual User: 0
[2024.04.02-07.18.47:345][  0]LogSlate: Slate User Registered.  User Index 0, Is Virtual User: 0
[2024.04.02-07.18.49:785][  0]LogD3D11RHI: Loaded GFSDK_Aftermath_Lib.x64.dll
[2024.04.02-07.18.49:830][  0]LogHMD: Failed to initialize OpenVR with code 110
[2024.04.02-07.18.49:830][  0]LogD3D11RHI: D3D11 min allowed feature level: 11_0
[2024.04.02-07.18.49:830][  0]LogD3D11RHI: D3D11 max allowed feature level: 11_0
[2024.04.02-07.18.49:830][  0]LogD3D11RHI: D3D11 adapters:
[2024.04.02-07.18.51:247][  0]LogD3D11RHI:    0. 'NVIDIA GeForce RTX 3050 Laptop GPU' (Feature Level 11_0)
[2024.04.02-07.18.51:247][  0]LogD3D11RHI:       3964/0/8053 MB DedicatedVideo/DedicatedSystem/SharedSystem, Outputs:1, VendorId:0x10de
[2024.04.02-07.18.51:311][  0]LogD3D11RHI:    1. 'Intel(R) UHD Graphics' (Feature Level 11_0)
[2024.04.02-07.18.51:311][  0]LogD3D11RHI:       128/0/8053 MB DedicatedVideo/DedicatedSystem/SharedSystem, Outputs:0, VendorId:0x8086
[2024.04.02-07.18.51:319][  0]LogD3D11RHI:    2. 'Microsoft Basic Render Driver' (Feature Level 11_0)
[2024.04.02-07.18.51:319][  0]LogD3D11RHI:       0/0/8053 MB DedicatedVideo/DedicatedSystem/SharedSystem, Outputs:0, VendorId:0x1414
[2024.04.02-07.18.51:321][  0]LogD3D11RHI: Chosen D3D11 Adapter:
[2024.04.02-07.18.51:321][  0]LogD3D11RHI:     Description : NVIDIA GeForce RTX 3050 Laptop GPU
[2024.04.02-07.18.51:321][  0]LogD3D11RHI:     VendorId    : 10de
[2024.04.02-07.18.51:321][  0]LogD3D11RHI:     DeviceId    : 25a2
[2024.04.02-07.18.51:321][  0]LogD3D11RHI:     SubSysId    : 144c1043
[2024.04.02-07.18.51:321][  0]LogD3D11RHI:     Revision    : 00a1
[2024.04.02-07.18.51:321][  0]LogD3D11RHI:     DedicatedVideoMemory : 4156555264 bytes
[2024.04.02-07.18.51:321][  0]LogD3D11RHI:     DedicatedSystemMemory : 0 bytes
[2024.04.02-07.18.51:321][  0]LogD3D11RHI:     SharedSystemMemory : 8444583936 bytes
[2024.04.02-07.18.51:321][  0]LogD3D11RHI:     AdapterLuid : 0 62572
[2024.04.02-07.18.51:331][  0]LogD3D11RHI: Creating new Direct3DDevice
[2024.04.02-07.18.51:331][  0]LogD3D11RHI:     GPU DeviceId: 0x25a2 (for the marketing name, search the web for "GPU Device Id")
[2024.04.02-07.18.51:332][  0]LogWindows: EnumDisplayDevices:
[2024.04.02-07.18.51:332][  0]LogWindows:    0. 'Intel(R) UHD Graphics' (P:1 D:1)
[2024.04.02-07.18.51:332][  0]LogWindows:    1. 'Intel(R) UHD Graphics' (P:0 D:0)
[2024.04.02-07.18.51:333][  0]LogWindows:    2. 'Intel(R) UHD Graphics' (P:0 D:0)
[2024.04.02-07.18.51:333][  0]LogWindows:    3. 'Intel(R) UHD Graphics' (P:0 D:0)
[2024.04.02-07.18.51:333][  0]LogWindows:    4. 'NVIDIA GeForce RTX 3050 Laptop GPU' (P:0 D:0)
[2024.04.02-07.18.51:333][  0]LogWindows:    5. 'NVIDIA GeForce RTX 3050 Laptop GPU' (P:0 D:0)
[2024.04.02-07.18.51:334][  0]LogWindows:    6. 'NVIDIA GeForce RTX 3050 Laptop GPU' (P:0 D:0)
[2024.04.02-07.18.51:334][  0]LogWindows:    7. 'NVIDIA GeForce RTX 3050 Laptop GPU' (P:0 D:0)
[2024.04.02-07.18.51:334][  0]LogWindows: DebugString: PrimaryIsNotTheChoosenAdapter PrimaryIsNotTheChoosenAdapter PrimaryIsNotTheChoosenAdapter PrimaryIsNotTheChoosenAdapter FoundDriverCount:4 
[2024.04.02-07.18.51:334][  0]LogD3D11RHI:     Adapter Name: NVIDIA GeForce RTX 3050 Laptop GPU
[2024.04.02-07.18.51:335][  0]LogD3D11RHI:   Driver Version: 551.61 (internal:31.0.15.5161, unified:551.61)
[2024.04.02-07.18.51:335][  0]LogD3D11RHI:      Driver Date: 2-15-2024
[2024.04.02-07.18.51:335][  0]LogRHI: Texture pool is 2774 MB (70% of 3964 MB)
[2024.04.02-07.18.51:335][  0]LogD3D11RHI: Creating D3DDevice using adapter:
[2024.04.02-07.18.51:335][  0]LogD3D11RHI:     Description : NVIDIA GeForce RTX 3050 Laptop GPU
[2024.04.02-07.18.51:336][  0]LogD3D11RHI:     VendorId    : 10de
[2024.04.02-07.18.51:336][  0]LogD3D11RHI:     DeviceId    : 25a2
[2024.04.02-07.18.51:336][  0]LogD3D11RHI:     SubSysId    : 144c1043
[2024.04.02-07.18.51:336][  0]LogD3D11RHI:     Revision    : 00a1
[2024.04.02-07.18.51:336][  0]LogD3D11RHI:     DedicatedVideoMemory : 4156555264 bytes
[2024.04.02-07.18.51:336][  0]LogD3D11RHI:     DedicatedSystemMemory : 0 bytes
[2024.04.02-07.18.51:336][  0]LogD3D11RHI:     SharedSystemMemory : 8444583936 bytes
[2024.04.02-07.18.51:336][  0]LogD3D11RHI:     AdapterLuid : 0 62572
[2024.04.02-07.18.51:433][  0]LogD3D11RHI: RHI has support for 64 bit atomics
[2024.04.02-07.18.51:434][  0]LogD3D11RHI: Async texture creation enabled
[2024.04.02-07.18.51:435][  0]LogD3D11RHI: Array index from any shader is supported
[2024.04.02-07.18.51:498][  0]LogD3D11RHI: GPU Timing Frequency: 1000.000000 (Debug: 2 1)
[2024.04.02-07.18.51:532][  0]LogRHI: GeForceNow SDK initialized: 1
[2024.04.02-07.18.51:798][  0]LogTargetPlatformManager: Display: Loaded TargetPlatform 'AllDesktop'
[2024.04.02-07.18.51:850][  0]LogTargetPlatformManager: Display: Loaded TargetPlatform 'Android'
[2024.04.02-07.18.51:850][  0]LogTargetPlatformManager: Display: Loaded TargetPlatform 'Android_ASTC'
[2024.04.02-07.18.51:851][  0]LogTargetPlatformManager: Display: Loaded TargetPlatform 'Android_DXT'
[2024.04.02-07.18.51:851][  0]LogTargetPlatformManager: Display: Loaded TargetPlatform 'Android_ETC2'
[2024.04.02-07.18.51:851][  0]LogTargetPlatformManager: Display: Loaded TargetPlatform 'AndroidClient'
[2024.04.02-07.18.51:851][  0]LogTargetPlatformManager: Display: Loaded TargetPlatform 'Android_ASTCClient'
[2024.04.02-07.18.51:851][  0]LogTargetPlatformManager: Display: Loaded TargetPlatform 'Android_DXTClient'
[2024.04.02-07.18.51:852][  0]LogTargetPlatformManager: Display: Loaded TargetPlatform 'Android_ETC2Client'
[2024.04.02-07.18.51:852][  0]LogTargetPlatformManager: Display: Loaded TargetPlatform 'Android_Multi'
[2024.04.02-07.18.51:852][  0]LogTargetPlatformManager: Display: Loaded TargetPlatform 'Android_MultiClient'
[2024.04.02-07.18.51:956][  0]LogTargetPlatformManager: Display: Loaded TargetPlatform 'IOSClient'
[2024.04.02-07.18.51:956][  0]LogTargetPlatformManager: Display: Loaded TargetPlatform 'IOS'
[2024.04.02-07.18.52:015][  0]LogTargetPlatformManager: Display: Loaded TargetPlatform 'Lumin'
[2024.04.02-07.18.52:015][  0]LogTargetPlatformManager: Display: Loaded TargetPlatform 'LuminClient'
[2024.04.02-07.18.52:057][  0]LogTargetPlatformManager: Display: Loaded TargetPlatform 'MacNoEditor'
[2024.04.02-07.18.52:087][  0]LogTargetPlatformManager: Display: Loaded TargetPlatform 'Mac'
[2024.04.02-07.18.52:117][  0]LogTargetPlatformManager: Display: Loaded TargetPlatform 'MacClient'
[2024.04.02-07.18.52:145][  0]LogTargetPlatformManager: Display: Loaded TargetPlatform 'MacServer'
[2024.04.02-07.18.52:182][  0]LogTargetPlatformManager: Display: Loaded TargetPlatform 'TVOSClient'
[2024.04.02-07.18.52:182][  0]LogTargetPlatformManager: Display: Loaded TargetPlatform 'TVOS'
[2024.04.02-07.18.52:214][  0]LogTargetPlatformManager: Display: Loaded TargetPlatform 'WindowsNoEditor'
[2024.04.02-07.18.52:247][  0]LogTargetPlatformManager: Display: Loaded TargetPlatform 'Windows'
[2024.04.02-07.18.52:277][  0]LogTargetPlatformManager: Display: Loaded TargetPlatform 'WindowsClient'
[2024.04.02-07.18.52:306][  0]LogTargetPlatformManager: Display: Loaded TargetPlatform 'WindowsServer'
[2024.04.02-07.18.52:306][  0]LogTargetPlatformManager: Display: Building Assets For Windows
[2024.04.02-07.18.52:406][  0]LogAudioDebug: Display: Lib vorbis DLL was dynamically loaded.
[2024.04.02-07.18.52:775][  0]LogTextureFormatOodle: Display: Oodle Texture 2.9.0 init RDO Off
[2024.04.02-07.18.53:118][  0]LogRendererCore: Ray tracing is disabled. Reason: r.RayTracing=0.
[2024.04.02-07.18.53:119][  0]LogShaderCompilers: Guid format shader working directory is -3 characters bigger than the processId version (../../../../Users/Sagi/Documents/GitHub/TwoDSSG/Intermediate/Shaders/WorkingDirectory/23844/).
[2024.04.02-07.18.53:119][  0]LogShaderCompilers: Cleaned the shader compiler working directory 'C:/Users/Sagi/AppData/Local/Temp/UnrealShaderWorkingDir/2414B09A42D8354BDF36E0BD8F0CEEC5/'.
[2024.04.02-07.18.53:120][  0]LogXGEController: Cannot use XGE Controller as Incredibuild is not installed on this machine.
[2024.04.02-07.18.53:120][  0]LogShaderCompilers: Cannot use XGE Shader Compiler as Incredibuild is not installed on this machine.
[2024.04.02-07.18.53:120][  0]LogShaderCompilers: Display: Using Local Shader Compiler.
[2024.04.02-07.18.56:228][  0]LogDerivedDataCache: Display: Max Cache Size: 512 MB
[2024.04.02-07.18.56:352][  0]LogDerivedDataCache: Loaded boot cache 0.12s 94MB ../../../../Users/Sagi/Documents/GitHub/TwoDSSG/DerivedDataCache/Boot.ddc.
[2024.04.02-07.18.56:353][  0]LogDerivedDataCache: Display: Loaded Boot cache: ../../../../Users/Sagi/Documents/GitHub/TwoDSSG/DerivedDataCache/Boot.ddc
[2024.04.02-07.18.56:353][  0]LogDerivedDataCache: FDerivedDataBackendGraph:  Pak pak cache file ../../../../Users/Sagi/Documents/GitHub/TwoDSSG/DerivedDataCache/DDC.ddp not found, will not use a pak cache.
[2024.04.02-07.18.56:353][  0]LogDerivedDataCache: Unable to find inner node Pak for hierarchical cache Hierarchy.
[2024.04.02-07.18.56:354][  0]LogDerivedDataCache: FDerivedDataBackendGraph:  EnginePak pak cache file ../../../Engine/DerivedDataCache/DDC.ddp not found, will not use a pak cache.
[2024.04.02-07.18.56:354][  0]LogDerivedDataCache: Unable to find inner node EnginePak for hierarchical cache Hierarchy.
[2024.04.02-07.18.56:467][  0]LogDerivedDataCache: Speed tests for ../../../Engine/DerivedDataCache took 0.11 seconds
[2024.04.02-07.18.56:467][  0]LogDerivedDataCache: Display: Performance to ../../../Engine/DerivedDataCache: Latency=0.12ms. RandomReadSpeed=8.84MBs, RandomWriteSpeed=154.51MBs. Assigned SpeedClass 'Local'
[2024.04.02-07.18.56:469][  0]LogDerivedDataCache: Using Local data cache path ../../../Engine/DerivedDataCache: Writable
[2024.04.02-07.18.56:470][  0]LogDerivedDataCache: Shared data cache path not found in *engine.ini, will not use an Shared cache.
[2024.04.02-07.18.56:470][  0]LogDerivedDataCache: Unable to find inner node Shared for hierarchical cache Hierarchy.
[2024.04.02-07.18.56:537][  0]LogSlate: Using FreeType 2.10.0
[2024.04.02-07.18.56:559][  0]LogSlate: SlateFontServices - WITH_FREETYPE: 1, WITH_HARFBUZZ: 1
[2024.04.02-07.18.56:608][  0]LogAssetRegistry: FAssetRegistry took 0.0087 seconds to start up
[2024.04.02-07.18.57:106][  0]LogInit: Selected Device Profile: [Windows]
[2024.04.02-07.18.57:107][  0]LogInit: Active device profile: [0000014516D89B00][000001451277AFC0 49] Windows
[2024.04.02-07.18.57:107][  0]LogInit: Profiles: [0000014516D89B00][000001451277AFC0 49] Windows, [0000014516D47200][000001451469D140 49] WindowsNoEditor, [0000014516D8B900][000001451264B2C0 49] WindowsServer, [0000014516D44A00][000001451264F440 49] WindowsClient, [0000014516D88B00][00000145126535C0 49] IOS, [0000014516D46A00][0000014512657740 49] iPadAir, [0000014516D8B300][00000145177D38C0 49] iPadAir2, [0000014516CFD300][00000145177DBB80 49] IPadPro, [0000014516CFD400][00000145177D7BC0 49] iPadAir3, [0000014516D45B00][0000014514698180 49] iPadAir4, [0000014516CFFA00][00000145177DE2C0 49] iPadMini2, [0000014516D46500][00000145177E2400 49] iPadMini3, [0000014516CFFF00][00000145177E6540 49] iPadMini4, [0000014516D44900][00000145177EE6C0 49] iPadMini5, [0000014516D31000][00000145177F6980 49] iPhone6, [0000014516D31100][00000145177F29C0 49] iPodTouch6, [0000014516D8B400][00000145177FEC80 49] iPhone7, [0000014516D88500][00000145177FACC0 49] iPodTouch7, [0000014516D30100][0000014517802E40 49] iPhone5S, [0000014516CFC700][0000014517806FC0 49] iPhone6Plus, [0000014516D32F00][000001451780B140 49] iPhone6S, [0000014516CFDA00][000001451780F2C0 49] iPhone6SPlus, [0000014516D30A00][0000014517813440 49] iPhone7Plus, [0000014516CFFE00][00000145178175C0 49] iPhoneSE, [0000014516D88200][000001451781B740 49] iPhone8, [0000014516CFC600][000001451781F8C0 49] iPhone8Plus, [0000014516D8A300][0000014517823A40 49] iPhoneX, [0000014516CFFC00][0000014517827BC0 49] iPhoneXS, [0000014516D8BE00][000001451782A1C0 49] iPhoneXSMax, [0000014516CFF400][000001451782E340 49] iPhoneXR, [0000014516D8AE00][00000145177EA480 49] iPhone11, [0000014516CFE500][00000145178325C0 49] iPhone11Pro, [0000014516D8AC00][0000014517836700 49] iPhone11ProMax, [0000014516CFFB00][000001451783E880 49] iPhoneSE2, [0000014516D88E00][0000014517842A00 49] iPhone12Mini, [0000014516CFE600][0000014517846B80 49] iPhone12, [0000014516D89800][000001451784AD00 49] iPhone12Pro, [0000014516CFDB00][000001451784EE80 49] iPhone12ProMax, [0000014516D89000][0000014517853000 49] iPadPro105, [0000014516CFDE00][0000014517857180 49] iPadPro129, [0000014516D88400][000001451785B300 49] iPadPro97, [0000014516CFCF00][000001451785F480 49] iPadPro2_129, [0000014516D88F00][0000014517863600 49] iPad5, [0000014516CFF800][0000014517867780 49] iPad6, [0000014516D8BF00][000001451786B900 49] iPad7, [0000014516CFEF00][000001451786FA80 49] iPad8, [0000014516D89900][0000014517873C00 49] iPadPro11, [0000014516CFDC00][0000014517876200 49] iPadPro2_11, [0000014516D8BD00][000001451787A380 49] iPadPro3_129, [0000014516CFF300][000001451787E500 49] iPadPro4_129, [0000014516D88300][000001451783A640 49] AppleTV, [0000014516CFEA00][0000014517882780 49] AppleTV4K, [0000014516D8B100][00000145178868C0 49] TVOS, [0000014516CFF000][000001451788EA40 49] Mac, [0000014516D88700][0000014517892BC0 49] MacClient, [0000014516CFF600][0000014517896D40 49] MacNoEditor, [0000014516D89400][000001451789AEC0 49] MacServer, [0000014516CFE700][000001451789F040 49] Linux, [0000014516D8B800][00000145178A31C0 49] LinuxAArch64, [0000014516CFC200][00000145178A7340 49] LinuxNoEditor, [0000014516D89C00][00000145178AB4C0 49] LinuxAArch64NoEditor, [0000014516CFE200][00000145178AF640 49] LinuxClient, [0000014516D8B500][00000145178B37C0 49] LinuxAArch64Client, [0000014516CFD600][00000145178B7940 49] LinuxServer, [0000014516D89300][00000145178BBAC0 49] LinuxAArch64Server, [0000014516CFC100][00000145178BE0C0 49] Android, [0000014516D88800][00000145178C2240 49] Android_Low, [0000014516CFCE00][00000145178C63C0 49] Android_Mid, [0000014516D8B200][00000145178CA540 49] Android_High, [0000014516CFFD00][00000145178CE6C0 49] Android_Default, [0000014516D8A100][000001451788A800 49] Android_Adreno4xx, [0000014516DD4400][00000145178D2940 49] Android_Adreno5xx_Low, [0000014516D8A400][00000145178D6A80 49] Android_Adreno5xx, [0000014516D45800][00000145178DABC0 49] Android_Adreno6xx, [0000014516D32E00][00000145178E2D40 49] Android_Adreno6xx_Vulkan, [0000014516D46000][00000145178E6EC0 49] Android_Mali_T6xx, [0000014516D31A00][00000145178EB040 49] Android_Mali_T7xx, [0000014516D47300][00000145178EF1C0 49] Android_Mali_T8xx, [0000014516D32C00][00000145178F3340 49] Android_Mali_G71, [0000014516D45000][00000145178F74C0 49] Android_Mali_G72, [0000014516D33900][00000145178FB640 49] Android_Mali_G72_Vulkan, [0000014516D47F00][00000145178FF7C0 49] Android_Mali_G76, [0000014516D32A00][0000014517903940 49] Android_Mali_G76_Vulkan, [0000014516D46C00][0000014517907AC0 49] Android_Mali_G77, [0000014516D31700][000001451790A0C0 49] Android_Mali_G77_Vulkan, [0000014516D47100][000001451790E240 49] Android_Mali_G78, [0000014516D32000][00000145179123C0 49] Android_Mali_G78_Vulkan, [0000014516D44C00][0000014517916540 49] Android_Mali_G710, [0000014516D32500][00000145179786C0 49] Android_Mali_G710_Vulkan, [0000014516D44F00][000001451797C840 49] Android_Vulkan_SM5, [0000014516D33B00][00000145178DE980 49] Android_PowerVR_G6xxx, [0000014516D44E00][0000014517980AC0 49] Android_PowerVR_GT7xxx, [0000014516D33C00][0000014517984C00 49] Android_PowerVR_GE8xxx, [0000014516D46900][0000014517988D40 49] Android_PowerVR_GM9xxx, [0000014516D31F00][0000014517990EC0 49] Android_PowerVR_GM9xxx_Vulkan, [0000014516D44400][0000014517995040 49] Android_TegraK1, [0000014516D33000][00000145179991C0 49] Android_Unknown_Vulkan, [0000014516D45600][000001451799D340 49] Lumin, [0000014516D32200][00000145179A14C0 49] Lumin_Desktop, [0000014516D45200][00000145179A5640 49] HoloLens, 
[2024.04.02-07.18.57:636][  0]LogMeshReduction: Using QuadricMeshReduction for automatic static mesh reduction
[2024.04.02-07.18.57:636][  0]LogMeshReduction: Using SimplygonMeshReduction for automatic skeletal mesh reduction
[2024.04.02-07.18.57:636][  0]LogMeshReduction: Using ProxyLODMeshReduction for automatic mesh merging
[2024.04.02-07.18.57:637][  0]LogMeshReduction: No distributed automatic mesh merging module available
[2024.04.02-07.18.57:637][  0]LogMeshMerging: No distributed automatic mesh merging module available
[2024.04.02-07.18.57:747][  0]LogNetVersion: TwoDSSG 1.0.0, NetCL: 0, EngineNetVer: 17, GameNetVer: 0 (Checksum: 2164445238)
[2024.04.02-07.18.58:909][  0]LogTexture: Default maximum texture size for cubemaps generated from long-lat sources has been changed from 512 to unlimited. In order to preserve old behaiour for '/Engine/MapTemplates/Sky/DaylightAmbientCubemap.DaylightAmbientCubemap', its maximum texture size has been explicitly set to 512.
[2024.04.02-07.18.59:065][  0]LogHMD: PokeAHoleMaterial loaded successfully
[2024.04.02-07.18.59:074][  0]LogUObjectArray: 17164 objects as part of root set at end of initial load.
[2024.04.02-07.18.59:075][  0]LogUObjectAllocator: 4298528 out of 0 bytes used by permanent object pool.
[2024.04.02-07.18.59:075][  0]LogUObjectArray: CloseDisregardForGC: 0/0 objects in disregard for GC pool
[2024.04.02-07.19.01:191][  0]LogNiagaraDebuggerClient: Niagara Debugger Client Initialized | Session: 6A4025744E4DE3DEE46E4F8278AAA78D | Instance: D0C76E9347A81EE38B479FA4AB3F4AD9 (DESKTOP-0DE7MJN-23844).
[2024.04.02-07.19.01:501][  0]LogPython: Using Python 3.7.7
[2024.04.02-07.19.02:314][  0]LogUdpMessaging: Initializing bridge on interface 0.0.0.0:0 to multicast group 230.0.0.1:6666.
[2024.04.02-07.19.02:356][  0]LogTcpMessaging: Initializing TcpMessaging bridge
[2024.04.02-07.19.03:438][  0]LogAWSCore: [FAWSCoreModule::::StartupModule] Starting AWSCore Module...
[2024.04.02-07.19.03:438][  0]LogAWSCore: [FAWSCoreModule::::StartupModule] Base directory is ../../../../Users/Sagi/Documents/GitHub/TwoDSSG/Plugins/CognitoDynamoDBGameLiftLambdaBlueprintPlugin
[2024.04.02-07.19.03:438][  0]LogAWSCore: [FAWSCoreModule::::StartupModule] ThirdParty directory is ../../../../Users/Sagi/Documents/GitHub/TwoDSSG/Plugins/CognitoDynamoDBGameLiftLambdaBlueprintPlugin/Source/ThirdParty/AWSCoreLibrary/Win64
[2024.04.02-07.19.03:535][  0]LogAWSCore: [FAWSCoreModule::::LoadDependency] Dependency aws-cpp-sdk-core.dll successfully loaded from directory ../../../../Users/Sagi/Documents/GitHub/TwoDSSG/Plugins/CognitoDynamoDBGameLiftLambdaBlueprintPlugin/Source/ThirdParty/AWSCoreLibrary/Win64
[2024.04.02-07.19.03:536][  0]LogAWSCore: [UnrealLogSystem::::LogStream] Aws_Init_Cleanup [16520] Initiate AWS SDK for C++ with Version:1.9.14

[2024.04.02-07.19.03:536][  0]LogAWSCore: VeryVerbose: [UnrealLogSystem::::LogStream] FileSystem [16520] Checking USERPROFILE for the home directory.

[2024.04.02-07.19.03:536][  0]LogAWSCore: Verbose: [UnrealLogSystem::::LogStream] FileSystem [16520] Environment value for variable USERPROFILE is C:\Users\Sagi

[2024.04.02-07.19.03:536][  0]LogAWSCore: [UnrealLogSystem::::LogStream] Aws::Config::AWSConfigFileProfileConfigLoader [16520] Initializing config loader against fileName C:\Users\Sagi\.aws\credentials and using profilePrefix = 0

[2024.04.02-07.19.03:537][  0]LogAWSCore: VeryVerbose: [UnrealLogSystem::::LogStream] FileSystem [16520] Checking USERPROFILE for the home directory.

[2024.04.02-07.19.03:537][  0]LogAWSCore: Verbose: [UnrealLogSystem::::LogStream] FileSystem [16520] Environment value for variable USERPROFILE is C:\Users\Sagi

[2024.04.02-07.19.03:537][  0]LogAWSCore: [UnrealLogSystem::::LogStream] Aws::Config::AWSConfigFileProfileConfigLoader [16520] Initializing config loader against fileName C:\Users\Sagi\.aws\config and using profilePrefix = 1

[2024.04.02-07.19.03:537][  0]LogAWSCore: VeryVerbose: [UnrealLogSystem::::LogStream] FileSystem [16520] Checking USERPROFILE for the home directory.

[2024.04.02-07.19.03:537][  0]LogAWSCore: Verbose: [UnrealLogSystem::::LogStream] FileSystem [16520] Environment value for variable USERPROFILE is C:\Users\Sagi

[2024.04.02-07.19.03:537][  0]LogAWSCore: [UnrealLogSystem::::LogStream] Aws::Config::AWSProfileConfigLoader [16520] Failed to reload configuration.

[2024.04.02-07.19.03:537][  0]LogAWSCore: VeryVerbose: [UnrealLogSystem::::LogStream] FileSystem [16520] Checking USERPROFILE for the home directory.

[2024.04.02-07.19.03:537][  0]LogAWSCore: Verbose: [UnrealLogSystem::::LogStream] FileSystem [16520] Environment value for variable USERPROFILE is C:\Users\Sagi

[2024.04.02-07.19.03:537][  0]LogAWSCore: [UnrealLogSystem::::LogStream] Aws::Config::AWSProfileConfigLoader [16520] Failed to reload configuration.

[2024.04.02-07.19.03:537][  0]LogAWSCore: [UnrealLogSystem::::LogStream] event-loop [16520] id=0000014506D3BF10: Initializing IO Completion Port

[2024.04.02-07.19.03:538][  0]LogAWSCore: [UnrealLogSystem::::LogStream] event-loop [16520] id=0000014506D3BF10: Starting event-loop thread.

[2024.04.02-07.19.03:538][  0]LogAWSCore: [UnrealLogSystem::::LogStream] thread [16520] id=0000014506E7FC48: cpu affinity of cpu_id i was specified, attempting to honor the value.

[2024.04.02-07.19.03:539][  0]LogAWSCore: Verbose: [UnrealLogSystem::::LogStream] thread [16520] id=0000014506E7FC48: computed mask llx on group hu.

[2024.04.02-07.19.03:539][  0]LogAWSCore: Verbose: [UnrealLogSystem::::LogStream] thread [16520] id=0000014506E7FC48: SetThreadGroupAffinity() result hhi.

[2024.04.02-07.19.03:539][  0]LogAWSCore: Verbose: [UnrealLogSystem::::LogStream] thread [16520] id=0000014506E7FC48: SetThreadIdealProcessorEx() result hhi.

[2024.04.02-07.19.03:539][  0]LogAWSCore: [UnrealLogSystem::::LogStream] event-loop [16520] id=0000014506D3BF60: Initializing IO Completion Port

[2024.04.02-07.19.03:539][  0]LogAWSCore: [UnrealLogSystem::::LogStream] event-loop [16520] id=0000014506D3BF60: Starting event-loop thread.

[2024.04.02-07.19.03:540][  0]LogAWSCore: [UnrealLogSystem::::LogStream] thread [16520] id=0000014506E81B88: cpu affinity of cpu_id i was specified, attempting to honor the value.

[2024.04.02-07.19.03:540][  0]LogAWSCore: Verbose: [UnrealLogSystem::::LogStream] thread [16520] id=0000014506E81B88: computed mask llx on group hu.

[2024.04.02-07.19.03:540][  0]LogAWSCore: Verbose: [UnrealLogSystem::::LogStream] thread [16520] id=0000014506E81B88: SetThreadGroupAffinity() result hhi.

[2024.04.02-07.19.03:540][  0]LogAWSCore: Verbose: [UnrealLogSystem::::LogStream] thread [16520] id=0000014506E81B88: SetThreadIdealProcessorEx() result hhi.

[2024.04.02-07.19.03:540][  0]LogAWSCore: [UnrealLogSystem::::LogStream] event-loop [16520] id=0000014506D3D400: Initializing IO Completion Port

[2024.04.02-07.19.03:540][  0]LogAWSCore: [UnrealLogSystem::::LogStream] event-loop [16520] id=0000014506D3D400: Starting event-loop thread.

[2024.04.02-07.19.03:540][  0]LogAWSCore: [UnrealLogSystem::::LogStream] thread [16520] id=0000014506E81A48: cpu affinity of cpu_id i was specified, attempting to honor the value.

[2024.04.02-07.19.03:541][  0]LogAWSCore: Verbose: [UnrealLogSystem::::LogStream] thread [16520] id=0000014506E81A48: computed mask llx on group hu.

[2024.04.02-07.19.03:541][  0]LogAWSCore: Verbose: [UnrealLogSystem::::LogStream] thread [16520] id=0000014506E81A48: SetThreadGroupAffinity() result hhi.

[2024.04.02-07.19.03:541][  0]LogAWSCore: Verbose: [UnrealLogSystem::::LogStream] thread [16520] id=0000014506E81A48: SetThreadIdealProcessorEx() result hhi.

[2024.04.02-07.19.03:541][  0]LogAWSCore: [UnrealLogSystem::::LogStream] event-loop [16520] id=0000014506D3CD20: Initializing IO Completion Port

[2024.04.02-07.19.03:541][  0]LogAWSCore: [UnrealLogSystem::::LogStream] event-loop [16520] id=0000014506D3CD20: Starting event-loop thread.

[2024.04.02-07.19.03:542][  0]LogAWSCore: [UnrealLogSystem::::LogStream] thread [16520] id=0000014506E80288: cpu affinity of cpu_id i was specified, attempting to honor the value.

[2024.04.02-07.19.03:542][  0]LogAWSCore: Verbose: [UnrealLogSystem::::LogStream] thread [16520] id=0000014506E80288: computed mask llx on group hu.

[2024.04.02-07.19.03:542][  0]LogAWSCore: Verbose: [UnrealLogSystem::::LogStream] thread [16520] id=0000014506E80288: SetThreadGroupAffinity() result hhi.

[2024.04.02-07.19.03:542][  0]LogAWSCore: Verbose: [UnrealLogSystem::::LogStream] thread [16520] id=0000014506E80288: SetThreadIdealProcessorEx() result hhi.

[2024.04.02-07.19.03:543][  0]LogAWSCore: [UnrealLogSystem::::LogStream] event-loop [16520] id=0000014506D3D7C0: Initializing IO Completion Port

[2024.04.02-07.19.03:543][  0]LogAWSCore: [UnrealLogSystem::::LogStream] event-loop [16520] id=0000014506D3D7C0: Starting event-loop thread.

[2024.04.02-07.19.03:543][  0]LogAWSCore: [UnrealLogSystem::::LogStream] thread [16520] id=0000014506E7DE48: cpu affinity of cpu_id i was specified, attempting to honor the value.

[2024.04.02-07.19.03:543][  0]LogAWSCore: Verbose: [UnrealLogSystem::::LogStream] thread [16520] id=0000014506E7DE48: computed mask llx on group hu.

[2024.04.02-07.19.03:544][  0]LogAWSCore: Verbose: [UnrealLogSystem::::LogStream] thread [16520] id=0000014506E7DE48: SetThreadGroupAffinity() result hhi.

[2024.04.02-07.19.03:544][  0]LogAWSCore: Verbose: [UnrealLogSystem::::LogStream] thread [16520] id=0000014506E7DE48: SetThreadIdealProcessorEx() result hhi.

[2024.04.02-07.19.03:544][  0]LogAWSCore: [UnrealLogSystem::::LogStream] event-loop [16520] id=0000014506D3D720: Initializing IO Completion Port

[2024.04.02-07.19.03:544][  0]LogAWSCore: [UnrealLogSystem::::LogStream] event-loop [16520] id=0000014506D3D720: Starting event-loop thread.

[2024.04.02-07.19.03:545][  0]LogAWSCore: [UnrealLogSystem::::LogStream] thread [16520] id=0000014506E81CC8: cpu affinity of cpu_id i was specified, attempting to honor the value.

[2024.04.02-07.19.03:545][  0]LogAWSCore: Verbose: [UnrealLogSystem::::LogStream] thread [16520] id=0000014506E81CC8: computed mask llx on group hu.

[2024.04.02-07.19.03:545][  0]LogAWSCore: Verbose: [UnrealLogSystem::::LogStream] thread [16520] id=0000014506E81CC8: SetThreadGroupAffinity() result hhi.

[2024.04.02-07.19.03:546][  0]LogAWSCore: Verbose: [UnrealLogSystem::::LogStream] thread [16520] id=0000014506E81CC8: SetThreadIdealProcessorEx() result hhi.

[2024.04.02-07.19.03:546][  0]LogAWSCore: [UnrealLogSystem::::LogStream] event-loop [16520] id=0000014506D3D2C0: Initializing IO Completion Port

[2024.04.02-07.19.03:546][  0]LogAWSCore: [UnrealLogSystem::::LogStream] event-loop [16520] id=0000014506D3D2C0: Starting event-loop thread.

[2024.04.02-07.19.03:546][  0]LogAWSCore: [UnrealLogSystem::::LogStream] thread [16520] id=0000014506E80A08: cpu affinity of cpu_id i was specified, attempting to honor the value.

[2024.04.02-07.19.03:546][  0]LogAWSCore: Verbose: [UnrealLogSystem::::LogStream] thread [16520] id=0000014506E80A08: computed mask llx on group hu.

[2024.04.02-07.19.03:546][  0]LogAWSCore: Verbose: [UnrealLogSystem::::LogStream] thread [16520] id=0000014506E80A08: SetThreadGroupAffinity() result hhi.

[2024.04.02-07.19.03:547][  0]LogAWSCore: [UnrealLogSystem::::LogStream] event-loop [1832] id=0000014506D3D400: main loop started

[2024.04.02-07.19.03:547][  0]LogAWSCore: Verbose: [UnrealLogSystem::::LogStream] thread [16520] id=0000014506E80A08: SetThreadIdealProcessorEx() result hhi.

[2024.04.02-07.19.03:547][  0]LogAWSCore: [UnrealLogSystem::::LogStream] event-loop [1832] id=0000014506D3D400: default timeout 100000

[2024.04.02-07.19.03:547][  0]LogAWSCore: VeryVerbose: [UnrealLogSystem::::LogStream] event-loop [1832] id=0000014506D3D400: waiting for a maximum of 100000 ms

[2024.04.02-07.19.03:547][  0]LogAWSCore: [UnrealLogSystem::::LogStream] event-loop [16520] id=0000014506D3C5F0: Initializing IO Completion Port

[2024.04.02-07.19.03:547][  0]LogAWSCore: [UnrealLogSystem::::LogStream] event-loop [4580] id=0000014506D3BF10: main loop started

[2024.04.02-07.19.03:547][  0]LogAWSCore: [UnrealLogSystem::::LogStream] event-loop [4580] id=0000014506D3BF10: default timeout 100000

[2024.04.02-07.19.03:547][  0]LogAWSCore: VeryVerbose: [UnrealLogSystem::::LogStream] event-loop [4580] id=0000014506D3BF10: waiting for a maximum of 100000 ms

[2024.04.02-07.19.03:547][  0]LogAWSCore: [UnrealLogSystem::::LogStream] event-loop [16520] id=0000014506D3C5F0: Starting event-loop thread.

[2024.04.02-07.19.03:548][  0]LogAWSCore: [UnrealLogSystem::::LogStream] thread [16520] id=0000014506E7E5C8: cpu affinity of cpu_id i was specified, attempting to honor the value.

[2024.04.02-07.19.03:548][  0]LogAWSCore: Verbose: [UnrealLogSystem::::LogStream] thread [16520] id=0000014506E7E5C8: computed mask llx on group hu.

[2024.04.02-07.19.03:548][  0]LogAWSCore: Verbose: [UnrealLogSystem::::LogStream] thread [16520] id=0000014506E7E5C8: SetThreadGroupAffinity() result hhi.

[2024.04.02-07.19.03:548][  0]LogAWSCore: Verbose: [UnrealLogSystem::::LogStream] thread [16520] id=0000014506E7E5C8: SetThreadIdealProcessorEx() result hhi.

[2024.04.02-07.19.03:548][  0]LogAWSCore: [UnrealLogSystem::::LogStream] dns [16520] id=0000014527BF9E00: Initializing default host resolver with 8 max host entries.

[2024.04.02-07.19.03:548][  0]LogAWSCore: [UnrealLogSystem::::LogStream] channel-bootstrap [16520] id=000001457D4EA6D0: Initializing client bootstrap with event-loop group 0000014527BF4880

[2024.04.02-07.19.03:550][  0]LogAWSCore: [UnrealLogSystem::::LogStream] event-loop [6116] id=0000014506D3BF60: main loop started

[2024.04.02-07.19.03:550][  0]LogAWSCore: Verbose: [UnrealLogSystem::::LogStream] ClientConfiguration [16520] ClientConfiguration will use SDK Auto Resolved profile: [default] if not specified by users.

[2024.04.02-07.19.03:550][  0]LogAWSCore: [UnrealLogSystem::::LogStream] event-loop [6116] id=0000014506D3BF60: default timeout 100000

[2024.04.02-07.19.03:550][  0]LogAWSCore: VeryVerbose: [UnrealLogSystem::::LogStream] event-loop [6116] id=0000014506D3BF60: waiting for a maximum of 100000 ms

[2024.04.02-07.19.03:550][  0]LogAWSCore: Warning: [UnrealLogSystem::::LogStream] ClientConfiguration [16520] Retry Strategy will use the default max attempts.

[2024.04.02-07.19.03:550][  0]LogAWSCore: [UnrealLogSystem::::LogStream] EC2MetadataClient [16520] Creating AWSHttpResourceClient with max connections 2 and scheme http

[2024.04.02-07.19.03:550][  0]LogAWSCore: [UnrealLogSystem::::LogStream] WinHttpSyncHttpClient [16520] Creating http client with user agent  with max connections 2 request timeout 1000,and connect timeout 1000

[2024.04.02-07.19.03:554][  0]LogAWSCore: [UnrealLogSystem::::LogStream] event-loop [14064] id=0000014506D3CD20: main loop started

[2024.04.02-07.19.03:554][  0]LogAWSCore: [UnrealLogSystem::::LogStream] event-loop [14064] id=0000014506D3CD20: default timeout 100000

[2024.04.02-07.19.03:554][  0]LogAWSCore: VeryVerbose: [UnrealLogSystem::::LogStream] event-loop [14064] id=0000014506D3CD20: waiting for a maximum of 100000 ms

[2024.04.02-07.19.03:554][  0]LogAWSCore: [UnrealLogSystem::::LogStream] event-loop [28592] id=0000014506D3D7C0: main loop started

[2024.04.02-07.19.03:554][  0]LogAWSCore: [UnrealLogSystem::::LogStream] event-loop [28592] id=0000014506D3D7C0: default timeout 100000

[2024.04.02-07.19.03:554][  0]LogAWSCore: VeryVerbose: [UnrealLogSystem::::LogStream] event-loop [28592] id=0000014506D3D7C0: waiting for a maximum of 100000 ms

[2024.04.02-07.19.03:554][  0]LogAWSCore: [UnrealLogSystem::::LogStream] event-loop [27244] id=0000014506D3D720: main loop started

[2024.04.02-07.19.03:554][  0]LogAWSCore: [UnrealLogSystem::::LogStream] event-loop [27244] id=0000014506D3D720: default timeout 100000

[2024.04.02-07.19.03:554][  0]LogAWSCore: VeryVerbose: [UnrealLogSystem::::LogStream] event-loop [27244] id=0000014506D3D720: waiting for a maximum of 100000 ms

[2024.04.02-07.19.03:554][  0]LogAWSCore: [UnrealLogSystem::::LogStream] event-loop [12712] id=0000014506D3C5F0: main loop started

[2024.04.02-07.19.03:555][  0]LogAWSCore: [UnrealLogSystem::::LogStream] event-loop [12712] id=0000014506D3C5F0: default timeout 100000

[2024.04.02-07.19.03:555][  0]LogAWSCore: VeryVerbose: [UnrealLogSystem::::LogStream] event-loop [12712] id=0000014506D3C5F0: waiting for a maximum of 100000 ms

[2024.04.02-07.19.03:555][  0]LogAWSCore: [UnrealLogSystem::::LogStream] event-loop [16956] id=0000014506D3D2C0: main loop started

[2024.04.02-07.19.03:555][  0]LogAWSCore: [UnrealLogSystem::::LogStream] event-loop [16956] id=0000014506D3D2C0: default timeout 100000

[2024.04.02-07.19.03:555][  0]LogAWSCore: VeryVerbose: [UnrealLogSystem::::LogStream] event-loop [16956] id=0000014506D3D2C0: waiting for a maximum of 100000 ms

[2024.04.02-07.19.03:555][  0]LogAWSCore: Verbose: [UnrealLogSystem::::LogStream] WinHttpHttp2 [16520] HTTP/2 enabled on WinHttp handle: 00000145078295E0.

[2024.04.02-07.19.03:555][  0]LogAWSCore: Verbose: [UnrealLogSystem::::LogStream] WinHttpSyncHttpClient [16520] API handle 00000145078295E0

[2024.04.02-07.19.03:555][  0]LogAWSCore: [UnrealLogSystem::::LogStream] ConnectionPoolMgr [16520] Creating connection pool mgr with handle 00000145078295E0, and max connections per host 2, request timeout 1000 ms, and connect timeout in 1000 ms, enabling TCP keep-alive.

[2024.04.02-07.19.03:555][  0]LogAWSCore: [FAWSCoreModule::::StartupModule] Aws::InitAPI called.
[2024.04.02-07.19.03:623][  0]LogGameLift: [FGameLiftModule::::StartupModule] Starting GameLiftClient Module...
[2024.04.02-07.19.03:624][  0]LogGameLift: [FGameLiftModule::::StartupModule] Base directory is ../../../../Users/Sagi/Documents/GitHub/TwoDSSG/Plugins/CognitoDynamoDBGameLiftLambdaBlueprintPlugin
[2024.04.02-07.19.03:624][  0]LogGameLift: [FGameLiftModule::::StartupModule] ThirdParty directory is ../../../../Users/Sagi/Documents/GitHub/TwoDSSG/Plugins/CognitoDynamoDBGameLiftLambdaBlueprintPlugin/Source/ThirdParty/GameLiftClientLibrary/Win64
[2024.04.02-07.19.03:758][  0]LogGameLift: [FGameLiftModule::::LoadDependency] Dependency aws-cpp-sdk-gamelift.dll successfully loaded from directory ../../../../Users/Sagi/Documents/GitHub/TwoDSSG/Plugins/CognitoDynamoDBGameLiftLambdaBlueprintPlugin/Source/ThirdParty/GameLiftClientLibrary/Win64
[2024.04.02-07.19.03:758][  0]LogGameLift: [FGameLiftModule::::StartupModule] Starting GameLiftClient Module...
[2024.04.02-07.19.03:879][  0]LogCognitoIdp: [FCognitoIdpModule::::StartupModule] Starting CognitoIdpClient Module...
[2024.04.02-07.19.03:879][  0]LogCognitoIdp: [FCognitoIdpModule::::StartupModule] Base directory is ../../../../Users/Sagi/Documents/GitHub/TwoDSSG/Plugins/CognitoDynamoDBGameLiftLambdaBlueprintPlugin
[2024.04.02-07.19.03:880][  0]LogCognitoIdp: [FCognitoIdpModule::::StartupModule] ThirdParty directory is ../../../../Users/Sagi/Documents/GitHub/TwoDSSG/Plugins/CognitoDynamoDBGameLiftLambdaBlueprintPlugin/Source/ThirdParty/CognitoIdpClientLibrary/Win64
[2024.04.02-07.19.05:543][  0]LogCognitoIdp: [FCognitoIdpModule::::LoadDependency] Dependency aws-cpp-sdk-cognito-idp.dll successfully loaded from directory ../../../../Users/Sagi/Documents/GitHub/TwoDSSG/Plugins/CognitoDynamoDBGameLiftLambdaBlueprintPlugin/Source/ThirdParty/CognitoIdpClientLibrary/Win64
[2024.04.02-07.19.05:543][  0]LogCognitoIdp: [FCognitoIdpModule::::StartupModule] Starting CognitoIdpClient Module...
[2024.04.02-07.19.05:608][  0]LogCognitoIdentity: [FCognitoIdentityModule::::StartupModule] Starting CognitoIdentityClient Module...
[2024.04.02-07.19.05:608][  0]LogCognitoIdentity: [FCognitoIdentityModule::::StartupModule] Base directory is ../../../../Users/Sagi/Documents/GitHub/TwoDSSG/Plugins/CognitoDynamoDBGameLiftLambdaBlueprintPlugin
[2024.04.02-07.19.05:608][  0]LogCognitoIdentity: [FCognitoIdentityModule::::StartupModule] ThirdParty directory is ../../../../Users/Sagi/Documents/GitHub/TwoDSSG/Plugins/CognitoDynamoDBGameLiftLambdaBlueprintPlugin/Source/ThirdParty/CognitoIdentityClientLibrary/Win64
[2024.04.02-07.19.06:222][  0]LogCognitoIdentity: [FCognitoIdentityModule::::LoadDependency] Dependency aws-cpp-sdk-cognito-identity.dll successfully loaded from directory ../../../../Users/Sagi/Documents/GitHub/TwoDSSG/Plugins/CognitoDynamoDBGameLiftLambdaBlueprintPlugin/Source/ThirdParty/CognitoIdentityClientLibrary/Win64
[2024.04.02-07.19.06:223][  0]LogCognitoIdentity: [FCognitoIdentityModule::::StartupModule] Starting CognitoIdentityClient Module...
[2024.04.02-07.19.06:286][  0]LogLambda: [FLambdaModule::::StartupModule] Starting LambdaClient Module...
[2024.04.02-07.19.06:287][  0]LogLambda: [FLambdaModule::::StartupModule] Base directory is ../../../../Users/Sagi/Documents/GitHub/TwoDSSG/Plugins/CognitoDynamoDBGameLiftLambdaBlueprintPlugin
[2024.04.02-07.19.06:287][  0]LogLambda: [FLambdaModule::::StartupModule] ThirdParty directory is ../../../../Users/Sagi/Documents/GitHub/TwoDSSG/Plugins/CognitoDynamoDBGameLiftLambdaBlueprintPlugin/Source/ThirdParty/LambdaClientLibrary/Win64
[2024.04.02-07.19.06:393][  0]LogLambda: [FLambdaModule::::LoadDependency] Dependency aws-cpp-sdk-lambda.dll successfully loaded from directory ../../../../Users/Sagi/Documents/GitHub/TwoDSSG/Plugins/CognitoDynamoDBGameLiftLambdaBlueprintPlugin/Source/ThirdParty/LambdaClientLibrary/Win64
[2024.04.02-07.19.06:393][  0]LogLambda: [FLambdaModule::::StartupModule] Starting LambdaClient Module...
[2024.04.02-07.19.06:473][  0]LogDynamoDB: [FDynamoDBModule::::StartupModule] Starting DynamoDBClient Module...
[2024.04.02-07.19.06:473][  0]LogDynamoDB: [FDynamoDBModule::::StartupModule] Base directory is ../../../../Users/Sagi/Documents/GitHub/TwoDSSG/Plugins/CognitoDynamoDBGameLiftLambdaBlueprintPlugin
[2024.04.02-07.19.06:473][  0]LogDynamoDB: [FDynamoDBModule::::StartupModule] ThirdParty directory is ../../../../Users/Sagi/Documents/GitHub/TwoDSSG/Plugins/CognitoDynamoDBGameLiftLambdaBlueprintPlugin/Source/ThirdParty/DynamoDBClientLibrary/Win64
[2024.04.02-07.19.06:572][  0]LogDynamoDB: [FDynamoDBModule::::LoadDependency] Dependency aws-cpp-sdk-dynamodb.dll successfully loaded from directory ../../../../Users/Sagi/Documents/GitHub/TwoDSSG/Plugins/CognitoDynamoDBGameLiftLambdaBlueprintPlugin/Source/ThirdParty/DynamoDBClientLibrary/Win64
[2024.04.02-07.19.06:573][  0]LogDynamoDB: [FDynamoDBModule::::StartupModule] Starting DynamoDBClient Module...
[2024.04.02-07.19.06:625][  0]LogDynamoDBStreams: [FDynamoDBStreamsModule::::StartupModule] Starting DynamoDBStreamsClient Module...
[2024.04.02-07.19.06:626][  0]LogDynamoDBStreams: [FDynamoDBStreamsModule::::StartupModule] Base directory is ../../../../Users/Sagi/Documents/GitHub/TwoDSSG/Plugins/CognitoDynamoDBGameLiftLambdaBlueprintPlugin
[2024.04.02-07.19.06:626][  0]LogDynamoDBStreams: [FDynamoDBStreamsModule::::StartupModule] ThirdParty directory is ../../../../Users/Sagi/Documents/GitHub/TwoDSSG/Plugins/CognitoDynamoDBGameLiftLambdaBlueprintPlugin/Source/ThirdParty/DynamoDBStreamsClientLibrary/Win64
[2024.04.02-07.19.06:899][  0]LogDynamoDBStreams: [FDynamoDBStreamsModule::::LoadDependency] Dependency aws-cpp-sdk-dynamodbstreams.dll successfully loaded from directory ../../../../Users/Sagi/Documents/GitHub/TwoDSSG/Plugins/CognitoDynamoDBGameLiftLambdaBlueprintPlugin/Source/ThirdParty/DynamoDBStreamsClientLibrary/Win64
[2024.04.02-07.19.06:899][  0]LogDynamoDBStreams: [FDynamoDBStreamsModule::::StartupModule] Starting DynamoDBStreamsClient Module...
[2024.04.02-07.19.07:708][  0]SourceControl: Source control is disabled
[2024.04.02-07.19.07:709][  0]SourceControl: Source control is disabled
[2024.04.02-07.19.07:804][  0]SourceControl: Source control is disabled
[2024.04.02-07.19.07:844][  0]SourceControl: Source control is disabled
[2024.04.02-07.19.07:982][  0]SourceControl: Source control is disabled
[2024.04.02-07.19.08:009][  0]LogUProjectInfo: Found projects:
[2024.04.02-07.19.09:493][  0]LogOpenImageDenoise: OIDN starting up
[2024.04.02-07.19.09:744][  0]LogAndroidPermission: UAndroidPermissionCallbackProxy::GetInstance
[2024.04.02-07.19.09:912][  0]LogAudioCaptureCore: Display: No Audio Capture implementations found. Audio input will be silent.
[2024.04.02-07.19.09:912][  0]LogAudioCaptureCore: Display: No Audio Capture implementations found. Audio input will be silent.
[2024.04.02-07.19.10:757][  0]LogCollectionManager: Loaded 0 collections in 0.001893 seconds
[2024.04.02-07.19.10:934][  0]LogFileCache: Scanning file cache for directory 'C:/Users/Sagi/Documents/GitHub/TwoDSSG/Saved/Collections/' took 0.00s
[2024.04.02-07.19.10:934][  0]LogFileCache: Scanning file cache for directory 'C:/Users/Sagi/Documents/GitHub/TwoDSSG/Content/Developers/Sagi/Collections/' took 0.00s
[2024.04.02-07.19.10:934][  0]LogFileCache: Scanning file cache for directory 'C:/Users/Sagi/Documents/GitHub/TwoDSSG/Content/Collections/' took 0.00s
[2024.04.02-07.19.10:934][  0]LogOcInput: OculusInput pre-init called
[2024.04.02-07.19.11:477][  0]LogClass: Display: StructProperty FAWSCredentials::expiration is not initialized properly. Module:AWSCore File:Public/Auth/AWSCoreCredentials.h
[2024.04.02-07.19.11:477][  0]LogClass: Display: EnumProperty FAcceptMatchRequest::acceptanceType is not initialized properly. Module:GameLift File:Public/Model/AcceptMatchRequest.h
[2024.04.02-07.19.11:478][  0]LogClass: Display: StructProperty FAlias::creationTime is not initialized properly. Module:GameLift File:Public/Model/Alias.h
[2024.04.02-07.19.11:478][  0]LogClass: Display: StructProperty FAlias::lastUpdatedTime is not initialized properly. Module:GameLift File:Public/Model/Alias.h
[2024.04.02-07.19.11:478][  0]LogClass: Display: EnumProperty FRoutingStrategy::type is not initialized properly. Module:GameLift File:Public/Model/RoutingStrategy.h
[2024.04.02-07.19.11:478][  0]LogClass: Display: EnumProperty FAWSEvent::eventCode is not initialized properly. Module:GameLift File:Public/Model/AWSEvent.h
[2024.04.02-07.19.11:478][  0]LogClass: Display: StructProperty FAWSEvent::eventTime is not initialized properly. Module:GameLift File:Public/Model/AWSEvent.h
[2024.04.02-07.19.11:478][  0]LogClass: Display: EnumProperty FAWSGameLiftLocationState::status is not initialized properly. Module:GameLift File:Public/Model/AWSGameLiftLocationState.h
[2024.04.02-07.19.11:479][  0]LogClass: Display: IntProperty FAWSGameLiftDescribeFleetLocationAttributesRequest::limit is not initialized properly. Module:GameLift File:Public/Model/AWSGameLiftDescribeFleetLocationAttributesRequest.h
[2024.04.02-07.19.11:479][  0]LogClass: Display: EnumProperty FAWSGameLiftLocationAttributes::updateStatus is not initialized properly. Module:GameLift File:Public/Model/AWSGameLiftLocationAttributes.h
[2024.04.02-07.19.11:479][  0]LogClass: Display: EnumProperty FFleetCapacity::instanceType is not initialized properly. Module:GameLift File:Public/Model/FleetCapacity.h
[2024.04.02-07.19.11:479][  0]LogClass: Display: IntProperty FEC2InstanceCounts::DESIRED is not initialized properly. Module:GameLift File:Public/Model/EC2InstanceCounts.h
[2024.04.02-07.19.11:479][  0]LogClass: Display: IntProperty FEC2InstanceCounts::MINIMUM is not initialized properly. Module:GameLift File:Public/Model/EC2InstanceCounts.h
[2024.04.02-07.19.11:479][  0]LogClass: Display: IntProperty FEC2InstanceCounts::MAXIMUM is not initialized properly. Module:GameLift File:Public/Model/EC2InstanceCounts.h
[2024.04.02-07.19.11:479][  0]LogClass: Display: IntProperty FEC2InstanceCounts::PENDING is not initialized properly. Module:GameLift File:Public/Model/EC2InstanceCounts.h
[2024.04.02-07.19.11:479][  0]LogClass: Display: IntProperty FEC2InstanceCounts::ACTIVE is not initialized properly. Module:GameLift File:Public/Model/EC2InstanceCounts.h
[2024.04.02-07.19.11:479][  0]LogClass: Display: IntProperty FEC2InstanceCounts::IDLE is not initialized properly. Module:GameLift File:Public/Model/EC2InstanceCounts.h
[2024.04.02-07.19.11:479][  0]LogClass: Display: IntProperty FEC2InstanceCounts::TERMINATING is not initialized properly. Module:GameLift File:Public/Model/EC2InstanceCounts.h
[2024.04.02-07.19.11:480][  0]LogClass: Display: IntProperty FFleetUtilization::activeServerProcessCount is not initialized properly. Module:GameLift File:Public/Model/FleetUtilization.h
[2024.04.02-07.19.11:480][  0]LogClass: Display: IntProperty FFleetUtilization::activeGameSessionCount is not initialized properly. Module:GameLift File:Public/Model/FleetUtilization.h
[2024.04.02-07.19.11:480][  0]LogClass: Display: IntProperty FFleetUtilization::currentPlayerSessionCount is not initialized properly. Module:GameLift File:Public/Model/FleetUtilization.h
[2024.04.02-07.19.11:480][  0]LogClass: Display: IntProperty FFleetUtilization::maximumPlayerSessionCount is not initialized properly. Module:GameLift File:Public/Model/FleetUtilization.h
[2024.04.02-07.19.11:480][  0]LogClass: Display: StructProperty FAWSGameSession::creationTime is not initialized properly. Module:GameLift File:Public/Model/AWSGameSession.h
[2024.04.02-07.19.11:480][  0]LogClass: Display: StructProperty FAWSGameSession::terminationTime is not initialized properly. Module:GameLift File:Public/Model/AWSGameSession.h
[2024.04.02-07.19.11:480][  0]LogClass: Display: IntProperty FAWSGameSession::currentPlayerSessionCount is not initialized properly. Module:GameLift File:Public/Model/AWSGameSession.h
[2024.04.02-07.19.11:480][  0]LogClass: Display: IntProperty FAWSGameSession::maximumPlayerSessionCount is not initialized properly. Module:GameLift File:Public/Model/AWSGameSession.h
[2024.04.02-07.19.11:481][  0]LogClass: Display: EnumProperty FAWSGameSession::status is not initialized properly. Module:GameLift File:Public/Model/AWSGameSession.h
[2024.04.02-07.19.11:481][  0]LogClass: Display: EnumProperty FAWSGameSession::statusReason is not initialized properly. Module:GameLift File:Public/Model/AWSGameSession.h
[2024.04.02-07.19.11:481][  0]LogClass: Display: IntProperty FAWSGameSession::port is not initialized properly. Module:GameLift File:Public/Model/AWSGameSession.h
[2024.04.02-07.19.11:481][  0]LogClass: Display: EnumProperty FAWSGameSession::playerSessionCreationPolicy is not initialized properly. Module:GameLift File:Public/Model/AWSGameSession.h
[2024.04.02-07.19.11:481][  0]LogClass: Display: FloatProperty FGameLiftAttributeValue::n is not initialized properly. Module:GameLift File:Public/Model/GameLiftAttributeValue.h
[2024.04.02-07.19.11:481][  0]LogClass: Display: EnumProperty FBuild::status is not initialized properly. Module:GameLift File:Public/Model/Build.h
[2024.04.02-07.19.11:481][  0]LogClass: Display: Int64Property FBuild::sizeOnDisk is not initialized properly. Module:GameLift File:Public/Model/Build.h
[2024.04.02-07.19.11:482][  0]LogClass: Display: EnumProperty FBuild::operatingSystem is not initialized properly. Module:GameLift File:Public/Model/Build.h
[2024.04.02-07.19.11:482][  0]LogClass: Display: StructProperty FBuild::creationTime is not initialized properly. Module:GameLift File:Public/Model/Build.h
[2024.04.02-07.19.11:482][  0]LogClass: Display: EnumProperty FCertificateConfiguration::certificateType is not initialized properly. Module:GameLift File:Public/Model/CertificateConfiguration.h
[2024.04.02-07.19.11:482][  0]LogClass: Display: EnumProperty FGameServer::claimStatus is not initialized properly. Module:GameLift File:Public/Model/GameServer.h
[2024.04.02-07.19.11:482][  0]LogClass: Display: EnumProperty FGameServer::utilizationStatus is not initialized properly. Module:GameLift File:Public/Model/GameServer.h
[2024.04.02-07.19.11:482][  0]LogClass: Display: StructProperty FGameServer::registrationTime is not initialized properly. Module:GameLift File:Public/Model/GameServer.h
[2024.04.02-07.19.11:482][  0]LogClass: Display: StructProperty FGameServer::lastClaimTime is not initialized properly. Module:GameLift File:Public/Model/GameServer.h
[2024.04.02-07.19.11:482][  0]LogClass: Display: StructProperty FGameServer::lastHealthCheckTime is not initialized properly. Module:GameLift File:Public/Model/GameServer.h
[2024.04.02-07.19.11:482][  0]LogClass: Display: EnumProperty FCreateBuildRequest::operatingSystem is not initialized properly. Module:GameLift File:Public/Model/CreateBuildRequest.h
[2024.04.02-07.19.11:483][  0]LogClass: Display: EnumProperty FCreateFleetRequest::eC2InstanceType is not initialized properly. Module:GameLift File:Public/Model/CreateFleetRequest.h
[2024.04.02-07.19.11:483][  0]LogClass: Display: EnumProperty FCreateFleetRequest::newGameSessionProtectionPolicy is not initialized properly. Module:GameLift File:Public/Model/CreateFleetRequest.h
[2024.04.02-07.19.11:483][  0]LogClass: Display: EnumProperty FCreateFleetRequest::fleetType is not initialized properly. Module:GameLift File:Public/Model/CreateFleetRequest.h
[2024.04.02-07.19.11:483][  0]LogClass: Display: IntProperty FResourceCreationLimitPolicy::newGameSessionsPerCreator is not initialized properly. Module:GameLift File:Public/Model/ResourceCreationLimitPolicy.h
[2024.04.02-07.19.11:483][  0]LogClass: Display: IntProperty FResourceCreationLimitPolicy::policyPeriodInMinutes is not initialized properly. Module:GameLift File:Public/Model/ResourceCreationLimitPolicy.h
[2024.04.02-07.19.11:483][  0]LogClass: Display: IntProperty FRuntimeConfiguration::maxConcurrentGameSessionActivations is not initialized properly. Module:GameLift File:Public/Model/RuntimeConfiguration.h
[2024.04.02-07.19.11:483][  0]LogClass: Display: IntProperty FRuntimeConfiguration::gameSessionActivationTimeoutSeconds is not initialized properly. Module:GameLift File:Public/Model/RuntimeConfiguration.h
[2024.04.02-07.19.11:483][  0]LogClass: Display: IntProperty FServerProcess::concurrentExecutions is not initialized properly. Module:GameLift File:Public/Model/ServerProcess.h
[2024.04.02-07.19.11:484][  0]LogClass: Display: IntProperty FIpPermission::fromPort is not initialized properly. Module:GameLift File:Public/Model/IpPermission.h
[2024.04.02-07.19.11:484][  0]LogClass: Display: IntProperty FIpPermission::toPort is not initialized properly. Module:GameLift File:Public/Model/IpPermission.h
[2024.04.02-07.19.11:484][  0]LogClass: Display: EnumProperty FIpPermission::protocol is not initialized properly. Module:GameLift File:Public/Model/IpPermission.h
[2024.04.02-07.19.11:484][  0]LogClass: Display: EnumProperty FFleetAttributes::fleetType is not initialized properly. Module:GameLift File:Public/Model/FleetAttributes.h
[2024.04.02-07.19.11:484][  0]LogClass: Display: EnumProperty FFleetAttributes::instanceType is not initialized properly. Module:GameLift File:Public/Model/FleetAttributes.h
[2024.04.02-07.19.11:484][  0]LogClass: Display: StructProperty FFleetAttributes::creationTime is not initialized properly. Module:GameLift File:Public/Model/FleetAttributes.h
[2024.04.02-07.19.11:484][  0]LogClass: Display: StructProperty FFleetAttributes::terminationTime is not initialized properly. Module:GameLift File:Public/Model/FleetAttributes.h
[2024.04.02-07.19.11:484][  0]LogClass: Display: EnumProperty FFleetAttributes::status is not initialized properly. Module:GameLift File:Public/Model/FleetAttributes.h
[2024.04.02-07.19.11:484][  0]LogClass: Display: EnumProperty FFleetAttributes::newGameSessionProtectionPolicy is not initialized properly. Module:GameLift File:Public/Model/FleetAttributes.h
[2024.04.02-07.19.11:484][  0]LogClass: Display: EnumProperty FFleetAttributes::operatingSystem is not initialized properly. Module:GameLift File:Public/Model/FleetAttributes.h
[2024.04.02-07.19.11:485][  0]LogClass: Display: IntProperty FCreateGameServerGroupRequest::minSize is not initialized properly. Module:GameLift File:Public/Model/CreateGameServerGroupRequest.h
[2024.04.02-07.19.11:485][  0]LogClass: Display: IntProperty FCreateGameServerGroupRequest::maxSize is not initialized properly. Module:GameLift File:Public/Model/CreateGameServerGroupRequest.h
[2024.04.02-07.19.11:485][  0]LogClass: Display: EnumProperty FCreateGameServerGroupRequest::balancingStrategy is not initialized properly. Module:GameLift File:Public/Model/CreateGameServerGroupRequest.h
[2024.04.02-07.19.11:485][  0]LogClass: Display: EnumProperty FCreateGameServerGroupRequest::gameServerProtectionPolicy is not initialized properly. Module:GameLift File:Public/Model/CreateGameServerGroupRequest.h
[2024.04.02-07.19.11:485][  0]LogClass: Display: IntProperty FGameServerGroupAutoScalingPolicy::estimatedInstanceWarmup is not initialized properly. Module:GameLift File:Public/Model/GameServerGroupAutoScalingPolicy.h
[2024.04.02-07.19.11:485][  0]LogClass: Display: FloatProperty FTargetTrackingConfiguration::targetValue is not initialized properly. Module:GameLift File:Public/Model/TargetTrackingConfiguration.h
[2024.04.02-07.19.11:485][  0]LogClass: Display: EnumProperty FInstanceDefinition::instanceType is not initialized properly. Module:GameLift File:Public/Model/InstanceDefinition.h
[2024.04.02-07.19.11:485][  0]LogClass: Display: EnumProperty FGameServerGroup::balancingStrategy is not initialized properly. Module:GameLift File:Public/Model/GameServerGroup.h
[2024.04.02-07.19.11:485][  0]LogClass: Display: EnumProperty FGameServerGroup::gameServerProtectionPolicy is not initialized properly. Module:GameLift File:Public/Model/GameServerGroup.h
[2024.04.02-07.19.11:486][  0]LogClass: Display: EnumProperty FGameServerGroup::status is not initialized properly. Module:GameLift File:Public/Model/GameServerGroup.h
[2024.04.02-07.19.11:486][  0]LogClass: Display: StructProperty FGameServerGroup::creationTime is not initialized properly. Module:GameLift File:Public/Model/GameServerGroup.h
[2024.04.02-07.19.11:486][  0]LogClass: Display: StructProperty FGameServerGroup::lastUpdatedTime is not initialized properly. Module:GameLift File:Public/Model/GameServerGroup.h
[2024.04.02-07.19.11:486][  0]LogClass: Display: IntProperty FCreateGameSessionQueueRequest::timeoutInSeconds is not initialized properly. Module:GameLift File:Public/Model/CreateGameSessionQueueRequest.h
[2024.04.02-07.19.11:486][  0]LogClass: Display: IntProperty FPlayerLatencyPolicy::maximumIndividualPlayerLatencyMilliseconds is not initialized properly. Module:GameLift File:Public/Model/PlayerLatencyPolicy.h
[2024.04.02-07.19.11:486][  0]LogClass: Display: IntProperty FPlayerLatencyPolicy::policyDurationSeconds is not initialized properly. Module:GameLift File:Public/Model/PlayerLatencyPolicy.h
[2024.04.02-07.19.11:486][  0]LogClass: Display: IntProperty FGameSessionQueue::timeoutInSeconds is not initialized properly. Module:GameLift File:Public/Model/GameSessionQueue.h
[2024.04.02-07.19.11:486][  0]LogClass: Display: IntProperty FCreateGameSessionRequest::maximumPlayerSessionCount is not initialized properly. Module:GameLift File:Public/Model/CreateGameSessionRequest.h
[2024.04.02-07.19.11:486][  0]LogClass: Display: IntProperty FCreateMatchmakingConfigurationRequest::requestTimeoutSeconds is not initialized properly. Module:GameLift File:Public/Model/CreateMatchmakingConfigurationRequest.h
[2024.04.02-07.19.11:486][  0]LogClass: Display: IntProperty FCreateMatchmakingConfigurationRequest::acceptanceTimeoutSeconds is not initialized properly. Module:GameLift File:Public/Model/CreateMatchmakingConfigurationRequest.h
[2024.04.02-07.19.11:487][  0]LogClass: Display: BoolProperty FCreateMatchmakingConfigurationRequest::acceptanceRequired is not initialized properly. Module:GameLift File:Public/Model/CreateMatchmakingConfigurationRequest.h
[2024.04.02-07.19.11:487][  0]LogClass: Display: IntProperty FCreateMatchmakingConfigurationRequest::additionalPlayerCount is not initialized properly. Module:GameLift File:Public/Model/CreateMatchmakingConfigurationRequest.h
[2024.04.02-07.19.11:487][  0]LogClass: Display: EnumProperty FCreateMatchmakingConfigurationRequest::backfillMode is not initialized properly. Module:GameLift File:Public/Model/CreateMatchmakingConfigurationRequest.h
[2024.04.02-07.19.11:487][  0]LogClass: Display: EnumProperty FCreateMatchmakingConfigurationRequest::flexMatchMode is not initialized properly. Module:GameLift File:Public/Model/CreateMatchmakingConfigurationRequest.h
[2024.04.02-07.19.11:487][  0]LogClass: Display: IntProperty FMatchmakingConfiguration::requestTimeoutSeconds is not initialized properly. Module:GameLift File:Public/Model/MatchmakingConfiguration.h
[2024.04.02-07.19.11:487][  0]LogClass: Display: IntProperty FMatchmakingConfiguration::acceptanceTimeoutSeconds is not initialized properly. Module:GameLift File:Public/Model/MatchmakingConfiguration.h
[2024.04.02-07.19.11:488][  0]LogClass: Display: BoolProperty FMatchmakingConfiguration::acceptanceRequired is not initialized properly. Module:GameLift File:Public/Model/MatchmakingConfiguration.h
[2024.04.02-07.19.11:488][  0]LogClass: Display: IntProperty FMatchmakingConfiguration::additionalPlayerCount is not initialized properly. Module:GameLift File:Public/Model/MatchmakingConfiguration.h
[2024.04.02-07.19.11:488][  0]LogClass: Display: StructProperty FMatchmakingConfiguration::creationTime is not initialized properly. Module:GameLift File:Public/Model/MatchmakingConfiguration.h
[2024.04.02-07.19.11:488][  0]LogClass: Display: EnumProperty FMatchmakingConfiguration::backfillMode is not initialized properly. Module:GameLift File:Public/Model/MatchmakingConfiguration.h
[2024.04.02-07.19.11:488][  0]LogClass: Display: EnumProperty FMatchmakingConfiguration::flexMatchMode is not initialized properly. Module:GameLift File:Public/Model/MatchmakingConfiguration.h
[2024.04.02-07.19.11:488][  0]LogClass: Display: StructProperty FMatchmakingRuleSet::creationTime is not initialized properly. Module:GameLift File:Public/Model/MatchmakingRuleSet.h
[2024.04.02-07.19.11:488][  0]LogClass: Display: StructProperty FAWSPlayerSession::creationTime is not initialized properly. Module:GameLift File:Public/Model/PlayerSession.h
[2024.04.02-07.19.11:488][  0]LogClass: Display: StructProperty FAWSPlayerSession::terminationTime is not initialized properly. Module:GameLift File:Public/Model/PlayerSession.h
[2024.04.02-07.19.11:488][  0]LogClass: Display: EnumProperty FAWSPlayerSession::status is not initialized properly. Module:GameLift File:Public/Model/PlayerSession.h
[2024.04.02-07.19.11:488][  0]LogClass: Display: IntProperty FAWSPlayerSession::port is not initialized properly. Module:GameLift File:Public/Model/PlayerSession.h
[2024.04.02-07.19.11:489][  0]LogClass: Display: Int64Property FScript::sizeOnDisk is not initialized properly. Module:GameLift File:Public/Model/Script.h
[2024.04.02-07.19.11:489][  0]LogClass: Display: StructProperty FScript::creationTime is not initialized properly. Module:GameLift File:Public/Model/Script.h
[2024.04.02-07.19.11:489][  0]LogClass: Display: StructProperty FVpcPeeringAuthorization::creationTime is not initialized properly. Module:GameLift File:Public/Model/VpcPeeringAuthorization.h
[2024.04.02-07.19.11:489][  0]LogClass: Display: StructProperty FVpcPeeringAuthorization::expirationTime is not initialized properly. Module:GameLift File:Public/Model/VpcPeeringAuthorization.h
[2024.04.02-07.19.11:489][  0]LogClass: Display: EnumProperty FDeleteGameServerGroupRequest::deleteOption is not initialized properly. Module:GameLift File:Public/Model/DeleteGameServerGroupRequest.h
[2024.04.02-07.19.11:489][  0]LogClass: Display: EnumProperty FDescribeEC2InstanceLimitsRequest::eC2InstanceType is not initialized properly. Module:GameLift File:Public/Model/DescribeEC2InstanceLimitsRequest.h
[2024.04.02-07.19.11:489][  0]LogClass: Display: EnumProperty FEC2InstanceLimit::eC2InstanceType is not initialized properly. Module:GameLift File:Public/Model/EC2InstanceLimit.h
[2024.04.02-07.19.11:489][  0]LogClass: Display: IntProperty FEC2InstanceLimit::currentInstances is not initialized properly. Module:GameLift File:Public/Model/EC2InstanceLimit.h
[2024.04.02-07.19.11:489][  0]LogClass: Display: IntProperty FEC2InstanceLimit::instanceLimit is not initialized properly. Module:GameLift File:Public/Model/EC2InstanceLimit.h
[2024.04.02-07.19.11:490][  0]LogClass: Display: IntProperty FDescribeFleetAttributesRequest::limit is not initialized properly. Module:GameLift File:Public/Model/DescribeFleetAttributesRequest.h
[2024.04.02-07.19.11:490][  0]LogClass: Display: IntProperty FDescribeFleetCapacityRequest::limit is not initialized properly. Module:GameLift File:Public/Model/DescribeFleetCapacityRequest.h
[2024.04.02-07.19.11:490][  0]LogClass: Display: StructProperty FDescribeFleetEventsRequest::startTime is not initialized properly. Module:GameLift File:Public/Model/DescribeFleetEventsRequest.h
[2024.04.02-07.19.11:490][  0]LogClass: Display: StructProperty FDescribeFleetEventsRequest::endTime is not initialized properly. Module:GameLift File:Public/Model/DescribeFleetEventsRequest.h
[2024.04.02-07.19.11:490][  0]LogClass: Display: IntProperty FDescribeFleetEventsRequest::limit is not initialized properly. Module:GameLift File:Public/Model/DescribeFleetEventsRequest.h
[2024.04.02-07.19.11:490][  0]LogClass: Display: EnumProperty FDescribeFleetPortSettingsResult::updateStatus is not initialized properly. Module:GameLift File:Public/Model/DescribeFleetPortSettingsResult.h
[2024.04.02-07.19.11:490][  0]LogClass: Display: IntProperty FDescribeFleetUtilizationRequest::limit is not initialized properly. Module:GameLift File:Public/Model/DescribeFleetUtilizationRequest.h
[2024.04.02-07.19.11:491][  0]LogClass: Display: IntProperty FDescribeGameServerInstancesRequest::limit is not initialized properly. Module:GameLift File:Public/Model/DescribeGameServerInstancesRequest.h
[2024.04.02-07.19.11:491][  0]LogClass: Display: EnumProperty FGameServerInstance::instanceStatus is not initialized properly. Module:GameLift File:Public/Model/GameServerInstance.h
[2024.04.02-07.19.11:491][  0]LogClass: Display: IntProperty FDescribeGameSessionDetailsRequest::limit is not initialized properly. Module:GameLift File:Public/Model/DescribeGameSessionDetailsRequest.h
[2024.04.02-07.19.11:491][  0]LogClass: Display: EnumProperty FAWSGameSessionDetail::protectionPolicy is not initialized properly. Module:GameLift File:Public/Model/GameSessionDetail.h
[2024.04.02-07.19.11:491][  0]LogClass: Display: EnumProperty FGameSessionPlacement::status is not initialized properly. Module:GameLift File:Public/Model/GameSessionPlacement.h
[2024.04.02-07.19.11:491][  0]LogClass: Display: IntProperty FGameSessionPlacement::maximumPlayerSessionCount is not initialized properly. Module:GameLift File:Public/Model/GameSessionPlacement.h
[2024.04.02-07.19.11:491][  0]LogClass: Display: StructProperty FGameSessionPlacement::startTime is not initialized properly. Module:GameLift File:Public/Model/GameSessionPlacement.h
[2024.04.02-07.19.11:492][  0]LogClass: Display: StructProperty FGameSessionPlacement::endTime is not initialized properly. Module:GameLift File:Public/Model/GameSessionPlacement.h
[2024.04.02-07.19.11:492][  0]LogClass: Display: IntProperty FGameSessionPlacement::port is not initialized properly. Module:GameLift File:Public/Model/GameSessionPlacement.h
[2024.04.02-07.19.11:492][  0]LogClass: Display: FloatProperty FPlayerLatency::latencyInMilliseconds is not initialized properly. Module:GameLift File:Public/Model/PlayerLatency.h
[2024.04.02-07.19.11:492][  0]LogClass: Display: IntProperty FDescribeGameSessionQueuesRequest::limit is not initialized properly. Module:GameLift File:Public/Model/DescribeGameSessionQueuesRequest.h
[2024.04.02-07.19.11:492][  0]LogClass: Display: IntProperty FDescribeGameSessionsRequest::limit is not initialized properly. Module:GameLift File:Public/Model/DescribeGameSessionsRequest.h
[2024.04.02-07.19.11:492][  0]LogClass: Display: IntProperty FDescribeInstancesRequest::limit is not initialized properly. Module:GameLift File:Public/Model/DescribeInstancesRequest.h
[2024.04.02-07.19.11:492][  0]LogClass: Display: EnumProperty FInstance::operatingSystem is not initialized properly. Module:GameLift File:Public/Model/Instance.h
[2024.04.02-07.19.11:492][  0]LogClass: Display: EnumProperty FInstance::type is not initialized properly. Module:GameLift File:Public/Model/Instance.h
[2024.04.02-07.19.11:492][  0]LogClass: Display: EnumProperty FInstance::status is not initialized properly. Module:GameLift File:Public/Model/Instance.h
[2024.04.02-07.19.11:493][  0]LogClass: Display: StructProperty FInstance::creationTime is not initialized properly. Module:GameLift File:Public/Model/Instance.h
[2024.04.02-07.19.11:493][  0]LogClass: Display: IntProperty FDescribeMatchmakingConfigurationsRequest::limit is not initialized properly. Module:GameLift File:Public/Model/DescribeMatchmakingConfigurationsRequest.h
[2024.04.02-07.19.11:493][  0]LogClass: Display: EnumProperty FMatchmakingTicket::status is not initialized properly. Module:GameLift File:Public/Model/MatchmakingTicket.h
[2024.04.02-07.19.11:493][  0]LogClass: Display: StructProperty FMatchmakingTicket::startTime is not initialized properly. Module:GameLift File:Public/Model/MatchmakingTicket.h
[2024.04.02-07.19.11:493][  0]LogClass: Display: StructProperty FMatchmakingTicket::endTime is not initialized properly. Module:GameLift File:Public/Model/MatchmakingTicket.h
[2024.04.02-07.19.11:493][  0]LogClass: Display: IntProperty FMatchmakingTicket::estimatedWaitTime is not initialized properly. Module:GameLift File:Public/Model/MatchmakingTicket.h
[2024.04.02-07.19.11:493][  0]LogClass: Display: IntProperty FAWSGameSessionConnectionInfo::port is not initialized properly. Module:GameLift File:Public/Model/GameSessionConnectionInfo.h
[2024.04.02-07.19.11:493][  0]LogClass: Display: IntProperty FDescribeMatchmakingRuleSetsRequest::limit is not initialized properly. Module:GameLift File:Public/Model/DescribeMatchmakingRuleSetsRequest.h
[2024.04.02-07.19.11:493][  0]LogClass: Display: IntProperty FDescribePlayerSessionsRequest::limit is not initialized properly. Module:GameLift File:Public/Model/DescribePlayerSessionsRequest.h
[2024.04.02-07.19.11:493][  0]LogClass: Display: EnumProperty FDescribeScalingPoliciesRequest::statusFilter is not initialized properly. Module:GameLift File:Public/Model/DescribeScalingPoliciesRequest.h
[2024.04.02-07.19.11:494][  0]LogClass: Display: IntProperty FDescribeScalingPoliciesRequest::limit is not initialized properly. Module:GameLift File:Public/Model/DescribeScalingPoliciesRequest.h
[2024.04.02-07.19.11:494][  0]LogClass: Display: EnumProperty FScalingPolicy::status is not initialized properly. Module:GameLift File:Public/Model/ScalingPolicy.h
[2024.04.02-07.19.11:494][  0]LogClass: Display: IntProperty FScalingPolicy::scalingAdjustment is not initialized properly. Module:GameLift File:Public/Model/ScalingPolicy.h
[2024.04.02-07.19.11:494][  0]LogClass: Display: EnumProperty FScalingPolicy::scalingAdjustmentType is not initialized properly. Module:GameLift File:Public/Model/ScalingPolicy.h
[2024.04.02-07.19.11:494][  0]LogClass: Display: EnumProperty FScalingPolicy::comparisonOperator is not initialized properly. Module:GameLift File:Public/Model/ScalingPolicy.h
[2024.04.02-07.19.11:494][  0]LogClass: Display: FloatProperty FScalingPolicy::threshold is not initialized properly. Module:GameLift File:Public/Model/ScalingPolicy.h
[2024.04.02-07.19.11:494][  0]LogClass: Display: IntProperty FScalingPolicy::evaluationPeriods is not initialized properly. Module:GameLift File:Public/Model/ScalingPolicy.h
[2024.04.02-07.19.11:494][  0]LogClass: Display: EnumProperty FScalingPolicy::metricName is not initialized properly. Module:GameLift File:Public/Model/ScalingPolicy.h
[2024.04.02-07.19.11:494][  0]LogClass: Display: EnumProperty FScalingPolicy::policyType is not initialized properly. Module:GameLift File:Public/Model/ScalingPolicy.h
[2024.04.02-07.19.11:494][  0]LogClass: Display: EnumProperty FScalingPolicy::updateStatus is not initialized properly. Module:GameLift File:Public/Model/ScalingPolicy.h
[2024.04.02-07.19.11:495][  0]LogClass: Display: FloatProperty FTargetConfiguration::targetValue is not initialized properly. Module:GameLift File:Public/Model/TargetConfiguration.h
[2024.04.02-07.19.11:495][  0]LogClass: Display: EnumProperty FGameLiftListAliasesRequest::routingStrategyType is not initialized properly. Module:GameLift File:Public/Model/GameLiftListAliasesRequest.h
[2024.04.02-07.19.11:495][  0]LogClass: Display: IntProperty FGameLiftListAliasesRequest::limit is not initialized properly. Module:GameLift File:Public/Model/GameLiftListAliasesRequest.h
[2024.04.02-07.19.11:495][  0]LogClass: Display: EnumProperty FInstanceAccess::operatingSystem is not initialized properly. Module:GameLift File:Public/Model/InstanceAccess.h
[2024.04.02-07.19.11:495][  0]LogClass: Display: EnumProperty FListBuildsRequest::status is not initialized properly. Module:GameLift File:Public/Model/ListBuildsRequest.h
[2024.04.02-07.19.11:495][  0]LogClass: Display: IntProperty FListBuildsRequest::limit is not initialized properly. Module:GameLift File:Public/Model/ListBuildsRequest.h
[2024.04.02-07.19.11:495][  0]LogClass: Display: IntProperty FListFleetsRequest::limit is not initialized properly. Module:GameLift File:Public/Model/ListFleetsRequest.h
[2024.04.02-07.19.11:495][  0]LogClass: Display: IntProperty FListGameServerGroupsRequest::limit is not initialized properly. Module:GameLift File:Public/Model/ListGameServerGroupsRequest.h
[2024.04.02-07.19.11:496][  0]LogClass: Display: EnumProperty FListGameServersRequest::sortOrder is not initialized properly. Module:GameLift File:Public/Model/ListGameServersRequest.h
[2024.04.02-07.19.11:496][  0]LogClass: Display: IntProperty FListGameServersRequest::limit is not initialized properly. Module:GameLift File:Public/Model/ListGameServersRequest.h
[2024.04.02-07.19.11:496][  0]LogClass: Display: IntProperty FListScriptsRequest::limit is not initialized properly. Module:GameLift File:Public/Model/ListScriptsRequest.h
[2024.04.02-07.19.11:496][  0]LogClass: Display: IntProperty FPutScalingPolicyRequest::scalingAdjustment is not initialized properly. Module:GameLift File:Public/Model/PutScalingPolicyRequest.h
[2024.04.02-07.19.11:496][  0]LogClass: Display: EnumProperty FPutScalingPolicyRequest::scalingAdjustmentType is not initialized properly. Module:GameLift File:Public/Model/PutScalingPolicyRequest.h
[2024.04.02-07.19.11:496][  0]LogClass: Display: FloatProperty FPutScalingPolicyRequest::threshold is not initialized properly. Module:GameLift File:Public/Model/PutScalingPolicyRequest.h
[2024.04.02-07.19.11:496][  0]LogClass: Display: EnumProperty FPutScalingPolicyRequest::comparisonOperator is not initialized properly. Module:GameLift File:Public/Model/PutScalingPolicyRequest.h
[2024.04.02-07.19.11:496][  0]LogClass: Display: IntProperty FPutScalingPolicyRequest::evaluationPeriods is not initialized properly. Module:GameLift File:Public/Model/PutScalingPolicyRequest.h
[2024.04.02-07.19.11:496][  0]LogClass: Display: EnumProperty FPutScalingPolicyRequest::metricName is not initialized properly. Module:GameLift File:Public/Model/PutScalingPolicyRequest.h
[2024.04.02-07.19.11:496][  0]LogClass: Display: EnumProperty FPutScalingPolicyRequest::policyType is not initialized properly. Module:GameLift File:Public/Model/PutScalingPolicyRequest.h
[2024.04.02-07.19.11:496][  0]LogClass: Display: IntProperty FSearchGameSessionsRequest::limit is not initialized properly. Module:GameLift File:Public/Model/SearchGameSessionsRequest.h
[2024.04.02-07.19.11:497][  0]LogClass: Display: IntProperty FStartGameSessionPlacementRequest::maximumPlayerSessionCount is not initialized properly. Module:GameLift File:Public/Model/StartGameSessionPlacementRequest.h
[2024.04.02-07.19.11:497][  0]LogClass: Display: EnumProperty FUpdateFleetAttributesRequest::newGameSessionProtectionPolicy is not initialized properly. Module:GameLift File:Public/Model/UpdateFleetAttributesRequest.h
[2024.04.02-07.19.11:497][  0]LogClass: Display: IntProperty FUpdateFleetCapacityRequest::desiredInstances is not initialized properly. Module:GameLift File:Public/Model/UpdateFleetCapacityRequest.h
[2024.04.02-07.19.11:497][  0]LogClass: Display: IntProperty FUpdateFleetCapacityRequest::minSize is not initialized properly. Module:GameLift File:Public/Model/UpdateFleetCapacityRequest.h
[2024.04.02-07.19.11:497][  0]LogClass: Display: IntProperty FUpdateFleetCapacityRequest::maxSize is not initialized properly. Module:GameLift File:Public/Model/UpdateFleetCapacityRequest.h
[2024.04.02-07.19.11:497][  0]LogClass: Display: EnumProperty FUpdateGameServerGroupRequest::gameServerProtectionPolicy is not initialized properly. Module:GameLift File:Public/Model/UpdateGameServerGroupRequest.h
[2024.04.02-07.19.11:497][  0]LogClass: Display: EnumProperty FUpdateGameServerGroupRequest::balancingStrategy is not initialized properly. Module:GameLift File:Public/Model/UpdateGameServerGroupRequest.h
[2024.04.02-07.19.11:497][  0]LogClass: Display: EnumProperty FUpdateGameServerRequest::utilizationStatus is not initialized properly. Module:GameLift File:Public/Model/UpdateGameServerRequest.h
[2024.04.02-07.19.11:497][  0]LogClass: Display: EnumProperty FUpdateGameServerRequest::healthCheck is not initialized properly. Module:GameLift File:Public/Model/UpdateGameServerRequest.h
[2024.04.02-07.19.11:498][  0]LogClass: Display: IntProperty FUpdateGameSessionQueueRequest::timeoutInSeconds is not initialized properly. Module:GameLift File:Public/Model/UpdateGameSessionQueueRequest.h
[2024.04.02-07.19.11:498][  0]LogClass: Display: IntProperty FUpdateGameSessionRequest::maximumPlayerSessionCount is not initialized properly. Module:GameLift File:Public/Model/UpdateGameSessionRequest.h
[2024.04.02-07.19.11:498][  0]LogClass: Display: EnumProperty FUpdateGameSessionRequest::playerSessionCreationPolicy is not initialized properly. Module:GameLift File:Public/Model/UpdateGameSessionRequest.h
[2024.04.02-07.19.11:498][  0]LogClass: Display: EnumProperty FUpdateGameSessionRequest::protectionPolicy is not initialized properly. Module:GameLift File:Public/Model/UpdateGameSessionRequest.h
[2024.04.02-07.19.11:498][  0]LogClass: Display: IntProperty FUpdateMatchmakingConfigurationRequest::requestTimeoutSeconds is not initialized properly. Module:GameLift File:Public/Model/UpdateMatchmakingConfigurationRequest.h
[2024.04.02-07.19.11:498][  0]LogClass: Display: IntProperty FUpdateMatchmakingConfigurationRequest::acceptanceTimeoutSeconds is not initialized properly. Module:GameLift File:Public/Model/UpdateMatchmakingConfigurationRequest.h
[2024.04.02-07.19.11:498][  0]LogClass: Display: BoolProperty FUpdateMatchmakingConfigurationRequest::acceptanceRequired is not initialized properly. Module:GameLift File:Public/Model/UpdateMatchmakingConfigurationRequest.h
[2024.04.02-07.19.11:498][  0]LogClass: Display: IntProperty FUpdateMatchmakingConfigurationRequest::additionalPlayerCount is not initialized properly. Module:GameLift File:Public/Model/UpdateMatchmakingConfigurationRequest.h
[2024.04.02-07.19.11:498][  0]LogClass: Display: EnumProperty FUpdateMatchmakingConfigurationRequest::backfillMode is not initialized properly. Module:GameLift File:Public/Model/UpdateMatchmakingConfigurationRequest.h
[2024.04.02-07.19.11:498][  0]LogClass: Display: EnumProperty FUpdateMatchmakingConfigurationRequest::flexMatchMode is not initialized properly. Module:GameLift File:Public/Model/UpdateMatchmakingConfigurationRequest.h
[2024.04.02-07.19.11:498][  0]LogClass: Display: BoolProperty FValidateMatchmakingRuleSetResult::valid is not initialized properly. Module:GameLift File:Public/Model/ValidateMatchmakingRuleSetResult.h
[2024.04.02-07.19.11:499][  0]LogClass: Display: FloatProperty FAttributeValueServer::n is not initialized properly. Module:GameLiftServerSDK File:Public/Model/AttributeValueServer.h
[2024.04.02-07.19.11:499][  0]LogClass: Display: EnumProperty FAttributeValueServer::attrType is not initialized properly. Module:GameLiftServerSDK File:Public/Model/AttributeValueServer.h
[2024.04.02-07.19.11:499][  0]LogClass: Display: FloatProperty FKeyAndValue::value is not initialized properly. Module:GameLiftServerSDK File:Public/Model/AttributeValueServer.h
[2024.04.02-07.19.11:499][  0]LogClass: Display: IntProperty FAWSGameSessionServer::maximumPlayerSessionCount is not initialized properly. Module:GameLiftServerSDK File:Public/Model/AWSGameSessionServer.h
[2024.04.02-07.19.11:499][  0]LogClass: Display: EnumProperty FAWSGameSessionServer::status is not initialized properly. Module:GameLiftServerSDK File:Public/Model/AWSGameSessionServer.h
[2024.04.02-07.19.11:499][  0]LogClass: Display: IntProperty FAWSGameSessionServer::port is not initialized properly. Module:GameLiftServerSDK File:Public/Model/AWSGameSessionServer.h
[2024.04.02-07.19.11:499][  0]LogClass: Display: IntProperty FRegionAndLatency::latencyMs is not initialized properly. Module:GameLiftServerSDK File:Public/Model/AWSPlayerServer.h
[2024.04.02-07.19.11:499][  0]LogClass: Display: StructProperty FAWSPlayerSessionServer::creationTime is not initialized properly. Module:GameLiftServerSDK File:Public/Model/AWSPlayerSessionServer.h
[2024.04.02-07.19.11:499][  0]LogClass: Display: StructProperty FAWSPlayerSessionServer::terminationTime is not initialized properly. Module:GameLiftServerSDK File:Public/Model/AWSPlayerSessionServer.h
[2024.04.02-07.19.11:500][  0]LogClass: Display: EnumProperty FAWSPlayerSessionServer::status is not initialized properly. Module:GameLiftServerSDK File:Public/Model/AWSPlayerSessionServer.h
[2024.04.02-07.19.11:500][  0]LogClass: Display: IntProperty FAWSPlayerSessionServer::port is not initialized properly. Module:GameLiftServerSDK File:Public/Model/AWSPlayerSessionServer.h
[2024.04.02-07.19.11:500][  0]LogClass: Display: IntProperty FDescribePlayerSessionsRequestServer::limit is not initialized properly. Module:GameLiftServerSDK File:Public/Model/DescribePlayerSessionsRequestServer.h
[2024.04.02-07.19.11:500][  0]LogClass: Display: EnumProperty FUpdateGameSessionServer::updateReason is not initialized properly. Module:GameLiftServerSDK File:Public/Model/UpdateGameSessionServer.h
[2024.04.02-07.19.11:500][  0]LogClass: Display: IntProperty FRecoveryOptionType::priority is not initialized properly. Module:CognitoIdp File:Public/Model/RecoveryOptionType.h
[2024.04.02-07.19.11:500][  0]LogClass: Display: EnumProperty FRecoveryOptionType::name is not initialized properly. Module:CognitoIdp File:Public/Model/RecoveryOptionType.h
[2024.04.02-07.19.11:501][  0]LogClass: Display: BoolProperty FAccountTakeoverActionType::notify is not initialized properly. Module:CognitoIdp File:Public/Model/AccountTakeoverActionType.h
[2024.04.02-07.19.11:501][  0]LogClass: Display: EnumProperty FAccountTakeoverActionType::eventAction is not initialized properly. Module:CognitoIdp File:Public/Model/AccountTakeoverActionType.h
[2024.04.02-07.19.11:502][  0]LogClass: Display: EnumProperty FSchemaAttributeType::attributeDataType is not initialized properly. Module:CognitoIdp File:Public/Model/SchemaAttributeType.h
[2024.04.02-07.19.11:502][  0]LogClass: Display: BoolProperty FSchemaAttributeType::developerOnlyAttribute is not initialized properly. Module:CognitoIdp File:Public/Model/SchemaAttributeType.h
[2024.04.02-07.19.11:502][  0]LogClass: Display: BoolProperty FSchemaAttributeType::bIsMutable is not initialized properly. Module:CognitoIdp File:Public/Model/SchemaAttributeType.h
[2024.04.02-07.19.11:502][  0]LogClass: Display: BoolProperty FSchemaAttributeType::required is not initialized properly. Module:CognitoIdp File:Public/Model/SchemaAttributeType.h
[2024.04.02-07.19.11:502][  0]LogClass: Display: BoolProperty FAdminCreateUserConfigType::allowAdminCreateUserOnly is not initialized properly. Module:CognitoIdp File:Public/Model/AdminCreateUserConfigType.h
[2024.04.02-07.19.11:502][  0]LogClass: Display: IntProperty FAdminCreateUserConfigType::unusedAccountValidityDays is not initialized properly. Module:CognitoIdp File:Public/Model/AdminCreateUserConfigType.h
[2024.04.02-07.19.11:503][  0]LogClass: Display: BoolProperty FAdminCreateUserRequest::forceAliasCreation is not initialized properly. Module:CognitoIdp File:Public/Model/AdminCreateUserRequest.h
[2024.04.02-07.19.11:503][  0]LogClass: Display: EnumProperty FAdminCreateUserRequest::messageAction is not initialized properly. Module:CognitoIdp File:Public/Model/AdminCreateUserRequest.h
[2024.04.02-07.19.11:503][  0]LogClass: Display: StructProperty FUserType::userCreateDate is not initialized properly. Module:CognitoIdp File:Public/Model/UserType.h
[2024.04.02-07.19.11:503][  0]LogClass: Display: StructProperty FUserType::userLastModifiedDate is not initialized properly. Module:CognitoIdp File:Public/Model/UserType.h
[2024.04.02-07.19.11:503][  0]LogClass: Display: BoolProperty FUserType::enabled is not initialized properly. Module:CognitoIdp File:Public/Model/UserType.h
[2024.04.02-07.19.11:503][  0]LogClass: Display: EnumProperty FUserType::userStatus is not initialized properly. Module:CognitoIdp File:Public/Model/UserType.h
[2024.04.02-07.19.11:503][  0]LogClass: Display: EnumProperty FMFAOptionType::deliveryMedium is not initialized properly. Module:CognitoIdp File:Public/Model/MFAOptionType.h
[2024.04.02-07.19.11:504][  0]LogClass: Display: StructProperty FDeviceType::deviceCreateDate is not initialized properly. Module:CognitoIdp File:Public/Model/DeviceType.h
[2024.04.02-07.19.11:504][  0]LogClass: Display: StructProperty FDeviceType::deviceLastModifiedDate is not initialized properly. Module:CognitoIdp File:Public/Model/DeviceType.h
[2024.04.02-07.19.11:504][  0]LogClass: Display: StructProperty FDeviceType::deviceLastAuthenticatedDate is not initialized properly. Module:CognitoIdp File:Public/Model/DeviceType.h
[2024.04.02-07.19.11:504][  0]LogClass: Display: StructProperty FAdminGetUserResult::userCreateDate is not initialized properly. Module:CognitoIdp File:Public/Model/AdminGetUserResult.h
[2024.04.02-07.19.11:504][  0]LogClass: Display: StructProperty FAdminGetUserResult::userLastModifiedDate is not initialized properly. Module:CognitoIdp File:Public/Model/AdminGetUserResult.h
[2024.04.02-07.19.11:504][  0]LogClass: Display: BoolProperty FAdminGetUserResult::enabled is not initialized properly. Module:CognitoIdp File:Public/Model/AdminGetUserResult.h
[2024.04.02-07.19.11:504][  0]LogClass: Display: EnumProperty FAdminGetUserResult::userStatus is not initialized properly. Module:CognitoIdp File:Public/Model/AdminGetUserResult.h
[2024.04.02-07.19.11:504][  0]LogClass: Display: EnumProperty FAdminInitiateAuthRequest::authFlow is not initialized properly. Module:CognitoIdp File:Public/Model/AdminInitiateAuthRequest.h
[2024.04.02-07.19.11:504][  0]LogClass: Display: EnumProperty FAdminInitiateAuthResult::challengeName is not initialized properly. Module:CognitoIdp File:Public/Model/AdminInitiateAuthResult.h
[2024.04.02-07.19.11:504][  0]LogClass: Display: IntProperty FAuthenticationResultType::expiresIn is not initialized properly. Module:CognitoIdp File:Public/Model/AuthenticationResultType.h
[2024.04.02-07.19.11:504][  0]LogClass: Display: IntProperty FAdminListDevicesRequest::limit is not initialized properly. Module:CognitoIdp File:Public/Model/AdminListDevicesRequest.h
[2024.04.02-07.19.11:504][  0]LogClass: Display: IntProperty FAdminListGroupsForUserRequest::limit is not initialized properly. Module:CognitoIdp File:Public/Model/AdminListGroupsForUserRequest.h
[2024.04.02-07.19.11:505][  0]LogClass: Display: IntProperty FGroupType::precedence is not initialized properly. Module:CognitoIdp File:Public/Model/GroupType.h
[2024.04.02-07.19.11:505][  0]LogClass: Display: StructProperty FGroupType::lastModifiedDate is not initialized properly. Module:CognitoIdp File:Public/Model/GroupType.h
[2024.04.02-07.19.11:505][  0]LogClass: Display: StructProperty FGroupType::creationDate is not initialized properly. Module:CognitoIdp File:Public/Model/GroupType.h
[2024.04.02-07.19.11:505][  0]LogClass: Display: IntProperty FAdminListUserAuthEventsRequest::maxResults is not initialized properly. Module:CognitoIdp File:Public/Model/AdminListUserAuthEventsRequest.h
[2024.04.02-07.19.11:505][  0]LogClass: Display: EnumProperty FAuthEventType::eventType is not initialized properly. Module:CognitoIdp File:Public/Model/AuthEventType.h
[2024.04.02-07.19.11:505][  0]LogClass: Display: StructProperty FAuthEventType::creationDate is not initialized properly. Module:CognitoIdp File:Public/Model/AuthEventType.h
[2024.04.02-07.19.11:505][  0]LogClass: Display: EnumProperty FAuthEventType::eventResponse is not initialized properly. Module:CognitoIdp File:Public/Model/AuthEventType.h
[2024.04.02-07.19.11:505][  0]LogClass: Display: EnumProperty FEventFeedbackType::feedbackValue is not initialized properly. Module:CognitoIdp File:Public/Model/EventFeedbackType.h
[2024.04.02-07.19.11:505][  0]LogClass: Display: StructProperty FEventFeedbackType::feedbackDate is not initialized properly. Module:CognitoIdp File:Public/Model/EventFeedbackType.h
[2024.04.02-07.19.11:505][  0]LogClass: Display: EnumProperty FChallengeResponseType::challengeName is not initialized properly. Module:CognitoIdp File:Public/Model/ChallengeResponseType.h
[2024.04.02-07.19.11:506][  0]LogClass: Display: EnumProperty FChallengeResponseType::challengeResponse is not initialized properly. Module:CognitoIdp File:Public/Model/ChallengeResponseType.h
[2024.04.02-07.19.11:506][  0]LogClass: Display: EnumProperty FEventRiskType::riskDecision is not initialized properly. Module:CognitoIdp File:Public/Model/EventRiskType.h
[2024.04.02-07.19.11:507][  0]LogClass: Display: EnumProperty FEventRiskType::riskLevel is not initialized properly. Module:CognitoIdp File:Public/Model/EventRiskType.h
[2024.04.02-07.19.11:507][  0]LogClass: Display: BoolProperty FEventRiskType::compromisedCredentialsDetected is not initialized properly. Module:CognitoIdp File:Public/Model/EventRiskType.h
[2024.04.02-07.19.11:507][  0]LogClass: Display: EnumProperty FAdminRespondToAuthChallengeRequest::challengeName is not initialized properly. Module:CognitoIdp File:Public/Model/AdminRespondToAuthChallengeRequest.h
[2024.04.02-07.19.11:507][  0]LogClass: Display: EnumProperty FAdminRespondToAuthChallengeResult::challengeName is not initialized properly. Module:CognitoIdp File:Public/Model/AdminRespondToAuthChallengeResult.h
[2024.04.02-07.19.11:507][  0]LogClass: Display: BoolProperty FSoftwareTokenMfaSettingsType::enabled is not initialized properly. Module:CognitoIdp File:Public/Model/SoftwareTokenMfaSettingsType.h
[2024.04.02-07.19.11:507][  0]LogClass: Display: BoolProperty FSoftwareTokenMfaSettingsType::preferredMfa is not initialized properly. Module:CognitoIdp File:Public/Model/SoftwareTokenMfaSettingsType.h
[2024.04.02-07.19.11:507][  0]LogClass: Display: BoolProperty FSMSMfaSettingsType::enabled is not initialized properly. Module:CognitoIdp File:Public/Model/SMSMfaSettingsType.h
[2024.04.02-07.19.11:507][  0]LogClass: Display: BoolProperty FSMSMfaSettingsType::preferredMfa is not initialized properly. Module:CognitoIdp File:Public/Model/SMSMfaSettingsType.h
[2024.04.02-07.19.11:507][  0]LogClass: Display: BoolProperty FAdminSetUserPasswordRequest::permanent is not initialized properly. Module:CognitoIdp File:Public/Model/AdminSetUserPasswordRequest.h
[2024.04.02-07.19.11:508][  0]LogClass: Display: EnumProperty FAdminUpdateAuthEventFeedbackRequest::feedbackValue is not initialized properly. Module:CognitoIdp File:Public/Model/AdminUpdateAuthEventFeedbackRequest.h
[2024.04.02-07.19.11:508][  0]LogClass: Display: EnumProperty FAdminUpdateDeviceStatusRequest::deviceRememberedStatus is not initialized properly. Module:CognitoIdp File:Public/Model/AdminUpdateDeviceStatusRequest.h
[2024.04.02-07.19.11:508][  0]LogClass: Display: BoolProperty FAnalyticsConfigurationType::userDataShared is not initialized properly. Module:CognitoIdp File:Public/Model/AnalyticsConfigurationType.h
[2024.04.02-07.19.11:508][  0]LogClass: Display: EnumProperty FAWSCognitoIdpCustomEmailLambdaVersionConfigType::lambdaVersion is not initialized properly. Module:CognitoIdp File:Public/Model/AWSCognitoIdpCustomEmailLambdaVersionConfigType.h
[2024.04.02-07.19.11:508][  0]LogClass: Display: EnumProperty FAWSCognitoIdpCustomSMSLambdaVersionConfigType::lambdaVersion is not initialized properly. Module:CognitoIdp File:Public/Model/AWSCognitoIdpCustomSMSLambdaVersionConfigType.h
[2024.04.02-07.19.11:508][  0]LogClass: Display: EnumProperty FCodeDeliveryDetailsType::deliveryMedium is not initialized properly. Module:CognitoIdp File:Public/Model/CodeDeliveryDetailsType.h
[2024.04.02-07.19.11:508][  0]LogClass: Display: EnumProperty FCompromisedCredentialsActionsType::eventAction is not initialized properly. Module:CognitoIdp File:Public/Model/CompromisedCredentialsActionsType.h
[2024.04.02-07.19.11:508][  0]LogClass: Display: BoolProperty FConfirmDeviceResult::userConfirmationNecessary is not initialized properly. Module:CognitoIdp File:Public/Model/ConfirmDeviceResult.h
[2024.04.02-07.19.11:508][  0]LogClass: Display: BoolProperty FConfirmSignUpRequest::forceAliasCreation is not initialized properly. Module:CognitoIdp File:Public/Model/ConfirmSignUpRequest.h
[2024.04.02-07.19.11:508][  0]LogClass: Display: IntProperty FCreateGroupRequest::precedence is not initialized properly. Module:CognitoIdp File:Public/Model/CreateGroupRequest.h
[2024.04.02-07.19.11:509][  0]LogClass: Display: EnumProperty FCreateIdentityProviderRequest::providerType is not initialized properly. Module:CognitoIdp File:Public/Model/CreateIdentityProviderRequest.h
[2024.04.02-07.19.11:509][  0]LogClass: Display: EnumProperty FIdentityProviderType::providerType is not initialized properly. Module:CognitoIdp File:Public/Model/IdentityProviderType.h
[2024.04.02-07.19.11:509][  0]LogClass: Display: StructProperty FIdentityProviderType::lastModifiedDate is not initialized properly. Module:CognitoIdp File:Public/Model/IdentityProviderType.h
[2024.04.02-07.19.11:509][  0]LogClass: Display: StructProperty FIdentityProviderType::creationDate is not initialized properly. Module:CognitoIdp File:Public/Model/IdentityProviderType.h
[2024.04.02-07.19.11:509][  0]LogClass: Display: StructProperty FUserImportJobType::creationDate is not initialized properly. Module:CognitoIdp File:Public/Model/UserImportJobType.h
[2024.04.02-07.19.11:509][  0]LogClass: Display: StructProperty FUserImportJobType::startDate is not initialized properly. Module:CognitoIdp File:Public/Model/UserImportJobType.h
[2024.04.02-07.19.11:509][  0]LogClass: Display: StructProperty FUserImportJobType::completionDate is not initialized properly. Module:CognitoIdp File:Public/Model/UserImportJobType.h
[2024.04.02-07.19.11:509][  0]LogClass: Display: EnumProperty FUserImportJobType::status is not initialized properly. Module:CognitoIdp File:Public/Model/UserImportJobType.h
[2024.04.02-07.19.11:509][  0]LogClass: Display: Int64Property FUserImportJobType::importedUsers is not initialized properly. Module:CognitoIdp File:Public/Model/UserImportJobType.h
[2024.04.02-07.19.11:509][  0]LogClass: Display: Int64Property FUserImportJobType::skippedUsers is not initialized properly. Module:CognitoIdp File:Public/Model/UserImportJobType.h
[2024.04.02-07.19.11:510][  0]LogClass: Display: Int64Property FUserImportJobType::failedUsers is not initialized properly. Module:CognitoIdp File:Public/Model/UserImportJobType.h
[2024.04.02-07.19.11:510][  0]LogClass: Display: BoolProperty FCreateUserPoolClientRequest::generateSecret is not initialized properly. Module:CognitoIdp File:Public/Model/CreateUserPoolClientRequest.h
[2024.04.02-07.19.11:510][  0]LogClass: Display: IntProperty FCreateUserPoolClientRequest::refreshTokenValidity is not initialized properly. Module:CognitoIdp File:Public/Model/CreateUserPoolClientRequest.h
[2024.04.02-07.19.11:510][  0]LogClass: Display: IntProperty FCreateUserPoolClientRequest::accessTokenValidity is not initialized properly. Module:CognitoIdp File:Public/Model/CreateUserPoolClientRequest.h
[2024.04.02-07.19.11:510][  0]LogClass: Display: IntProperty FCreateUserPoolClientRequest::idTokenValidity is not initialized properly. Module:CognitoIdp File:Public/Model/CreateUserPoolClientRequest.h
[2024.04.02-07.19.11:510][  0]LogClass: Display: BoolProperty FCreateUserPoolClientRequest::allowedOAuthFlowsUserPoolClient is not initialized properly. Module:CognitoIdp File:Public/Model/CreateUserPoolClientRequest.h
[2024.04.02-07.19.11:510][  0]LogClass: Display: EnumProperty FCreateUserPoolClientRequest::preventUserExistenceErrors is not initialized properly. Module:CognitoIdp File:Public/Model/CreateUserPoolClientRequest.h
[2024.04.02-07.19.11:510][  0]LogClass: Display: EnumProperty FTokenValidityUnitsType::accessToken is not initialized properly. Module:CognitoIdp File:Public/Model/TokenValidityUnitsType.h
[2024.04.02-07.19.11:510][  0]LogClass: Display: EnumProperty FTokenValidityUnitsType::idToken is not initialized properly. Module:CognitoIdp File:Public/Model/TokenValidityUnitsType.h
[2024.04.02-07.19.11:510][  0]LogClass: Display: EnumProperty FTokenValidityUnitsType::refreshToken is not initialized properly. Module:CognitoIdp File:Public/Model/TokenValidityUnitsType.h
[2024.04.02-07.19.11:511][  0]LogClass: Display: StructProperty FUserPoolClientType::lastModifiedDate is not initialized properly. Module:CognitoIdp File:Public/Model/UserPoolClientType.h
[2024.04.02-07.19.11:511][  0]LogClass: Display: StructProperty FUserPoolClientType::creationDate is not initialized properly. Module:CognitoIdp File:Public/Model/UserPoolClientType.h
[2024.04.02-07.19.11:511][  0]LogClass: Display: IntProperty FUserPoolClientType::refreshTokenValidity is not initialized properly. Module:CognitoIdp File:Public/Model/UserPoolClientType.h
[2024.04.02-07.19.11:511][  0]LogClass: Display: IntProperty FUserPoolClientType::accessTokenValidity is not initialized properly. Module:CognitoIdp File:Public/Model/UserPoolClientType.h
[2024.04.02-07.19.11:511][  0]LogClass: Display: IntProperty FUserPoolClientType::idTokenValidity is not initialized properly. Module:CognitoIdp File:Public/Model/UserPoolClientType.h
[2024.04.02-07.19.11:511][  0]LogClass: Display: BoolProperty FUserPoolClientType::allowedOAuthFlowsUserPoolClient is not initialized properly. Module:CognitoIdp File:Public/Model/UserPoolClientType.h
[2024.04.02-07.19.11:511][  0]LogClass: Display: EnumProperty FUserPoolClientType::preventUserExistenceErrors is not initialized properly. Module:CognitoIdp File:Public/Model/UserPoolClientType.h
[2024.04.02-07.19.11:511][  0]LogClass: Display: EnumProperty FCreateUserPoolRequest::mfaConfiguration is not initialized properly. Module:CognitoIdp File:Public/Model/CreateUserPoolRequest.h
[2024.04.02-07.19.11:511][  0]LogClass: Display: BoolProperty FUsernameConfigurationType::caseSensitive is not initialized properly. Module:CognitoIdp File:Public/Model/UsernameConfigurationType.h
[2024.04.02-07.19.11:512][  0]LogClass: Display: EnumProperty FUserPoolAddOnsType::advancedSecurityMode is not initialized properly. Module:CognitoIdp File:Public/Model/UserPoolAddOnsType.h
[2024.04.02-07.19.11:512][  0]LogClass: Display: EnumProperty FEmailConfigurationType::emailSendingAccount is not initialized properly. Module:CognitoIdp File:Public/Model/EmailConfigurationType.h
[2024.04.02-07.19.11:512][  0]LogClass: Display: BoolProperty FDeviceConfigurationType::challengeRequiredOnNewDevice is not initialized properly. Module:CognitoIdp File:Public/Model/DeviceConfigurationType.h
[2024.04.02-07.19.11:512][  0]LogClass: Display: BoolProperty FDeviceConfigurationType::deviceOnlyRememberedOnUserPrompt is not initialized properly. Module:CognitoIdp File:Public/Model/DeviceConfigurationType.h
[2024.04.02-07.19.11:512][  0]LogClass: Display: EnumProperty FVerificationMessageTemplateType::defaultEmailOption is not initialized properly. Module:CognitoIdp File:Public/Model/VerificationMessageTemplateType.h
[2024.04.02-07.19.11:512][  0]LogClass: Display: IntProperty FPasswordPolicyType::minimumLength is not initialized properly. Module:CognitoIdp File:Public/Model/PasswordPolicyType.h
[2024.04.02-07.19.11:512][  0]LogClass: Display: BoolProperty FPasswordPolicyType::requireUppercase is not initialized properly. Module:CognitoIdp File:Public/Model/PasswordPolicyType.h
[2024.04.02-07.19.11:512][  0]LogClass: Display: BoolProperty FPasswordPolicyType::requireLowercase is not initialized properly. Module:CognitoIdp File:Public/Model/PasswordPolicyType.h
[2024.04.02-07.19.11:512][  0]LogClass: Display: BoolProperty FPasswordPolicyType::requireNumbers is not initialized properly. Module:CognitoIdp File:Public/Model/PasswordPolicyType.h
[2024.04.02-07.19.11:512][  0]LogClass: Display: BoolProperty FPasswordPolicyType::requireSymbols is not initialized properly. Module:CognitoIdp File:Public/Model/PasswordPolicyType.h
[2024.04.02-07.19.11:513][  0]LogClass: Display: IntProperty FPasswordPolicyType::temporaryPasswordValidityDays is not initialized properly. Module:CognitoIdp File:Public/Model/PasswordPolicyType.h
[2024.04.02-07.19.11:513][  0]LogClass: Display: EnumProperty FUserPoolType::status is not initialized properly. Module:CognitoIdp File:Public/Model/UserPoolType.h
[2024.04.02-07.19.11:513][  0]LogClass: Display: StructProperty FUserPoolType::lastModifiedDate is not initialized properly. Module:CognitoIdp File:Public/Model/UserPoolType.h
[2024.04.02-07.19.11:513][  0]LogClass: Display: StructProperty FUserPoolType::creationDate is not initialized properly. Module:CognitoIdp File:Public/Model/UserPoolType.h
[2024.04.02-07.19.11:513][  0]LogClass: Display: EnumProperty FUserPoolType::mfaConfiguration is not initialized properly. Module:CognitoIdp File:Public/Model/UserPoolType.h
[2024.04.02-07.19.11:513][  0]LogClass: Display: IntProperty FUserPoolType::estimatedNumberOfUsers is not initialized properly. Module:CognitoIdp File:Public/Model/UserPoolType.h
[2024.04.02-07.19.11:514][  0]LogClass: Display: StructProperty FRiskConfigurationType::lastModifiedDate is not initialized properly. Module:CognitoIdp File:Public/Model/RiskConfigurationType.h
[2024.04.02-07.19.11:514][  0]LogClass: Display: EnumProperty FDomainDescriptionType::status is not initialized properly. Module:CognitoIdp File:Public/Model/DomainDescriptionType.h
[2024.04.02-07.19.11:514][  0]LogClass: Display: StructProperty FUICustomizationType::lastModifiedDate is not initialized properly. Module:CognitoIdp File:Public/Model/UICustomizationType.h
[2024.04.02-07.19.11:514][  0]LogClass: Display: StructProperty FUICustomizationType::creationDate is not initialized properly. Module:CognitoIdp File:Public/Model/UICustomizationType.h
[2024.04.02-07.19.11:514][  0]LogClass: Display: EnumProperty FGetUserPoolMfaConfigResult::mfaConfiguration is not initialized properly. Module:CognitoIdp File:Public/Model/GetUserPoolMfaConfigResult.h
[2024.04.02-07.19.11:514][  0]LogClass: Display: BoolProperty FSoftwareTokenMfaConfigType::enabled is not initialized properly. Module:CognitoIdp File:Public/Model/SoftwareTokenMfaConfigType.h
[2024.04.02-07.19.11:514][  0]LogClass: Display: EnumProperty FInitiateAuthRequest::authFlow is not initialized properly. Module:CognitoIdp File:Public/Model/InitiateAuthRequest.h
[2024.04.02-07.19.11:514][  0]LogClass: Display: EnumProperty FInitiateAuthResult::challengeName is not initialized properly. Module:CognitoIdp File:Public/Model/InitiateAuthResult.h
[2024.04.02-07.19.11:515][  0]LogClass: Display: IntProperty FListDevicesRequest::limit is not initialized properly. Module:CognitoIdp File:Public/Model/ListDevicesRequest.h
[2024.04.02-07.19.11:515][  0]LogClass: Display: IntProperty FListGroupsRequest::limit is not initialized properly. Module:CognitoIdp File:Public/Model/ListGroupsRequest.h
[2024.04.02-07.19.11:515][  0]LogClass: Display: IntProperty FListIdentityProvidersRequest::maxResults is not initialized properly. Module:CognitoIdp File:Public/Model/ListIdentityProvidersRequest.h
[2024.04.02-07.19.11:515][  0]LogClass: Display: EnumProperty FProviderDescription::providerType is not initialized properly. Module:CognitoIdp File:Public/Model/ProviderDescription.h
[2024.04.02-07.19.11:515][  0]LogClass: Display: StructProperty FProviderDescription::lastModifiedDate is not initialized properly. Module:CognitoIdp File:Public/Model/ProviderDescription.h
[2024.04.02-07.19.11:515][  0]LogClass: Display: StructProperty FProviderDescription::creationDate is not initialized properly. Module:CognitoIdp File:Public/Model/ProviderDescription.h
[2024.04.02-07.19.11:515][  0]LogClass: Display: IntProperty FListResourceServersRequest::maxResults is not initialized properly. Module:CognitoIdp File:Public/Model/ListResourceServersRequest.h
[2024.04.02-07.19.11:515][  0]LogClass: Display: IntProperty FListUserImportJobsRequest::maxResults is not initialized properly. Module:CognitoIdp File:Public/Model/ListUserImportJobsRequest.h
[2024.04.02-07.19.11:515][  0]LogClass: Display: IntProperty FListUserPoolClientsRequest::maxResults is not initialized properly. Module:CognitoIdp File:Public/Model/ListUserPoolClientsRequest.h
[2024.04.02-07.19.11:516][  0]LogClass: Display: IntProperty FListUserPoolsRequest::maxResults is not initialized properly. Module:CognitoIdp File:Public/Model/ListUserPoolsRequest.h
[2024.04.02-07.19.11:516][  0]LogClass: Display: EnumProperty FUserPoolDescriptionType::status is not initialized properly. Module:CognitoIdp File:Public/Model/UserPoolDescriptionType.h
[2024.04.02-07.19.11:516][  0]LogClass: Display: StructProperty FUserPoolDescriptionType::lastModifiedDate is not initialized properly. Module:CognitoIdp File:Public/Model/UserPoolDescriptionType.h
[2024.04.02-07.19.11:516][  0]LogClass: Display: StructProperty FUserPoolDescriptionType::creationDate is not initialized properly. Module:CognitoIdp File:Public/Model/UserPoolDescriptionType.h
[2024.04.02-07.19.11:516][  0]LogClass: Display: IntProperty FListUsersInGroupRequest::limit is not initialized properly. Module:CognitoIdp File:Public/Model/ListUsersInGroupRequest.h
[2024.04.02-07.19.11:516][  0]LogClass: Display: IntProperty FListUsersRequest::limit is not initialized properly. Module:CognitoIdp File:Public/Model/ListUsersRequest.h
[2024.04.02-07.19.11:516][  0]LogClass: Display: EnumProperty FRespondToAuthChallengeRequest::challengeName is not initialized properly. Module:CognitoIdp File:Public/Model/RespondToAuthChallengeRequest.h
[2024.04.02-07.19.11:516][  0]LogClass: Display: EnumProperty FRespondToAuthChallengeResult::challengeName is not initialized properly. Module:CognitoIdp File:Public/Model/RespondToAuthChallengeResult.h
[2024.04.02-07.19.11:516][  0]LogClass: Warning: ObjectProperty FSetUICustomizationRequest::imageFile is not initialized properly. Module:CognitoIdp File:Public/Model/SetUICustomizationRequest.h
[2024.04.02-07.19.11:516][  0]LogClass: Display: EnumProperty FSetUserPoolMfaConfigRequest::mfaConfiguration is not initialized properly. Module:CognitoIdp File:Public/Model/SetUserPoolMfaConfigRequest.h
[2024.04.02-07.19.11:517][  0]LogClass: Display: EnumProperty FSetUserPoolMfaConfigResult::mfaConfiguration is not initialized properly. Module:CognitoIdp File:Public/Model/SetUserPoolMfaConfigResult.h
[2024.04.02-07.19.11:517][  0]LogClass: Display: BoolProperty FSignUpResult::userConfirmed is not initialized properly. Module:CognitoIdp File:Public/Model/SignUpResult.h
[2024.04.02-07.19.11:517][  0]LogClass: Display: EnumProperty FUpdateAuthEventFeedbackRequest::feedbackValue is not initialized properly. Module:CognitoIdp File:Public/Model/UpdateAuthEventFeedbackRequest.h
[2024.04.02-07.19.11:517][  0]LogClass: Display: EnumProperty FUpdateDeviceStatusRequest::deviceRememberedStatus is not initialized properly. Module:CognitoIdp File:Public/Model/UpdateDeviceStatusRequest.h
[2024.04.02-07.19.11:517][  0]LogClass: Display: IntProperty FUpdateGroupRequest::precedence is not initialized properly. Module:CognitoIdp File:Public/Model/UpdateGroupRequest.h
[2024.04.02-07.19.11:517][  0]LogClass: Display: IntProperty FUpdateUserPoolClientRequest::refreshTokenValidity is not initialized properly. Module:CognitoIdp File:Public/Model/UpdateUserPoolClientRequest.h
[2024.04.02-07.19.11:517][  0]LogClass: Display: IntProperty FUpdateUserPoolClientRequest::accessTokenValidity is not initialized properly. Module:CognitoIdp File:Public/Model/UpdateUserPoolClientRequest.h
[2024.04.02-07.19.11:517][  0]LogClass: Display: IntProperty FUpdateUserPoolClientRequest::idTokenValidity is not initialized properly. Module:CognitoIdp File:Public/Model/UpdateUserPoolClientRequest.h
[2024.04.02-07.19.11:518][  0]LogClass: Display: BoolProperty FUpdateUserPoolClientRequest::allowedOAuthFlowsUserPoolClient is not initialized properly. Module:CognitoIdp File:Public/Model/UpdateUserPoolClientRequest.h
[2024.04.02-07.19.11:518][  0]LogClass: Display: EnumProperty FUpdateUserPoolClientRequest::preventUserExistenceErrors is not initialized properly. Module:CognitoIdp File:Public/Model/UpdateUserPoolClientRequest.h
[2024.04.02-07.19.11:518][  0]LogClass: Display: EnumProperty FUpdateUserPoolRequest::mfaConfiguration is not initialized properly. Module:CognitoIdp File:Public/Model/UpdateUserPoolRequest.h
[2024.04.02-07.19.11:518][  0]LogClass: Display: EnumProperty FVerifySoftwareTokenResult::status is not initialized properly. Module:CognitoIdp File:Public/Model/VerifySoftwareTokenResult.h
[2024.04.02-07.19.11:518][  0]LogClass: Display: BoolProperty FAWSCognitoIdentityGetPrincipalTagAttributeMapResult::useDefaults is not initialized properly. Module:CognitoIdentity File:Public/Model/AWSCognitoIdentityGetPrincipalTagAttributeMapResult.h
[2024.04.02-07.19.11:519][  0]LogClass: Display: BoolProperty FAWSCognitoIdentitySetPrincipalTagAttributeMapRequest::useDefaults is not initialized properly. Module:CognitoIdentity File:Public/Model/AWSCognitoIdentitySetPrincipalTagAttributeMapRequest.h
[2024.04.02-07.19.11:519][  0]LogClass: Display: BoolProperty FAWSCognitoIdentitySetPrincipalTagAttributeMapResult::useDefaults is not initialized properly. Module:CognitoIdentity File:Public/Model/AWSCognitoIdentitySetPrincipalTagAttributeMapResult.h
[2024.04.02-07.19.11:519][  0]LogClass: Display: StructProperty FCognitoCredentials::expiration is not initialized properly. Module:CognitoIdentity File:Public/Model/CognitoCredentials.h
[2024.04.02-07.19.11:519][  0]LogClass: Display: BoolProperty FCognitoIdentityProvider::serverSideTokenCheck is not initialized properly. Module:CognitoIdentity File:Public/Model/CognitoIdentityProvider.h
[2024.04.02-07.19.11:519][  0]LogClass: Display: BoolProperty FCreateIdentityPoolRequest::allowUnauthenticatedIdentities is not initialized properly. Module:CognitoIdentity File:Public/Model/CreateIdentityPoolRequest.h
[2024.04.02-07.19.11:520][  0]LogClass: Display: BoolProperty FCreateIdentityPoolRequest::allowClassicFlow is not initialized properly. Module:CognitoIdentity File:Public/Model/CreateIdentityPoolRequest.h
[2024.04.02-07.19.11:520][  0]LogClass: Display: BoolProperty FCreateIdentityPoolResult::allowUnauthenticatedIdentities is not initialized properly. Module:CognitoIdentity File:Public/Model/CreateIdentityPoolResult.h
[2024.04.02-07.19.11:520][  0]LogClass: Display: BoolProperty FCreateIdentityPoolResult::allowClassicFlow is not initialized properly. Module:CognitoIdentity File:Public/Model/CreateIdentityPoolResult.h
[2024.04.02-07.19.11:520][  0]LogClass: Display: EnumProperty FUnprocessedIdentityId::errorCode is not initialized properly. Module:CognitoIdentity File:Public/Model/UnprocessedIdentityId.h
[2024.04.02-07.19.11:520][  0]LogClass: Display: BoolProperty FDescribeIdentityPoolResult::allowUnauthenticatedIdentities is not initialized properly. Module:CognitoIdentity File:Public/Model/DescribeIdentityPoolResult.h
[2024.04.02-07.19.11:520][  0]LogClass: Display: BoolProperty FDescribeIdentityPoolResult::allowClassicFlow is not initialized properly. Module:CognitoIdentity File:Public/Model/DescribeIdentityPoolResult.h
[2024.04.02-07.19.11:520][  0]LogClass: Display: StructProperty FDescribeIdentityResult::creationDate is not initialized properly. Module:CognitoIdentity File:Public/Model/DescribeIdentityResult.h
[2024.04.02-07.19.11:520][  0]LogClass: Display: StructProperty FDescribeIdentityResult::lastModifiedDate is not initialized properly. Module:CognitoIdentity File:Public/Model/DescribeIdentityResult.h
[2024.04.02-07.19.11:520][  0]LogClass: Display: EnumProperty FRoleMapping::type is not initialized properly. Module:CognitoIdentity File:Public/Model/RoleMapping.h
[2024.04.02-07.19.11:521][  0]LogClass: Display: EnumProperty FRoleMapping::ambiguousRoleResolution is not initialized properly. Module:CognitoIdentity File:Public/Model/RoleMapping.h
[2024.04.02-07.19.11:521][  0]LogClass: Display: EnumProperty FMappingRule::matchType is not initialized properly. Module:CognitoIdentity File:Public/Model/MappingRule.h
[2024.04.02-07.19.11:521][  0]LogClass: Display: Int64Property FGetOpenIdTokenForDeveloperIdentityRequest::tokenDuration is not initialized properly. Module:CognitoIdentity File:Public/Model/GetOpenIdTokenForDeveloperIdentityRequest.h
[2024.04.02-07.19.11:521][  0]LogClass: Display: StructProperty FIdentityDescription::creationDate is not initialized properly. Module:CognitoIdentity File:Public/Model/IdentityDescription.h
[2024.04.02-07.19.11:521][  0]LogClass: Display: StructProperty FIdentityDescription::lastModifiedDate is not initialized properly. Module:CognitoIdentity File:Public/Model/IdentityDescription.h
[2024.04.02-07.19.11:521][  0]LogClass: Display: IntProperty FListIdentitiesRequest::maxResults is not initialized properly. Module:CognitoIdentity File:Public/Model/ListIdentitiesRequest.h
[2024.04.02-07.19.11:521][  0]LogClass: Display: BoolProperty FListIdentitiesRequest::hideDisabled is not initialized properly. Module:CognitoIdentity File:Public/Model/ListIdentitiesRequest.h
[2024.04.02-07.19.11:521][  0]LogClass: Display: IntProperty FListIdentityPoolsRequest::maxResults is not initialized properly. Module:CognitoIdentity File:Public/Model/ListIdentityPoolsRequest.h
[2024.04.02-07.19.11:521][  0]LogClass: Display: IntProperty FLookupDeveloperIdentityRequest::maxResults is not initialized properly. Module:CognitoIdentity File:Public/Model/LookupDeveloperIdentityRequest.h
[2024.04.02-07.19.11:522][  0]LogClass: Display: BoolProperty FUpdateIdentityPoolRequest::allowUnauthenticatedIdentities is not initialized properly. Module:CognitoIdentity File:Public/Model/UpdateIdentityPoolRequest.h
[2024.04.02-07.19.11:522][  0]LogClass: Display: BoolProperty FUpdateIdentityPoolRequest::allowClassicFlow is not initialized properly. Module:CognitoIdentity File:Public/Model/UpdateIdentityPoolRequest.h
[2024.04.02-07.19.11:522][  0]LogClass: Display: BoolProperty FUpdateIdentityPoolResult::allowUnauthenticatedIdentities is not initialized properly. Module:CognitoIdentity File:Public/Model/UpdateIdentityPoolResult.h
[2024.04.02-07.19.11:522][  0]LogClass: Display: BoolProperty FUpdateIdentityPoolResult::allowClassicFlow is not initialized properly. Module:CognitoIdentity File:Public/Model/UpdateIdentityPoolResult.h
[2024.04.02-07.19.11:522][  0]LogClass: Display: Int64Property FAccountLimit::totalCodeSize is not initialized properly. Module:Lambda File:Public/Model/AccountLimit.h
[2024.04.02-07.19.11:522][  0]LogClass: Display: Int64Property FAccountLimit::codeSizeUnzipped is not initialized properly. Module:Lambda File:Public/Model/AccountLimit.h
[2024.04.02-07.19.11:522][  0]LogClass: Display: Int64Property FAccountLimit::codeSizeZipped is not initialized properly. Module:Lambda File:Public/Model/AccountLimit.h
[2024.04.02-07.19.11:522][  0]LogClass: Display: IntProperty FAccountLimit::concurrentExecutions is not initialized properly. Module:Lambda File:Public/Model/AccountLimit.h
[2024.04.02-07.19.11:523][  0]LogClass: Display: IntProperty FAccountLimit::unreservedConcurrentExecutions is not initialized properly. Module:Lambda File:Public/Model/AccountLimit.h
[2024.04.02-07.19.11:523][  0]LogClass: Display: Int64Property FAccountUsage::totalCodeSize is not initialized properly. Module:Lambda File:Public/Model/AccountUsage.h
[2024.04.02-07.19.11:523][  0]LogClass: Display: Int64Property FAccountUsage::functionCount is not initialized properly. Module:Lambda File:Public/Model/AccountUsage.h
[2024.04.02-07.19.11:523][  0]LogClass: Display: Int64Property FAddLayerVersionPermissionRequest::versionNumber is not initialized properly. Module:Lambda File:Public/Model/AddLayerVersionPermissionRequest.h
[2024.04.02-07.19.11:524][  0]LogClass: Display: EnumProperty FAWSLambdaCodeSigningPolicies::untrustedArtifactOnDeployment is not initialized properly. Module:Lambda File:Public/Model/AWSLambdaCodeSigningPolicies.h
[2024.04.02-07.19.11:524][  0]LogClass: Display: IntProperty FAWSLambdaListCodeSigningConfigsRequest::maxItems is not initialized properly. Module:Lambda File:Public/Model/AWSLambdaListCodeSigningConfigsRequest.h
[2024.04.02-07.19.11:524][  0]LogClass: Display: IntProperty FAWSLambdaListFunctionsByCodeSigningConfigRequest::maxItems is not initialized properly. Module:Lambda File:Public/Model/AWSLambdaListFunctionsByCodeSigningConfigRequest.h
[2024.04.02-07.19.11:524][  0]LogClass: Display: EnumProperty FAWSLambdaSourceAccessConfiguration::type is not initialized properly. Module:Lambda File:Public/Model/AWSLambdaSourceAccessConfiguration.h
[2024.04.02-07.19.11:524][  0]LogClass: Display: Int64Property FAWSLayer::codeSize is not initialized properly. Module:Lambda File:Public/Model/AWSLayer.h
[2024.04.02-07.19.11:524][  0]LogClass: Display: IntProperty FConcurrency::reservedConcurrentExecutions is not initialized properly. Module:Lambda File:Public/Model/Concurrency.h
[2024.04.02-07.19.11:524][  0]LogClass: Display: BoolProperty FCreateEventSourceMappingRequest::enabled is not initialized properly. Module:Lambda File:Public/Model/CreateEventSourceMappingRequest.h
[2024.04.02-07.19.11:524][  0]LogClass: Display: IntProperty FCreateEventSourceMappingRequest::batchSize is not initialized properly. Module:Lambda File:Public/Model/CreateEventSourceMappingRequest.h
[2024.04.02-07.19.11:525][  0]LogClass: Display: IntProperty FCreateEventSourceMappingRequest::maximumBatchingWindowInSeconds is not initialized properly. Module:Lambda File:Public/Model/CreateEventSourceMappingRequest.h
[2024.04.02-07.19.11:525][  0]LogClass: Display: IntProperty FCreateEventSourceMappingRequest::parallelizationFactor is not initialized properly. Module:Lambda File:Public/Model/CreateEventSourceMappingRequest.h
[2024.04.02-07.19.11:525][  0]LogClass: Display: EnumProperty FCreateEventSourceMappingRequest::startingPosition is not initialized properly. Module:Lambda File:Public/Model/CreateEventSourceMappingRequest.h
[2024.04.02-07.19.11:525][  0]LogClass: Display: StructProperty FCreateEventSourceMappingRequest::startingPositionTimestamp is not initialized properly. Module:Lambda File:Public/Model/CreateEventSourceMappingRequest.h
[2024.04.02-07.19.11:525][  0]LogClass: Display: IntProperty FCreateEventSourceMappingRequest::maximumRecordAgeInSeconds is not initialized properly. Module:Lambda File:Public/Model/CreateEventSourceMappingRequest.h
[2024.04.02-07.19.11:525][  0]LogClass: Display: BoolProperty FCreateEventSourceMappingRequest::bisectBatchOnFunctionError is not initialized properly. Module:Lambda File:Public/Model/CreateEventSourceMappingRequest.h
[2024.04.02-07.19.11:525][  0]LogClass: Display: IntProperty FCreateEventSourceMappingRequest::maximumRetryAttempts is not initialized properly. Module:Lambda File:Public/Model/CreateEventSourceMappingRequest.h
[2024.04.02-07.19.11:525][  0]LogClass: Display: IntProperty FCreateEventSourceMappingRequest::tumblingWindowInSeconds is not initialized properly. Module:Lambda File:Public/Model/CreateEventSourceMappingRequest.h
[2024.04.02-07.19.11:526][  0]LogClass: Display: EnumProperty FCreateEventSourceMappingResult::startingPosition is not initialized properly. Module:Lambda File:Public/Model/CreateEventSourceMappingResult.h
[2024.04.02-07.19.11:526][  0]LogClass: Display: StructProperty FCreateEventSourceMappingResult::startingPositionTimestamp is not initialized properly. Module:Lambda File:Public/Model/CreateEventSourceMappingResult.h
[2024.04.02-07.19.11:526][  0]LogClass: Display: IntProperty FCreateEventSourceMappingResult::batchSize is not initialized properly. Module:Lambda File:Public/Model/CreateEventSourceMappingResult.h
[2024.04.02-07.19.11:526][  0]LogClass: Display: IntProperty FCreateEventSourceMappingResult::maximumBatchingWindowInSeconds is not initialized properly. Module:Lambda File:Public/Model/CreateEventSourceMappingResult.h
[2024.04.02-07.19.11:527][  0]LogClass: Display: IntProperty FCreateEventSourceMappingResult::parallelizationFactor is not initialized properly. Module:Lambda File:Public/Model/CreateEventSourceMappingResult.h
[2024.04.02-07.19.11:527][  0]LogClass: Display: StructProperty FCreateEventSourceMappingResult::lastModified is not initialized properly. Module:Lambda File:Public/Model/CreateEventSourceMappingResult.h
[2024.04.02-07.19.11:527][  0]LogClass: Display: IntProperty FCreateEventSourceMappingResult::maximumRecordAgeInSeconds is not initialized properly. Module:Lambda File:Public/Model/CreateEventSourceMappingResult.h
[2024.04.02-07.19.11:527][  0]LogClass: Display: BoolProperty FCreateEventSourceMappingResult::bisectBatchOnFunctionError is not initialized properly. Module:Lambda File:Public/Model/CreateEventSourceMappingResult.h
[2024.04.02-07.19.11:527][  0]LogClass: Display: IntProperty FCreateEventSourceMappingResult::maximumRetryAttempts is not initialized properly. Module:Lambda File:Public/Model/CreateEventSourceMappingResult.h
[2024.04.02-07.19.11:527][  0]LogClass: Display: IntProperty FCreateEventSourceMappingResult::tumblingWindowInSeconds is not initialized properly. Module:Lambda File:Public/Model/CreateEventSourceMappingResult.h
[2024.04.02-07.19.11:527][  0]LogClass: Display: EnumProperty FCreateFunctionRequest::runtime is not initialized properly. Module:Lambda File:Public/Model/CreateFunctionRequest.h
[2024.04.02-07.19.11:527][  0]LogClass: Display: IntProperty FCreateFunctionRequest::timeout is not initialized properly. Module:Lambda File:Public/Model/CreateFunctionRequest.h
[2024.04.02-07.19.11:527][  0]LogClass: Display: IntProperty FCreateFunctionRequest::memorySize is not initialized properly. Module:Lambda File:Public/Model/CreateFunctionRequest.h
[2024.04.02-07.19.11:527][  0]LogClass: Display: BoolProperty FCreateFunctionRequest::publish is not initialized properly. Module:Lambda File:Public/Model/CreateFunctionRequest.h
[2024.04.02-07.19.11:527][  0]LogClass: Display: EnumProperty FCreateFunctionRequest::packageType is not initialized properly. Module:Lambda File:Public/Model/CreateFunctionRequest.h
[2024.04.02-07.19.11:527][  0]LogClass: Display: EnumProperty FTracingConfig::mode is not initialized properly. Module:Lambda File:Public/Model/TracingConfig.h
[2024.04.02-07.19.11:528][  0]LogClass: Display: EnumProperty FCreateFunctionResult::runtime is not initialized properly. Module:Lambda File:Public/Model/CreateFunctionResult.h
[2024.04.02-07.19.11:528][  0]LogClass: Display: Int64Property FCreateFunctionResult::codeSize is not initialized properly. Module:Lambda File:Public/Model/CreateFunctionResult.h
[2024.04.02-07.19.11:528][  0]LogClass: Display: IntProperty FCreateFunctionResult::timeout is not initialized properly. Module:Lambda File:Public/Model/CreateFunctionResult.h
[2024.04.02-07.19.11:528][  0]LogClass: Display: IntProperty FCreateFunctionResult::memorySize is not initialized properly. Module:Lambda File:Public/Model/CreateFunctionResult.h
[2024.04.02-07.19.11:528][  0]LogClass: Display: EnumProperty FCreateFunctionResult::state is not initialized properly. Module:Lambda File:Public/Model/CreateFunctionResult.h
[2024.04.02-07.19.11:528][  0]LogClass: Display: EnumProperty FCreateFunctionResult::stateReasonCode is not initialized properly. Module:Lambda File:Public/Model/CreateFunctionResult.h
[2024.04.02-07.19.11:529][  0]LogClass: Display: EnumProperty FCreateFunctionResult::lastUpdateStatus is not initialized properly. Module:Lambda File:Public/Model/CreateFunctionResult.h
[2024.04.02-07.19.11:529][  0]LogClass: Display: EnumProperty FCreateFunctionResult::lastUpdateStatusReasonCode is not initialized properly. Module:Lambda File:Public/Model/CreateFunctionResult.h
[2024.04.02-07.19.11:529][  0]LogClass: Display: EnumProperty FCreateFunctionResult::packageType is not initialized properly. Module:Lambda File:Public/Model/CreateFunctionResult.h
[2024.04.02-07.19.11:529][  0]LogClass: Display: EnumProperty FTracingConfigResponse::mode is not initialized properly. Module:Lambda File:Public/Model/TracingConfigResponse.h
[2024.04.02-07.19.11:529][  0]LogClass: Display: EnumProperty FDeleteEventSourceMappingResult::startingPosition is not initialized properly. Module:Lambda File:Public/Model/DeleteEventSourceMappingResult.h
[2024.04.02-07.19.11:529][  0]LogClass: Display: StructProperty FDeleteEventSourceMappingResult::startingPositionTimestamp is not initialized properly. Module:Lambda File:Public/Model/DeleteEventSourceMappingResult.h
[2024.04.02-07.19.11:529][  0]LogClass: Display: IntProperty FDeleteEventSourceMappingResult::batchSize is not initialized properly. Module:Lambda File:Public/Model/DeleteEventSourceMappingResult.h
[2024.04.02-07.19.11:529][  0]LogClass: Display: IntProperty FDeleteEventSourceMappingResult::maximumBatchingWindowInSeconds is not initialized properly. Module:Lambda File:Public/Model/DeleteEventSourceMappingResult.h
[2024.04.02-07.19.11:529][  0]LogClass: Display: IntProperty FDeleteEventSourceMappingResult::parallelizationFactor is not initialized properly. Module:Lambda File:Public/Model/DeleteEventSourceMappingResult.h
[2024.04.02-07.19.11:530][  0]LogClass: Display: StructProperty FDeleteEventSourceMappingResult::lastModified is not initialized properly. Module:Lambda File:Public/Model/DeleteEventSourceMappingResult.h
[2024.04.02-07.19.11:530][  0]LogClass: Display: IntProperty FDeleteEventSourceMappingResult::maximumRecordAgeInSeconds is not initialized properly. Module:Lambda File:Public/Model/DeleteEventSourceMappingResult.h
[2024.04.02-07.19.11:530][  0]LogClass: Display: BoolProperty FDeleteEventSourceMappingResult::bisectBatchOnFunctionError is not initialized properly. Module:Lambda File:Public/Model/DeleteEventSourceMappingResult.h
[2024.04.02-07.19.11:530][  0]LogClass: Display: IntProperty FDeleteEventSourceMappingResult::maximumRetryAttempts is not initialized properly. Module:Lambda File:Public/Model/DeleteEventSourceMappingResult.h
[2024.04.02-07.19.11:530][  0]LogClass: Display: IntProperty FDeleteEventSourceMappingResult::tumblingWindowInSeconds is not initialized properly. Module:Lambda File:Public/Model/DeleteEventSourceMappingResult.h
[2024.04.02-07.19.11:530][  0]LogClass: Display: Int64Property FDeleteLayerVersionRequest::versionNumber is not initialized properly. Module:Lambda File:Public/Model/DeleteLayerVersionRequest.h
[2024.04.02-07.19.11:530][  0]LogClass: Display: EnumProperty FEventSourceMappingConfiguration::startingPosition is not initialized properly. Module:Lambda File:Public/Model/EventSourceMappingConfiguration.h
[2024.04.02-07.19.11:530][  0]LogClass: Display: StructProperty FEventSourceMappingConfiguration::startingPositionTimestamp is not initialized properly. Module:Lambda File:Public/Model/EventSourceMappingConfiguration.h
[2024.04.02-07.19.11:530][  0]LogClass: Display: IntProperty FEventSourceMappingConfiguration::batchSize is not initialized properly. Module:Lambda File:Public/Model/EventSourceMappingConfiguration.h
[2024.04.02-07.19.11:530][  0]LogClass: Display: IntProperty FEventSourceMappingConfiguration::maximumBatchingWindowInSeconds is not initialized properly. Module:Lambda File:Public/Model/EventSourceMappingConfiguration.h
[2024.04.02-07.19.11:530][  0]LogClass: Display: IntProperty FEventSourceMappingConfiguration::parallelizationFactor is not initialized properly. Module:Lambda File:Public/Model/EventSourceMappingConfiguration.h
[2024.04.02-07.19.11:530][  0]LogClass: Display: StructProperty FEventSourceMappingConfiguration::lastModified is not initialized properly. Module:Lambda File:Public/Model/EventSourceMappingConfiguration.h
[2024.04.02-07.19.11:531][  0]LogClass: Display: IntProperty FEventSourceMappingConfiguration::maximumRecordAgeInSeconds is not initialized properly. Module:Lambda File:Public/Model/EventSourceMappingConfiguration.h
[2024.04.02-07.19.11:531][  0]LogClass: Display: BoolProperty FEventSourceMappingConfiguration::bisectBatchOnFunctionError is not initialized properly. Module:Lambda File:Public/Model/EventSourceMappingConfiguration.h
[2024.04.02-07.19.11:531][  0]LogClass: Display: IntProperty FEventSourceMappingConfiguration::maximumRetryAttempts is not initialized properly. Module:Lambda File:Public/Model/EventSourceMappingConfiguration.h
[2024.04.02-07.19.11:531][  0]LogClass: Display: IntProperty FEventSourceMappingConfiguration::tumblingWindowInSeconds is not initialized properly. Module:Lambda File:Public/Model/EventSourceMappingConfiguration.h
[2024.04.02-07.19.11:531][  0]LogClass: Display: EnumProperty FFunctionConfiguration::runtime is not initialized properly. Module:Lambda File:Public/Model/FunctionConfiguration.h
[2024.04.02-07.19.11:531][  0]LogClass: Display: Int64Property FFunctionConfiguration::codeSize is not initialized properly. Module:Lambda File:Public/Model/FunctionConfiguration.h
[2024.04.02-07.19.11:531][  0]LogClass: Display: IntProperty FFunctionConfiguration::timeout is not initialized properly. Module:Lambda File:Public/Model/FunctionConfiguration.h
[2024.04.02-07.19.11:531][  0]LogClass: Display: IntProperty FFunctionConfiguration::memorySize is not initialized properly. Module:Lambda File:Public/Model/FunctionConfiguration.h
[2024.04.02-07.19.11:532][  0]LogClass: Display: EnumProperty FFunctionConfiguration::state is not initialized properly. Module:Lambda File:Public/Model/FunctionConfiguration.h
[2024.04.02-07.19.11:532][  0]LogClass: Display: EnumProperty FFunctionConfiguration::stateReasonCode is not initialized properly. Module:Lambda File:Public/Model/FunctionConfiguration.h
[2024.04.02-07.19.11:532][  0]LogClass: Display: EnumProperty FFunctionConfiguration::lastUpdateStatus is not initialized properly. Module:Lambda File:Public/Model/FunctionConfiguration.h
[2024.04.02-07.19.11:532][  0]LogClass: Display: EnumProperty FFunctionConfiguration::lastUpdateStatusReasonCode is not initialized properly. Module:Lambda File:Public/Model/FunctionConfiguration.h
[2024.04.02-07.19.11:532][  0]LogClass: Display: EnumProperty FFunctionConfiguration::packageType is not initialized properly. Module:Lambda File:Public/Model/FunctionConfiguration.h
[2024.04.02-07.19.11:532][  0]LogClass: Display: StructProperty FFunctionEventInvokeConfig::lastModified is not initialized properly. Module:Lambda File:Public/Model/FunctionEventInvokeConfig.h
[2024.04.02-07.19.11:532][  0]LogClass: Display: IntProperty FFunctionEventInvokeConfig::maximumRetryAttempts is not initialized properly. Module:Lambda File:Public/Model/FunctionEventInvokeConfig.h
[2024.04.02-07.19.11:533][  0]LogClass: Display: IntProperty FFunctionEventInvokeConfig::maximumEventAgeInSeconds is not initialized properly. Module:Lambda File:Public/Model/FunctionEventInvokeConfig.h
[2024.04.02-07.19.11:533][  0]LogClass: Display: EnumProperty FGetEventSourceMappingResult::startingPosition is not initialized properly. Module:Lambda File:Public/Model/GetEventSourceMappingResult.h
[2024.04.02-07.19.11:533][  0]LogClass: Display: StructProperty FGetEventSourceMappingResult::startingPositionTimestamp is not initialized properly. Module:Lambda File:Public/Model/GetEventSourceMappingResult.h
[2024.04.02-07.19.11:533][  0]LogClass: Display: IntProperty FGetEventSourceMappingResult::batchSize is not initialized properly. Module:Lambda File:Public/Model/GetEventSourceMappingResult.h
[2024.04.02-07.19.11:533][  0]LogClass: Display: IntProperty FGetEventSourceMappingResult::maximumBatchingWindowInSeconds is not initialized properly. Module:Lambda File:Public/Model/GetEventSourceMappingResult.h
[2024.04.02-07.19.11:533][  0]LogClass: Display: IntProperty FGetEventSourceMappingResult::parallelizationFactor is not initialized properly. Module:Lambda File:Public/Model/GetEventSourceMappingResult.h
[2024.04.02-07.19.11:533][  0]LogClass: Display: StructProperty FGetEventSourceMappingResult::lastModified is not initialized properly. Module:Lambda File:Public/Model/GetEventSourceMappingResult.h
[2024.04.02-07.19.11:533][  0]LogClass: Display: IntProperty FGetEventSourceMappingResult::maximumRecordAgeInSeconds is not initialized properly. Module:Lambda File:Public/Model/GetEventSourceMappingResult.h
[2024.04.02-07.19.11:533][  0]LogClass: Display: BoolProperty FGetEventSourceMappingResult::bisectBatchOnFunctionError is not initialized properly. Module:Lambda File:Public/Model/GetEventSourceMappingResult.h
[2024.04.02-07.19.11:533][  0]LogClass: Display: IntProperty FGetEventSourceMappingResult::maximumRetryAttempts is not initialized properly. Module:Lambda File:Public/Model/GetEventSourceMappingResult.h
[2024.04.02-07.19.11:534][  0]LogClass: Display: IntProperty FGetEventSourceMappingResult::tumblingWindowInSeconds is not initialized properly. Module:Lambda File:Public/Model/GetEventSourceMappingResult.h
[2024.04.02-07.19.11:534][  0]LogClass: Display: IntProperty FGetFunctionConcurrencyResult::reservedConcurrentExecutions is not initialized properly. Module:Lambda File:Public/Model/GetFunctionConcurrencyResult.h
[2024.04.02-07.19.11:534][  0]LogClass: Display: EnumProperty FGetFunctionConfigurationResult::runtime is not initialized properly. Module:Lambda File:Public/Model/GetFunctionConfigurationResult.h
[2024.04.02-07.19.11:534][  0]LogClass: Display: Int64Property FGetFunctionConfigurationResult::codeSize is not initialized properly. Module:Lambda File:Public/Model/GetFunctionConfigurationResult.h
[2024.04.02-07.19.11:534][  0]LogClass: Display: IntProperty FGetFunctionConfigurationResult::timeout is not initialized properly. Module:Lambda File:Public/Model/GetFunctionConfigurationResult.h
[2024.04.02-07.19.11:534][  0]LogClass: Display: IntProperty FGetFunctionConfigurationResult::memorySize is not initialized properly. Module:Lambda File:Public/Model/GetFunctionConfigurationResult.h
[2024.04.02-07.19.11:534][  0]LogClass: Display: EnumProperty FGetFunctionConfigurationResult::state is not initialized properly. Module:Lambda File:Public/Model/GetFunctionConfigurationResult.h
[2024.04.02-07.19.11:534][  0]LogClass: Display: EnumProperty FGetFunctionConfigurationResult::stateReasonCode is not initialized properly. Module:Lambda File:Public/Model/GetFunctionConfigurationResult.h
[2024.04.02-07.19.11:534][  0]LogClass: Display: EnumProperty FGetFunctionConfigurationResult::lastUpdateStatus is not initialized properly. Module:Lambda File:Public/Model/GetFunctionConfigurationResult.h
[2024.04.02-07.19.11:534][  0]LogClass: Display: EnumProperty FGetFunctionConfigurationResult::lastUpdateStatusReasonCode is not initialized properly. Module:Lambda File:Public/Model/GetFunctionConfigurationResult.h
[2024.04.02-07.19.11:535][  0]LogClass: Display: EnumProperty FGetFunctionConfigurationResult::packageType is not initialized properly. Module:Lambda File:Public/Model/GetFunctionConfigurationResult.h
[2024.04.02-07.19.11:535][  0]LogClass: Display: StructProperty FGetFunctionEventInvokeConfigResult::lastModified is not initialized properly. Module:Lambda File:Public/Model/GetFunctionEventInvokeConfigResult.h
[2024.04.02-07.19.11:535][  0]LogClass: Display: IntProperty FGetFunctionEventInvokeConfigResult::maximumRetryAttempts is not initialized properly. Module:Lambda File:Public/Model/GetFunctionEventInvokeConfigResult.h
[2024.04.02-07.19.11:535][  0]LogClass: Display: IntProperty FGetFunctionEventInvokeConfigResult::maximumEventAgeInSeconds is not initialized properly. Module:Lambda File:Public/Model/GetFunctionEventInvokeConfigResult.h
[2024.04.02-07.19.11:535][  0]LogClass: Display: Int64Property FGetLayerVersionByArnResult::version is not initialized properly. Module:Lambda File:Public/Model/GetLayerVersionByArnResult.h
[2024.04.02-07.19.11:535][  0]LogClass: Display: Int64Property FLayerVersionContentOutput::codeSize is not initialized properly. Module:Lambda File:Public/Model/LayerVersionContentOutput.h
[2024.04.02-07.19.11:535][  0]LogClass: Display: Int64Property FGetLayerVersionPolicyRequest::versionNumber is not initialized properly. Module:Lambda File:Public/Model/GetLayerVersionPolicyRequest.h
[2024.04.02-07.19.11:535][  0]LogClass: Display: Int64Property FGetLayerVersionRequest::versionNumber is not initialized properly. Module:Lambda File:Public/Model/GetLayerVersionRequest.h
[2024.04.02-07.19.11:535][  0]LogClass: Display: Int64Property FGetLayerVersionResult::version is not initialized properly. Module:Lambda File:Public/Model/GetLayerVersionResult.h
[2024.04.02-07.19.11:536][  0]LogClass: Display: IntProperty FGetProvisionedConcurrencyConfigResult::requestedProvisionedConcurrentExecutions is not initialized properly. Module:Lambda File:Public/Model/GetProvisionedConcurrencyConfigResult.h
[2024.04.02-07.19.11:536][  0]LogClass: Display: IntProperty FGetProvisionedConcurrencyConfigResult::availableProvisionedConcurrentExecutions is not initialized properly. Module:Lambda File:Public/Model/GetProvisionedConcurrencyConfigResult.h
[2024.04.02-07.19.11:536][  0]LogClass: Display: IntProperty FGetProvisionedConcurrencyConfigResult::allocatedProvisionedConcurrentExecutions is not initialized properly. Module:Lambda File:Public/Model/GetProvisionedConcurrencyConfigResult.h
[2024.04.02-07.19.11:536][  0]LogClass: Display: EnumProperty FGetProvisionedConcurrencyConfigResult::status is not initialized properly. Module:Lambda File:Public/Model/GetProvisionedConcurrencyConfigResult.h
[2024.04.02-07.19.11:536][  0]LogClass: Display: EnumProperty FInvokeRequest::invocationType is not initialized properly. Module:Lambda File:Public/Model/InvokeRequest.h
[2024.04.02-07.19.11:536][  0]LogClass: Display: EnumProperty FInvokeRequest::logType is not initialized properly. Module:Lambda File:Public/Model/InvokeRequest.h
[2024.04.02-07.19.11:536][  0]LogClass: Display: IntProperty FInvokeResult::statusCode is not initialized properly. Module:Lambda File:Public/Model/InvokeResult.h
[2024.04.02-07.19.11:536][  0]LogClass: Display: IntProperty FLambdaListAliasesRequest::maxItems is not initialized properly. Module:Lambda File:Public/Model/LambdaListAliasesRequest.h
[2024.04.02-07.19.11:536][  0]LogClass: Display: Int64Property FLayerVersionsListItem::version is not initialized properly. Module:Lambda File:Public/Model/LayerVersionsListItem.h
[2024.04.02-07.19.11:536][  0]LogClass: Display: IntProperty FListEventSourceMappingsRequest::maxItems is not initialized properly. Module:Lambda File:Public/Model/ListEventSourceMappingsRequest.h
[2024.04.02-07.19.11:537][  0]LogClass: Display: IntProperty FListFunctionEventInvokeConfigsRequest::maxItems is not initialized properly. Module:Lambda File:Public/Model/ListFunctionEventInvokeConfigsRequest.h
[2024.04.02-07.19.11:537][  0]LogClass: Display: EnumProperty FListFunctionsRequest::functionVersion is not initialized properly. Module:Lambda File:Public/Model/ListFunctionsRequest.h
[2024.04.02-07.19.11:537][  0]LogClass: Display: IntProperty FListFunctionsRequest::maxItems is not initialized properly. Module:Lambda File:Public/Model/ListFunctionsRequest.h
[2024.04.02-07.19.11:537][  0]LogClass: Display: EnumProperty FListLayersRequest::compatibleRuntime is not initialized properly. Module:Lambda File:Public/Model/ListLayersRequest.h
[2024.04.02-07.19.11:537][  0]LogClass: Display: IntProperty FListLayersRequest::maxItems is not initialized properly. Module:Lambda File:Public/Model/ListLayersRequest.h
[2024.04.02-07.19.11:537][  0]LogClass: Display: EnumProperty FListLayerVersionsRequest::compatibleRuntime is not initialized properly. Module:Lambda File:Public/Model/ListLayerVersionsRequest.h
[2024.04.02-07.19.11:538][  0]LogClass: Display: IntProperty FListLayerVersionsRequest::maxItems is not initialized properly. Module:Lambda File:Public/Model/ListLayerVersionsRequest.h
[2024.04.02-07.19.11:538][  0]LogClass: Display: IntProperty FListProvisionedConcurrencyConfigsRequest::maxItems is not initialized properly. Module:Lambda File:Public/Model/ListProvisionedConcurrencyConfigsRequest.h
[2024.04.02-07.19.11:538][  0]LogClass: Display: IntProperty FProvisionedConcurrencyConfigListItem::requestedProvisionedConcurrentExecutions is not initialized properly. Module:Lambda File:Public/Model/ProvisionedConcurrencyConfigListItem.h
[2024.04.02-07.19.11:538][  0]LogClass: Display: IntProperty FProvisionedConcurrencyConfigListItem::availableProvisionedConcurrentExecutions is not initialized properly. Module:Lambda File:Public/Model/ProvisionedConcurrencyConfigListItem.h
[2024.04.02-07.19.11:538][  0]LogClass: Display: IntProperty FProvisionedConcurrencyConfigListItem::allocatedProvisionedConcurrentExecutions is not initialized properly. Module:Lambda File:Public/Model/ProvisionedConcurrencyConfigListItem.h
[2024.04.02-07.19.11:538][  0]LogClass: Display: EnumProperty FProvisionedConcurrencyConfigListItem::status is not initialized properly. Module:Lambda File:Public/Model/ProvisionedConcurrencyConfigListItem.h
[2024.04.02-07.19.11:538][  0]LogClass: Display: IntProperty FListVersionsByFunctionRequest::maxItems is not initialized properly. Module:Lambda File:Public/Model/ListVersionsByFunctionRequest.h
[2024.04.02-07.19.11:538][  0]LogClass: Display: Int64Property FPublishLayerVersionResult::version is not initialized properly. Module:Lambda File:Public/Model/PublishLayerVersionResult.h
[2024.04.02-07.19.11:538][  0]LogClass: Display: EnumProperty FPublishVersionResult::runtime is not initialized properly. Module:Lambda File:Public/Model/PublishVersionResult.h
[2024.04.02-07.19.11:538][  0]LogClass: Display: Int64Property FPublishVersionResult::codeSize is not initialized properly. Module:Lambda File:Public/Model/PublishVersionResult.h
[2024.04.02-07.19.11:538][  0]LogClass: Display: IntProperty FPublishVersionResult::timeout is not initialized properly. Module:Lambda File:Public/Model/PublishVersionResult.h
[2024.04.02-07.19.11:539][  0]LogClass: Display: IntProperty FPublishVersionResult::memorySize is not initialized properly. Module:Lambda File:Public/Model/PublishVersionResult.h
[2024.04.02-07.19.11:539][  0]LogClass: Display: EnumProperty FPublishVersionResult::state is not initialized properly. Module:Lambda File:Public/Model/PublishVersionResult.h
[2024.04.02-07.19.11:539][  0]LogClass: Display: EnumProperty FPublishVersionResult::stateReasonCode is not initialized properly. Module:Lambda File:Public/Model/PublishVersionResult.h
[2024.04.02-07.19.11:539][  0]LogClass: Display: EnumProperty FPublishVersionResult::lastUpdateStatus is not initialized properly. Module:Lambda File:Public/Model/PublishVersionResult.h
[2024.04.02-07.19.11:539][  0]LogClass: Display: EnumProperty FPublishVersionResult::lastUpdateStatusReasonCode is not initialized properly. Module:Lambda File:Public/Model/PublishVersionResult.h
[2024.04.02-07.19.11:539][  0]LogClass: Display: EnumProperty FPublishVersionResult::packageType is not initialized properly. Module:Lambda File:Public/Model/PublishVersionResult.h
[2024.04.02-07.19.11:539][  0]LogClass: Display: IntProperty FPutFunctionConcurrencyRequest::reservedConcurrentExecutions is not initialized properly. Module:Lambda File:Public/Model/PutFunctionConcurrencyRequest.h
[2024.04.02-07.19.11:539][  0]LogClass: Display: IntProperty FPutFunctionConcurrencyResult::reservedConcurrentExecutions is not initialized properly. Module:Lambda File:Public/Model/PutFunctionConcurrencyResult.h
[2024.04.02-07.19.11:539][  0]LogClass: Display: IntProperty FPutFunctionEventInvokeConfigRequest::maximumRetryAttempts is not initialized properly. Module:Lambda File:Public/Model/PutFunctionEventInvokeConfigRequest.h
[2024.04.02-07.19.11:540][  0]LogClass: Display: IntProperty FPutFunctionEventInvokeConfigRequest::maximumEventAgeInSeconds is not initialized properly. Module:Lambda File:Public/Model/PutFunctionEventInvokeConfigRequest.h
[2024.04.02-07.19.11:540][  0]LogClass: Display: StructProperty FPutFunctionEventInvokeConfigResult::lastModified is not initialized properly. Module:Lambda File:Public/Model/PutFunctionEventInvokeConfigResult.h
[2024.04.02-07.19.11:540][  0]LogClass: Display: IntProperty FPutFunctionEventInvokeConfigResult::maximumRetryAttempts is not initialized properly. Module:Lambda File:Public/Model/PutFunctionEventInvokeConfigResult.h
[2024.04.02-07.19.11:540][  0]LogClass: Display: IntProperty FPutFunctionEventInvokeConfigResult::maximumEventAgeInSeconds is not initialized properly. Module:Lambda File:Public/Model/PutFunctionEventInvokeConfigResult.h
[2024.04.02-07.19.11:540][  0]LogClass: Display: IntProperty FPutProvisionedConcurrencyConfigRequest::provisionedConcurrentExecutions is not initialized properly. Module:Lambda File:Public/Model/PutProvisionedConcurrencyConfigRequest.h
[2024.04.02-07.19.11:540][  0]LogClass: Display: IntProperty FPutProvisionedConcurrencyConfigResult::requestedProvisionedConcurrentExecutions is not initialized properly. Module:Lambda File:Public/Model/PutProvisionedConcurrencyConfigResult.h
[2024.04.02-07.19.11:540][  0]LogClass: Display: IntProperty FPutProvisionedConcurrencyConfigResult::availableProvisionedConcurrentExecutions is not initialized properly. Module:Lambda File:Public/Model/PutProvisionedConcurrencyConfigResult.h
[2024.04.02-07.19.11:540][  0]LogClass: Display: IntProperty FPutProvisionedConcurrencyConfigResult::allocatedProvisionedConcurrentExecutions is not initialized properly. Module:Lambda File:Public/Model/PutProvisionedConcurrencyConfigResult.h
[2024.04.02-07.19.11:540][  0]LogClass: Display: EnumProperty FPutProvisionedConcurrencyConfigResult::status is not initialized properly. Module:Lambda File:Public/Model/PutProvisionedConcurrencyConfigResult.h
[2024.04.02-07.19.11:540][  0]LogClass: Display: Int64Property FRemoveLayerVersionPermissionRequest::versionNumber is not initialized properly. Module:Lambda File:Public/Model/RemoveLayerVersionPermissionRequest.h
[2024.04.02-07.19.11:540][  0]LogClass: Display: EnumProperty FTooManyRequestsException::reason is not initialized properly. Module:Lambda File:Public/Model/TooManyRequestsException.h
[2024.04.02-07.19.11:541][  0]LogClass: Display: BoolProperty FUpdateEventSourceMappingRequest::enabled is not initialized properly. Module:Lambda File:Public/Model/UpdateEventSourceMappingRequest.h
[2024.04.02-07.19.11:541][  0]LogClass: Display: IntProperty FUpdateEventSourceMappingRequest::batchSize is not initialized properly. Module:Lambda File:Public/Model/UpdateEventSourceMappingRequest.h
[2024.04.02-07.19.11:541][  0]LogClass: Display: IntProperty FUpdateEventSourceMappingRequest::maximumBatchingWindowInSeconds is not initialized properly. Module:Lambda File:Public/Model/UpdateEventSourceMappingRequest.h
[2024.04.02-07.19.11:541][  0]LogClass: Display: IntProperty FUpdateEventSourceMappingRequest::maximumRecordAgeInSeconds is not initialized properly. Module:Lambda File:Public/Model/UpdateEventSourceMappingRequest.h
[2024.04.02-07.19.11:541][  0]LogClass: Display: BoolProperty FUpdateEventSourceMappingRequest::bisectBatchOnFunctionError is not initialized properly. Module:Lambda File:Public/Model/UpdateEventSourceMappingRequest.h
[2024.04.02-07.19.11:541][  0]LogClass: Display: IntProperty FUpdateEventSourceMappingRequest::maximumRetryAttempts is not initialized properly. Module:Lambda File:Public/Model/UpdateEventSourceMappingRequest.h
[2024.04.02-07.19.11:541][  0]LogClass: Display: IntProperty FUpdateEventSourceMappingRequest::parallelizationFactor is not initialized properly. Module:Lambda File:Public/Model/UpdateEventSourceMappingRequest.h
[2024.04.02-07.19.11:542][  0]LogClass: Display: IntProperty FUpdateEventSourceMappingRequest::tumblingWindowInSeconds is not initialized properly. Module:Lambda File:Public/Model/UpdateEventSourceMappingRequest.h
[2024.04.02-07.19.11:542][  0]LogClass: Display: EnumProperty FUpdateEventSourceMappingResult::startingPosition is not initialized properly. Module:Lambda File:Public/Model/UpdateEventSourceMappingResult.h
[2024.04.02-07.19.11:542][  0]LogClass: Display: StructProperty FUpdateEventSourceMappingResult::startingPositionTimestamp is not initialized properly. Module:Lambda File:Public/Model/UpdateEventSourceMappingResult.h
[2024.04.02-07.19.11:542][  0]LogClass: Display: IntProperty FUpdateEventSourceMappingResult::batchSize is not initialized properly. Module:Lambda File:Public/Model/UpdateEventSourceMappingResult.h
[2024.04.02-07.19.11:542][  0]LogClass: Display: IntProperty FUpdateEventSourceMappingResult::maximumBatchingWindowInSeconds is not initialized properly. Module:Lambda File:Public/Model/UpdateEventSourceMappingResult.h
[2024.04.02-07.19.11:542][  0]LogClass: Display: IntProperty FUpdateEventSourceMappingResult::parallelizationFactor is not initialized properly. Module:Lambda File:Public/Model/UpdateEventSourceMappingResult.h
[2024.04.02-07.19.11:542][  0]LogClass: Display: StructProperty FUpdateEventSourceMappingResult::lastModified is not initialized properly. Module:Lambda File:Public/Model/UpdateEventSourceMappingResult.h
[2024.04.02-07.19.11:542][  0]LogClass: Display: IntProperty FUpdateEventSourceMappingResult::maximumRecordAgeInSeconds is not initialized properly. Module:Lambda File:Public/Model/UpdateEventSourceMappingResult.h
[2024.04.02-07.19.11:542][  0]LogClass: Display: BoolProperty FUpdateEventSourceMappingResult::bisectBatchOnFunctionError is not initialized properly. Module:Lambda File:Public/Model/UpdateEventSourceMappingResult.h
[2024.04.02-07.19.11:542][  0]LogClass: Display: IntProperty FUpdateEventSourceMappingResult::maximumRetryAttempts is not initialized properly. Module:Lambda File:Public/Model/UpdateEventSourceMappingResult.h
[2024.04.02-07.19.11:542][  0]LogClass: Display: IntProperty FUpdateEventSourceMappingResult::tumblingWindowInSeconds is not initialized properly. Module:Lambda File:Public/Model/UpdateEventSourceMappingResult.h
[2024.04.02-07.19.11:543][  0]LogClass: Display: BoolProperty FUpdateFunctionCodeRequest::publish is not initialized properly. Module:Lambda File:Public/Model/UpdateFunctionCodeRequest.h
[2024.04.02-07.19.11:543][  0]LogClass: Display: BoolProperty FUpdateFunctionCodeRequest::dryRun is not initialized properly. Module:Lambda File:Public/Model/UpdateFunctionCodeRequest.h
[2024.04.02-07.19.11:543][  0]LogClass: Display: EnumProperty FUpdateFunctionCodeResult::runtime is not initialized properly. Module:Lambda File:Public/Model/UpdateFunctionCodeResult.h
[2024.04.02-07.19.11:543][  0]LogClass: Display: Int64Property FUpdateFunctionCodeResult::codeSize is not initialized properly. Module:Lambda File:Public/Model/UpdateFunctionCodeResult.h
[2024.04.02-07.19.11:543][  0]LogClass: Display: IntProperty FUpdateFunctionCodeResult::timeout is not initialized properly. Module:Lambda File:Public/Model/UpdateFunctionCodeResult.h
[2024.04.02-07.19.11:543][  0]LogClass: Display: IntProperty FUpdateFunctionCodeResult::memorySize is not initialized properly. Module:Lambda File:Public/Model/UpdateFunctionCodeResult.h
[2024.04.02-07.19.11:543][  0]LogClass: Display: EnumProperty FUpdateFunctionCodeResult::state is not initialized properly. Module:Lambda File:Public/Model/UpdateFunctionCodeResult.h
[2024.04.02-07.19.11:543][  0]LogClass: Display: EnumProperty FUpdateFunctionCodeResult::stateReasonCode is not initialized properly. Module:Lambda File:Public/Model/UpdateFunctionCodeResult.h
[2024.04.02-07.19.11:543][  0]LogClass: Display: EnumProperty FUpdateFunctionCodeResult::lastUpdateStatus is not initialized properly. Module:Lambda File:Public/Model/UpdateFunctionCodeResult.h
[2024.04.02-07.19.11:543][  0]LogClass: Display: EnumProperty FUpdateFunctionCodeResult::lastUpdateStatusReasonCode is not initialized properly. Module:Lambda File:Public/Model/UpdateFunctionCodeResult.h
[2024.04.02-07.19.11:544][  0]LogClass: Display: EnumProperty FUpdateFunctionCodeResult::packageType is not initialized properly. Module:Lambda File:Public/Model/UpdateFunctionCodeResult.h
[2024.04.02-07.19.11:544][  0]LogClass: Display: IntProperty FUpdateFunctionConfigurationRequest::timeout is not initialized properly. Module:Lambda File:Public/Model/UpdateFunctionConfigurationRequest.h
[2024.04.02-07.19.11:544][  0]LogClass: Display: IntProperty FUpdateFunctionConfigurationRequest::memorySize is not initialized properly. Module:Lambda File:Public/Model/UpdateFunctionConfigurationRequest.h
[2024.04.02-07.19.11:544][  0]LogClass: Display: EnumProperty FUpdateFunctionConfigurationRequest::runtime is not initialized properly. Module:Lambda File:Public/Model/UpdateFunctionConfigurationRequest.h
[2024.04.02-07.19.11:544][  0]LogClass: Display: EnumProperty FUpdateFunctionConfigurationResult::runtime is not initialized properly. Module:Lambda File:Public/Model/UpdateFunctionConfigurationResult.h
[2024.04.02-07.19.11:544][  0]LogClass: Display: Int64Property FUpdateFunctionConfigurationResult::codeSize is not initialized properly. Module:Lambda File:Public/Model/UpdateFunctionConfigurationResult.h
[2024.04.02-07.19.11:544][  0]LogClass: Display: IntProperty FUpdateFunctionConfigurationResult::timeout is not initialized properly. Module:Lambda File:Public/Model/UpdateFunctionConfigurationResult.h
[2024.04.02-07.19.11:544][  0]LogClass: Display: IntProperty FUpdateFunctionConfigurationResult::memorySize is not initialized properly. Module:Lambda File:Public/Model/UpdateFunctionConfigurationResult.h
[2024.04.02-07.19.11:544][  0]LogClass: Display: EnumProperty FUpdateFunctionConfigurationResult::state is not initialized properly. Module:Lambda File:Public/Model/UpdateFunctionConfigurationResult.h
[2024.04.02-07.19.11:544][  0]LogClass: Display: EnumProperty FUpdateFunctionConfigurationResult::stateReasonCode is not initialized properly. Module:Lambda File:Public/Model/UpdateFunctionConfigurationResult.h
[2024.04.02-07.19.11:545][  0]LogClass: Display: EnumProperty FUpdateFunctionConfigurationResult::lastUpdateStatus is not initialized properly. Module:Lambda File:Public/Model/UpdateFunctionConfigurationResult.h
[2024.04.02-07.19.11:545][  0]LogClass: Display: EnumProperty FUpdateFunctionConfigurationResult::lastUpdateStatusReasonCode is not initialized properly. Module:Lambda File:Public/Model/UpdateFunctionConfigurationResult.h
[2024.04.02-07.19.11:545][  0]LogClass: Display: EnumProperty FUpdateFunctionConfigurationResult::packageType is not initialized properly. Module:Lambda File:Public/Model/UpdateFunctionConfigurationResult.h
[2024.04.02-07.19.11:545][  0]LogClass: Display: IntProperty FUpdateFunctionEventInvokeConfigRequest::maximumRetryAttempts is not initialized properly. Module:Lambda File:Public/Model/UpdateFunctionEventInvokeConfigRequest.h
[2024.04.02-07.19.11:545][  0]LogClass: Display: IntProperty FUpdateFunctionEventInvokeConfigRequest::maximumEventAgeInSeconds is not initialized properly. Module:Lambda File:Public/Model/UpdateFunctionEventInvokeConfigRequest.h
[2024.04.02-07.19.11:545][  0]LogClass: Display: StructProperty FUpdateFunctionEventInvokeConfigResult::lastModified is not initialized properly. Module:Lambda File:Public/Model/UpdateFunctionEventInvokeConfigResult.h
[2024.04.02-07.19.11:545][  0]LogClass: Display: IntProperty FUpdateFunctionEventInvokeConfigResult::maximumRetryAttempts is not initialized properly. Module:Lambda File:Public/Model/UpdateFunctionEventInvokeConfigResult.h
[2024.04.02-07.19.11:545][  0]LogClass: Display: IntProperty FUpdateFunctionEventInvokeConfigResult::maximumEventAgeInSeconds is not initialized properly. Module:Lambda File:Public/Model/UpdateFunctionEventInvokeConfigResult.h
[2024.04.02-07.19.11:545][  0]LogClass: Display: StructProperty FArchivalSummary::archivalDateTime is not initialized properly. Module:DynamoDB File:Public/Model/ArchivalSummary.h
[2024.04.02-07.19.11:546][  0]LogClass: Display: EnumProperty FAttributeDefinition::attributeType is not initialized properly. Module:DynamoDB File:Public/Model/AttributeDefinition.h
[2024.04.02-07.19.11:546][  0]LogClass: Display: EnumProperty FAttributeValueUpdate::action is not initialized properly. Module:DynamoDB File:Public/Model/AttributeValueUpdate.h
[2024.04.02-07.19.11:546][  0]LogClass: Display: BoolProperty FAutoScalingTargetTrackingScalingPolicyConfigurationDescription::disableScaleIn is not initialized properly. Module:DynamoDB File:Public/Model/AutoScalingTargetTrackingScalingPolicyConfigurationDescription.h
[2024.04.02-07.19.11:546][  0]LogClass: Display: IntProperty FAutoScalingTargetTrackingScalingPolicyConfigurationDescription::scaleInCooldown is not initialized properly. Module:DynamoDB File:Public/Model/AutoScalingTargetTrackingScalingPolicyConfigurationDescription.h
[2024.04.02-07.19.11:546][  0]LogClass: Display: IntProperty FAutoScalingTargetTrackingScalingPolicyConfigurationDescription::scaleOutCooldown is not initialized properly. Module:DynamoDB File:Public/Model/AutoScalingTargetTrackingScalingPolicyConfigurationDescription.h
[2024.04.02-07.19.11:546][  0]LogClass: Display: FloatProperty FAutoScalingTargetTrackingScalingPolicyConfigurationDescription::targetValue is not initialized properly. Module:DynamoDB File:Public/Model/AutoScalingTargetTrackingScalingPolicyConfigurationDescription.h
[2024.04.02-07.19.11:546][  0]LogClass: Display: BoolProperty FAutoScalingTargetTrackingScalingPolicyConfigurationUpdate::disableScaleIn is not initialized properly. Module:DynamoDB File:Public/Model/AutoScalingTargetTrackingScalingPolicyConfigurationUpdate.h
[2024.04.02-07.19.11:546][  0]LogClass: Display: IntProperty FAutoScalingTargetTrackingScalingPolicyConfigurationUpdate::scaleInCooldown is not initialized properly. Module:DynamoDB File:Public/Model/AutoScalingTargetTrackingScalingPolicyConfigurationUpdate.h
[2024.04.02-07.19.11:547][  0]LogClass: Display: IntProperty FAutoScalingTargetTrackingScalingPolicyConfigurationUpdate::scaleOutCooldown is not initialized properly. Module:DynamoDB File:Public/Model/AutoScalingTargetTrackingScalingPolicyConfigurationUpdate.h
[2024.04.02-07.19.11:547][  0]LogClass: Display: FloatProperty FAutoScalingTargetTrackingScalingPolicyConfigurationUpdate::targetValue is not initialized properly. Module:DynamoDB File:Public/Model/AutoScalingTargetTrackingScalingPolicyConfigurationUpdate.h
[2024.04.02-07.19.11:547][  0]LogClass: Display: Int64Property FAutoScalingSettingsDescription::minimumUnits is not initialized properly. Module:DynamoDB File:Public/Model/AutoScalingSettingsDescription.h
[2024.04.02-07.19.11:547][  0]LogClass: Display: Int64Property FAutoScalingSettingsDescription::maximumUnits is not initialized properly. Module:DynamoDB File:Public/Model/AutoScalingSettingsDescription.h
[2024.04.02-07.19.11:547][  0]LogClass: Display: BoolProperty FAutoScalingSettingsDescription::autoScalingDisabled is not initialized properly. Module:DynamoDB File:Public/Model/AutoScalingSettingsDescription.h
[2024.04.02-07.19.11:547][  0]LogClass: Display: Int64Property FAutoScalingSettingsUpdate::minimumUnits is not initialized properly. Module:DynamoDB File:Public/Model/AutoScalingSettingsUpdate.h
[2024.04.02-07.19.11:547][  0]LogClass: Display: Int64Property FAutoScalingSettingsUpdate::maximumUnits is not initialized properly. Module:DynamoDB File:Public/Model/AutoScalingSettingsUpdate.h
[2024.04.02-07.19.11:547][  0]LogClass: Display: BoolProperty FAutoScalingSettingsUpdate::autoScalingDisabled is not initialized properly. Module:DynamoDB File:Public/Model/AutoScalingSettingsUpdate.h
[2024.04.02-07.19.11:548][  0]LogClass: Display: BoolProperty FAWSDynamoDBBatchStatementRequest::consistentRead is not initialized properly. Module:DynamoDB File:Public/Model/AWSDynamoDBBatchStatementRequest.h
[2024.04.02-07.19.11:548][  0]LogClass: Display: EnumProperty FAWSDynamoDBBatchStatementError::code is not initialized properly. Module:DynamoDB File:Public/Model/AWSDynamoDBBatchStatementError.h
[2024.04.02-07.19.11:548][  0]LogClass: Display: EnumProperty FAWSDynamoDBExportDescription::exportStatus is not initialized properly. Module:DynamoDB File:Public/Model/AWSDynamoDBExportDescription.h
[2024.04.02-07.19.11:548][  0]LogClass: Display: StructProperty FAWSDynamoDBExportDescription::startTime is not initialized properly. Module:DynamoDB File:Public/Model/AWSDynamoDBExportDescription.h
[2024.04.02-07.19.11:548][  0]LogClass: Display: StructProperty FAWSDynamoDBExportDescription::endTime is not initialized properly. Module:DynamoDB File:Public/Model/AWSDynamoDBExportDescription.h
[2024.04.02-07.19.11:548][  0]LogClass: Display: StructProperty FAWSDynamoDBExportDescription::exportTime is not initialized properly. Module:DynamoDB File:Public/Model/AWSDynamoDBExportDescription.h
[2024.04.02-07.19.11:549][  0]LogClass: Display: EnumProperty FAWSDynamoDBExportDescription::s3SseAlgorithm is not initialized properly. Module:DynamoDB File:Public/Model/AWSDynamoDBExportDescription.h
[2024.04.02-07.19.11:549][  0]LogClass: Display: EnumProperty FAWSDynamoDBExportDescription::exportFormat is not initialized properly. Module:DynamoDB File:Public/Model/AWSDynamoDBExportDescription.h
[2024.04.02-07.19.11:549][  0]LogClass: Display: Int64Property FAWSDynamoDBExportDescription::billedSizeBytes is not initialized properly. Module:DynamoDB File:Public/Model/AWSDynamoDBExportDescription.h
[2024.04.02-07.19.11:549][  0]LogClass: Display: Int64Property FAWSDynamoDBExportDescription::itemCount is not initialized properly. Module:DynamoDB File:Public/Model/AWSDynamoDBExportDescription.h
[2024.04.02-07.19.11:549][  0]LogClass: Display: EnumProperty FAWSDynamoDBKinesisDataStreamDestination::destinationStatus is not initialized properly. Module:DynamoDB File:Public/Model/AWSDynamoDBKinesisDataStreamDestination.h
[2024.04.02-07.19.11:549][  0]LogClass: Display: EnumProperty FAWSDynamoDBDisableKinesisStreamingDestinationResult::destinationStatus is not initialized properly. Module:DynamoDB File:Public/Model/AWSDynamoDBDisableKinesisStreamingDestinationResult.h
[2024.04.02-07.19.11:549][  0]LogClass: Display: EnumProperty FAWSDynamoDBEnableKinesisStreamingDestinationResult::destinationStatus is not initialized properly. Module:DynamoDB File:Public/Model/AWSDynamoDBEnableKinesisStreamingDestinationResult.h
[2024.04.02-07.19.11:549][  0]LogClass: Display: BoolProperty FAWSDynamoDBExecuteStatementRequest::consistentRead is not initialized properly. Module:DynamoDB File:Public/Model/AWSDynamoDBExecuteStatementRequest.h
[2024.04.02-07.19.11:550][  0]LogClass: Display: EnumProperty FAWSDynamoDBExportSummary::exportStatus is not initialized properly. Module:DynamoDB File:Public/Model/AWSDynamoDBExportSummary.h
[2024.04.02-07.19.11:550][  0]LogClass: Display: StructProperty FAWSDynamoDBExportTableToPointInTimeRequest::exportTime is not initialized properly. Module:DynamoDB File:Public/Model/AWSDynamoDBExportTableToPointInTimeRequest.h
[2024.04.02-07.19.11:550][  0]LogClass: Display: EnumProperty FAWSDynamoDBExportTableToPointInTimeRequest::s3SseAlgorithm is not initialized properly. Module:DynamoDB File:Public/Model/AWSDynamoDBExportTableToPointInTimeRequest.h
[2024.04.02-07.19.11:550][  0]LogClass: Display: EnumProperty FAWSDynamoDBExportTableToPointInTimeRequest::exportFormat is not initialized properly. Module:DynamoDB File:Public/Model/AWSDynamoDBExportTableToPointInTimeRequest.h
[2024.04.02-07.19.11:550][  0]LogClass: Display: IntProperty FAWSDynamoDBListExportsRequest::maxResults is not initialized properly. Module:DynamoDB File:Public/Model/AWSDynamoDBListExportsRequest.h
[2024.04.02-07.19.11:550][  0]LogClass: Display: EnumProperty FSSEDescription::status is not initialized properly. Module:DynamoDB File:Public/Model/SSEDescription.h
[2024.04.02-07.19.11:550][  0]LogClass: Display: EnumProperty FSSEDescription::SSEType is not initialized properly. Module:DynamoDB File:Public/Model/SSEDescription.h
[2024.04.02-07.19.11:550][  0]LogClass: Display: StructProperty FSSEDescription::inaccessibleEncryptionDateTime is not initialized properly. Module:DynamoDB File:Public/Model/SSEDescription.h
[2024.04.02-07.19.11:550][  0]LogClass: Display: EnumProperty FTimeToLiveDescription::timeToLiveStatus is not initialized properly. Module:DynamoDB File:Public/Model/TimeToLiveDescription.h
[2024.04.02-07.19.11:551][  0]LogClass: Display: BoolProperty FStreamSpecification::streamEnabled is not initialized properly. Module:DynamoDB File:Public/Model/StreamSpecification.h
[2024.04.02-07.19.11:551][  0]LogClass: Display: EnumProperty FStreamSpecification::streamViewType is not initialized properly. Module:DynamoDB File:Public/Model/StreamSpecification.h
[2024.04.02-07.19.11:551][  0]LogClass: Display: Int64Property FProvisionedThroughput::readCapacityUnits is not initialized properly. Module:DynamoDB File:Public/Model/ProvisionedThroughput.h
[2024.04.02-07.19.11:551][  0]LogClass: Display: Int64Property FProvisionedThroughput::writeCapacityUnits is not initialized properly. Module:DynamoDB File:Public/Model/ProvisionedThroughput.h
[2024.04.02-07.19.11:551][  0]LogClass: Display: EnumProperty FProjection::projectionType is not initialized properly. Module:DynamoDB File:Public/Model/Projection.h
[2024.04.02-07.19.11:551][  0]LogClass: Display: EnumProperty FDynamoDBKeySchemaElement::keyType is not initialized properly. Module:DynamoDB File:Public/Model/DynamoDBKeySchemaElement.h
[2024.04.02-07.19.11:551][  0]LogClass: Display: Int64Property FSourceTableDetails::tableSizeBytes is not initialized properly. Module:DynamoDB File:Public/Model/SourceTableDetails.h
[2024.04.02-07.19.11:551][  0]LogClass: Display: StructProperty FSourceTableDetails::tableCreationDateTime is not initialized properly. Module:DynamoDB File:Public/Model/SourceTableDetails.h
[2024.04.02-07.19.11:551][  0]LogClass: Display: Int64Property FSourceTableDetails::itemCount is not initialized properly. Module:DynamoDB File:Public/Model/SourceTableDetails.h
[2024.04.02-07.19.11:552][  0]LogClass: Display: EnumProperty FSourceTableDetails::billingMode is not initialized properly. Module:DynamoDB File:Public/Model/SourceTableDetails.h
[2024.04.02-07.19.11:552][  0]LogClass: Display: Int64Property FBackupDetails::backupSizeBytes is not initialized properly. Module:DynamoDB File:Public/Model/BackupDetails.h
[2024.04.02-07.19.11:552][  0]LogClass: Display: EnumProperty FBackupDetails::backupStatus is not initialized properly. Module:DynamoDB File:Public/Model/BackupDetails.h
[2024.04.02-07.19.11:552][  0]LogClass: Display: EnumProperty FBackupDetails::backupType is not initialized properly. Module:DynamoDB File:Public/Model/BackupDetails.h
[2024.04.02-07.19.11:552][  0]LogClass: Display: StructProperty FBackupDetails::backupCreationDateTime is not initialized properly. Module:DynamoDB File:Public/Model/BackupDetails.h
[2024.04.02-07.19.11:552][  0]LogClass: Display: StructProperty FBackupDetails::backupExpiryDateTime is not initialized properly. Module:DynamoDB File:Public/Model/BackupDetails.h
[2024.04.02-07.19.11:552][  0]LogClass: Display: StructProperty FBackupSummary::backupCreationDateTime is not initialized properly. Module:DynamoDB File:Public/Model/BackupSummary.h
[2024.04.02-07.19.11:552][  0]LogClass: Display: StructProperty FBackupSummary::backupExpiryDateTime is not initialized properly. Module:DynamoDB File:Public/Model/BackupSummary.h
[2024.04.02-07.19.11:552][  0]LogClass: Display: EnumProperty FBackupSummary::backupStatus is not initialized properly. Module:DynamoDB File:Public/Model/BackupSummary.h
[2024.04.02-07.19.11:552][  0]LogClass: Display: EnumProperty FBackupSummary::backupType is not initialized properly. Module:DynamoDB File:Public/Model/BackupSummary.h
[2024.04.02-07.19.11:553][  0]LogClass: Display: Int64Property FBackupSummary::backupSizeBytes is not initialized properly. Module:DynamoDB File:Public/Model/BackupSummary.h
[2024.04.02-07.19.11:553][  0]LogClass: Display: EnumProperty FBatchGetItemRequest::returnConsumedCapacity is not initialized properly. Module:DynamoDB File:Public/Model/BatchGetItemRequest.h
[2024.04.02-07.19.11:553][  0]LogClass: Display: BoolProperty FKeysAndAttributes::consistentRead is not initialized properly. Module:DynamoDB File:Public/Model/KeysAndAttributes.h
[2024.04.02-07.19.11:553][  0]LogClass: Display: FloatProperty FConsumedCapacity::capacityUnits is not initialized properly. Module:DynamoDB File:Public/Model/ConsumedCapacity.h
[2024.04.02-07.19.11:553][  0]LogClass: Display: FloatProperty FConsumedCapacity::readCapacityUnits is not initialized properly. Module:DynamoDB File:Public/Model/ConsumedCapacity.h
[2024.04.02-07.19.11:553][  0]LogClass: Display: FloatProperty FConsumedCapacity::writeCapacityUnits is not initialized properly. Module:DynamoDB File:Public/Model/ConsumedCapacity.h
[2024.04.02-07.19.11:554][  0]LogClass: Display: FloatProperty FCapacity::readCapacityUnits is not initialized properly. Module:DynamoDB File:Public/Model/Capacity.h
[2024.04.02-07.19.11:554][  0]LogClass: Display: FloatProperty FCapacity::writeCapacityUnits is not initialized properly. Module:DynamoDB File:Public/Model/Capacity.h
[2024.04.02-07.19.11:554][  0]LogClass: Display: FloatProperty FCapacity::capacityUnits is not initialized properly. Module:DynamoDB File:Public/Model/Capacity.h
[2024.04.02-07.19.11:554][  0]LogClass: Display: EnumProperty FBatchWriteItemRequest::returnConsumedCapacity is not initialized properly. Module:DynamoDB File:Public/Model/BatchWriteItemRequest.h
[2024.04.02-07.19.11:554][  0]LogClass: Display: EnumProperty FBatchWriteItemRequest::returnItemCollectionMetrics is not initialized properly. Module:DynamoDB File:Public/Model/BatchWriteItemRequest.h
[2024.04.02-07.19.11:554][  0]LogClass: Display: EnumProperty FBillingModeSummary::billingMode is not initialized properly. Module:DynamoDB File:Public/Model/BillingModeSummary.h
[2024.04.02-07.19.11:554][  0]LogClass: Display: StructProperty FBillingModeSummary::lastUpdateToPayPerRequestDateTime is not initialized properly. Module:DynamoDB File:Public/Model/BillingModeSummary.h
[2024.04.02-07.19.11:554][  0]LogClass: Display: EnumProperty FConditionCheck::returnValuesOnConditionCheckFailure is not initialized properly. Module:DynamoDB File:Public/Model/ConditionCheck.h
[2024.04.02-07.19.11:554][  0]LogClass: Display: EnumProperty FContinuousBackupsDescription::continuousBackupsStatus is not initialized properly. Module:DynamoDB File:Public/Model/ContinuousBackupsDescription.h
[2024.04.02-07.19.11:554][  0]LogClass: Display: EnumProperty FPointInTimeRecoveryDescription::pointInTimeRecoveryStatus is not initialized properly. Module:DynamoDB File:Public/Model/PointInTimeRecoveryDescription.h
[2024.04.02-07.19.11:554][  0]LogClass: Display: StructProperty FPointInTimeRecoveryDescription::earliestRestorableDateTime is not initialized properly. Module:DynamoDB File:Public/Model/PointInTimeRecoveryDescription.h
[2024.04.02-07.19.11:555][  0]LogClass: Display: StructProperty FPointInTimeRecoveryDescription::latestRestorableDateTime is not initialized properly. Module:DynamoDB File:Public/Model/PointInTimeRecoveryDescription.h
[2024.04.02-07.19.11:555][  0]LogClass: Display: EnumProperty FContributorInsightsSummary::contributorInsightsStatus is not initialized properly. Module:DynamoDB File:Public/Model/ContributorInsightsSummary.h
[2024.04.02-07.19.11:555][  0]LogClass: Display: StructProperty FGlobalTableDescription::creationDateTime is not initialized properly. Module:DynamoDB File:Public/Model/GlobalTableDescription.h
[2024.04.02-07.19.11:555][  0]LogClass: Display: EnumProperty FGlobalTableDescription::globalTableStatus is not initialized properly. Module:DynamoDB File:Public/Model/GlobalTableDescription.h
[2024.04.02-07.19.11:555][  0]LogClass: Display: EnumProperty FReplicaDescription::replicaStatus is not initialized properly. Module:DynamoDB File:Public/Model/ReplicaDescription.h
[2024.04.02-07.19.11:555][  0]LogClass: Display: StructProperty FReplicaDescription::replicaInaccessibleDateTime is not initialized properly. Module:DynamoDB File:Public/Model/ReplicaDescription.h
[2024.04.02-07.19.11:555][  0]LogClass: Display: Int64Property FProvisionedThroughputOverride::readCapacityUnits is not initialized properly. Module:DynamoDB File:Public/Model/ProvisionedThroughputOverride.h
[2024.04.02-07.19.11:555][  0]LogClass: Display: EnumProperty FCreateTableRequest::billingMode is not initialized properly. Module:DynamoDB File:Public/Model/CreateTableRequest.h
[2024.04.02-07.19.11:555][  0]LogClass: Display: BoolProperty FSSESpecification::enabled is not initialized properly. Module:DynamoDB File:Public/Model/SSESpecification.h
[2024.04.02-07.19.11:555][  0]LogClass: Display: EnumProperty FSSESpecification::SSEType is not initialized properly. Module:DynamoDB File:Public/Model/SSESpecification.h
[2024.04.02-07.19.11:556][  0]LogClass: Display: EnumProperty FTableDescription::tableStatus is not initialized properly. Module:DynamoDB File:Public/Model/TableDescription.h
[2024.04.02-07.19.11:556][  0]LogClass: Display: StructProperty FTableDescription::creationDateTime is not initialized properly. Module:DynamoDB File:Public/Model/TableDescription.h
[2024.04.02-07.19.11:556][  0]LogClass: Display: Int64Property FTableDescription::tableSizeBytes is not initialized properly. Module:DynamoDB File:Public/Model/TableDescription.h
[2024.04.02-07.19.11:556][  0]LogClass: Display: Int64Property FTableDescription::itemCount is not initialized properly. Module:DynamoDB File:Public/Model/TableDescription.h
[2024.04.02-07.19.11:556][  0]LogClass: Display: StructProperty FRestoreSummary::restoreDateTime is not initialized properly. Module:DynamoDB File:Public/Model/RestoreSummary.h
[2024.04.02-07.19.11:556][  0]LogClass: Display: BoolProperty FRestoreSummary::restoreInProgress is not initialized properly. Module:DynamoDB File:Public/Model/RestoreSummary.h
[2024.04.02-07.19.11:556][  0]LogClass: Display: EnumProperty FGlobalSecondaryIndexDescription::indexStatus is not initialized properly. Module:DynamoDB File:Public/Model/GlobalSecondaryIndexDescription.h
[2024.04.02-07.19.11:556][  0]LogClass: Display: BoolProperty FGlobalSecondaryIndexDescription::backfilling is not initialized properly. Module:DynamoDB File:Public/Model/GlobalSecondaryIndexDescription.h
[2024.04.02-07.19.11:556][  0]LogClass: Display: Int64Property FGlobalSecondaryIndexDescription::indexSizeBytes is not initialized properly. Module:DynamoDB File:Public/Model/GlobalSecondaryIndexDescription.h
[2024.04.02-07.19.11:556][  0]LogClass: Display: Int64Property FGlobalSecondaryIndexDescription::itemCount is not initialized properly. Module:DynamoDB File:Public/Model/GlobalSecondaryIndexDescription.h
[2024.04.02-07.19.11:557][  0]LogClass: Display: StructProperty FProvisionedThroughputDescription::lastIncreaseDateTime is not initialized properly. Module:DynamoDB File:Public/Model/ProvisionedThroughputDescription.h
[2024.04.02-07.19.11:557][  0]LogClass: Display: StructProperty FProvisionedThroughputDescription::lastDecreaseDateTime is not initialized properly. Module:DynamoDB File:Public/Model/ProvisionedThroughputDescription.h
[2024.04.02-07.19.11:557][  0]LogClass: Display: Int64Property FProvisionedThroughputDescription::numberOfDecreasesToday is not initialized properly. Module:DynamoDB File:Public/Model/ProvisionedThroughputDescription.h
[2024.04.02-07.19.11:557][  0]LogClass: Display: Int64Property FProvisionedThroughputDescription::readCapacityUnits is not initialized properly. Module:DynamoDB File:Public/Model/ProvisionedThroughputDescription.h
[2024.04.02-07.19.11:557][  0]LogClass: Display: Int64Property FProvisionedThroughputDescription::writeCapacityUnits is not initialized properly. Module:DynamoDB File:Public/Model/ProvisionedThroughputDescription.h
[2024.04.02-07.19.11:557][  0]LogClass: Display: Int64Property FLocalSecondaryIndexDescription::indexSizeBytes is not initialized properly. Module:DynamoDB File:Public/Model/LocalSecondaryIndexDescription.h
[2024.04.02-07.19.11:557][  0]LogClass: Display: Int64Property FLocalSecondaryIndexDescription::itemCount is not initialized properly. Module:DynamoDB File:Public/Model/LocalSecondaryIndexDescription.h
[2024.04.02-07.19.11:557][  0]LogClass: Display: EnumProperty FDeleteItemRequest::returnValues is not initialized properly. Module:DynamoDB File:Public/Model/DeleteItemRequest.h
[2024.04.02-07.19.11:557][  0]LogClass: Display: EnumProperty FDeleteItemRequest::returnConsumedCapacity is not initialized properly. Module:DynamoDB File:Public/Model/DeleteItemRequest.h
[2024.04.02-07.19.11:557][  0]LogClass: Display: EnumProperty FDeleteItemRequest::returnItemCollectionMetrics is not initialized properly. Module:DynamoDB File:Public/Model/DeleteItemRequest.h
[2024.04.02-07.19.11:558][  0]LogClass: Display: EnumProperty FDescribeContributorInsightsResult::contributorInsightsStatus is not initialized properly. Module:DynamoDB File:Public/Model/DescribeContributorInsightsResult.h
[2024.04.02-07.19.11:558][  0]LogClass: Display: StructProperty FDescribeContributorInsightsResult::lastUpdateDateTime is not initialized properly. Module:DynamoDB File:Public/Model/DescribeContributorInsightsResult.h
[2024.04.02-07.19.11:558][  0]LogClass: Display: Int64Property FEndpoint::cachePeriodInMinutes is not initialized properly. Module:DynamoDB File:Public/Model/Endpoint.h
[2024.04.02-07.19.11:558][  0]LogClass: Display: EnumProperty FReplicaSettingsDescription::replicaStatus is not initialized properly. Module:DynamoDB File:Public/Model/ReplicaSettingsDescription.h
[2024.04.02-07.19.11:558][  0]LogClass: Display: Int64Property FReplicaSettingsDescription::replicaProvisionedReadCapacityUnits is not initialized properly. Module:DynamoDB File:Public/Model/ReplicaSettingsDescription.h
[2024.04.02-07.19.11:558][  0]LogClass: Display: Int64Property FReplicaSettingsDescription::replicaProvisionedWriteCapacityUnits is not initialized properly. Module:DynamoDB File:Public/Model/ReplicaSettingsDescription.h
[2024.04.02-07.19.11:559][  0]LogClass: Display: EnumProperty FReplicaGlobalSecondaryIndexSettingsDescription::indexStatus is not initialized properly. Module:DynamoDB File:Public/Model/ReplicaGlobalSecondaryIndexSettingsDescription.h
[2024.04.02-07.19.11:559][  0]LogClass: Display: Int64Property FReplicaGlobalSecondaryIndexSettingsDescription::provisionedReadCapacityUnits is not initialized properly. Module:DynamoDB File:Public/Model/ReplicaGlobalSecondaryIndexSettingsDescription.h
[2024.04.02-07.19.11:559][  0]LogClass: Display: Int64Property FReplicaGlobalSecondaryIndexSettingsDescription::provisionedWriteCapacityUnits is not initialized properly. Module:DynamoDB File:Public/Model/ReplicaGlobalSecondaryIndexSettingsDescription.h
[2024.04.02-07.19.11:559][  0]LogClass: Display: Int64Property FDescribeLimitsResult::accountMaxReadCapacityUnits is not initialized properly. Module:DynamoDB File:Public/Model/DescribeLimitsResult.h
[2024.04.02-07.19.11:559][  0]LogClass: Display: Int64Property FDescribeLimitsResult::accountMaxWriteCapacityUnits is not initialized properly. Module:DynamoDB File:Public/Model/DescribeLimitsResult.h
[2024.04.02-07.19.11:559][  0]LogClass: Display: Int64Property FDescribeLimitsResult::tableMaxReadCapacityUnits is not initialized properly. Module:DynamoDB File:Public/Model/DescribeLimitsResult.h
[2024.04.02-07.19.11:559][  0]LogClass: Display: Int64Property FDescribeLimitsResult::tableMaxWriteCapacityUnits is not initialized properly. Module:DynamoDB File:Public/Model/DescribeLimitsResult.h
[2024.04.02-07.19.11:559][  0]LogClass: Display: EnumProperty FTableAutoScalingDescription::tableStatus is not initialized properly. Module:DynamoDB File:Public/Model/TableAutoScalingDescription.h
[2024.04.02-07.19.11:559][  0]LogClass: Display: EnumProperty FReplicaAutoScalingDescription::replicaStatus is not initialized properly. Module:DynamoDB File:Public/Model/ReplicaAutoScalingDescription.h
[2024.04.02-07.19.11:559][  0]LogClass: Display: EnumProperty FReplicaGlobalSecondaryIndexAutoScalingDescription::indexStatus is not initialized properly. Module:DynamoDB File:Public/Model/ReplicaGlobalSecondaryIndexAutoScalingDescription.h
[2024.04.02-07.19.11:560][  0]LogClass: Display: EnumProperty FDynamoDBCondition::comparisonOperator is not initialized properly. Module:DynamoDB File:Public/Model/DynamoDBCondition.h
[2024.04.02-07.19.11:560][  0]LogClass: Display: EnumProperty FDynamoDBDelete::returnValuesOnConditionCheckFailure is not initialized properly. Module:DynamoDB File:Public/Model/DynamoDBDelete.h
[2024.04.02-07.19.11:560][  0]LogClass: Display: EnumProperty FDynamoDBUpdate::returnValuesOnConditionCheckFailure is not initialized properly. Module:DynamoDB File:Public/Model/DynamoDBUpdate.h
[2024.04.02-07.19.11:560][  0]LogClass: Display: BoolProperty FExpectedAttributeValue::exists is not initialized properly. Module:DynamoDB File:Public/Model/ExpectedAttributeValue.h
[2024.04.02-07.19.11:560][  0]LogClass: Display: EnumProperty FExpectedAttributeValue::comparisonOperator is not initialized properly. Module:DynamoDB File:Public/Model/ExpectedAttributeValue.h
[2024.04.02-07.19.11:560][  0]LogClass: Display: BoolProperty FGetItemRequest::consistentRead is not initialized properly. Module:DynamoDB File:Public/Model/GetItemRequest.h
[2024.04.02-07.19.11:560][  0]LogClass: Display: EnumProperty FGetItemRequest::returnConsumedCapacity is not initialized properly. Module:DynamoDB File:Public/Model/GetItemRequest.h
[2024.04.02-07.19.11:561][  0]LogClass: Display: Int64Property FGlobalTableGlobalSecondaryIndexSettingsUpdate::provisionedWriteCapacityUnits is not initialized properly. Module:DynamoDB File:Public/Model/GlobalTableGlobalSecondaryIndexSettingsUpdate.h
[2024.04.02-07.19.11:561][  0]LogClass: Display: IntProperty FListBackupsRequest::limit is not initialized properly. Module:DynamoDB File:Public/Model/ListBackupsRequest.h
[2024.04.02-07.19.11:561][  0]LogClass: Display: StructProperty FListBackupsRequest::timeRangeLowerBound is not initialized properly. Module:DynamoDB File:Public/Model/ListBackupsRequest.h
[2024.04.02-07.19.11:561][  0]LogClass: Display: StructProperty FListBackupsRequest::timeRangeUpperBound is not initialized properly. Module:DynamoDB File:Public/Model/ListBackupsRequest.h
[2024.04.02-07.19.11:561][  0]LogClass: Display: EnumProperty FListBackupsRequest::backupType is not initialized properly. Module:DynamoDB File:Public/Model/ListBackupsRequest.h
[2024.04.02-07.19.11:561][  0]LogClass: Display: IntProperty FListContributorInsightsRequest::maxResults is not initialized properly. Module:DynamoDB File:Public/Model/ListContributorInsightsRequest.h
[2024.04.02-07.19.11:561][  0]LogClass: Display: IntProperty FListGlobalTablesRequest::limit is not initialized properly. Module:DynamoDB File:Public/Model/ListGlobalTablesRequest.h
[2024.04.02-07.19.11:561][  0]LogClass: Display: IntProperty FListTablesRequest::limit is not initialized properly. Module:DynamoDB File:Public/Model/ListTablesRequest.h
[2024.04.02-07.19.11:561][  0]LogClass: Display: BoolProperty FPointInTimeRecoverySpecification::pointInTimeRecoveryEnabled is not initialized properly. Module:DynamoDB File:Public/Model/PointInTimeRecoverySpecification.h
[2024.04.02-07.19.11:561][  0]LogClass: Display: EnumProperty FPut::returnValuesOnConditionCheckFailure is not initialized properly. Module:DynamoDB File:Public/Model/Put.h
[2024.04.02-07.19.11:561][  0]LogClass: Display: EnumProperty FPutItemRequest::returnValues is not initialized properly. Module:DynamoDB File:Public/Model/PutItemRequest.h
[2024.04.02-07.19.11:562][  0]LogClass: Display: EnumProperty FPutItemRequest::returnConsumedCapacity is not initialized properly. Module:DynamoDB File:Public/Model/PutItemRequest.h
[2024.04.02-07.19.11:562][  0]LogClass: Display: EnumProperty FPutItemRequest::returnItemCollectionMetrics is not initialized properly. Module:DynamoDB File:Public/Model/PutItemRequest.h
[2024.04.02-07.19.11:562][  0]LogClass: Display: EnumProperty FQueryRequest::select is not initialized properly. Module:DynamoDB File:Public/Model/QueryRequest.h
[2024.04.02-07.19.11:562][  0]LogClass: Display: IntProperty FQueryRequest::limit is not initialized properly. Module:DynamoDB File:Public/Model/QueryRequest.h
[2024.04.02-07.19.11:562][  0]LogClass: Display: BoolProperty FQueryRequest::consistentRead is not initialized properly. Module:DynamoDB File:Public/Model/QueryRequest.h
[2024.04.02-07.19.11:562][  0]LogClass: Display: BoolProperty FQueryRequest::scanIndexForward is not initialized properly. Module:DynamoDB File:Public/Model/QueryRequest.h
[2024.04.02-07.19.11:562][  0]LogClass: Display: EnumProperty FQueryRequest::returnConsumedCapacity is not initialized properly. Module:DynamoDB File:Public/Model/QueryRequest.h
[2024.04.02-07.19.11:562][  0]LogClass: Display: IntProperty FQueryResult::count is not initialized properly. Module:DynamoDB File:Public/Model/QueryResult.h
[2024.04.02-07.19.11:562][  0]LogClass: Display: IntProperty FQueryResult::scannedCount is not initialized properly. Module:DynamoDB File:Public/Model/QueryResult.h
[2024.04.02-07.19.11:563][  0]LogClass: Display: Int64Property FReplicaGlobalSecondaryIndexSettingsUpdate::provisionedReadCapacityUnits is not initialized properly. Module:DynamoDB File:Public/Model/ReplicaGlobalSecondaryIndexSettingsUpdate.h
[2024.04.02-07.19.11:563][  0]LogClass: Display: Int64Property FReplicaSettingsUpdate::replicaProvisionedReadCapacityUnits is not initialized properly. Module:DynamoDB File:Public/Model/ReplicaSettingsUpdate.h
[2024.04.02-07.19.11:563][  0]LogClass: Display: EnumProperty FRestoreTableFromBackupRequest::billingModeOverride is not initialized properly. Module:DynamoDB File:Public/Model/RestoreTableFromBackupRequest.h
[2024.04.02-07.19.11:563][  0]LogClass: Display: BoolProperty FRestoreTableToPointInTimeRequest::useLatestRestorableTime is not initialized properly. Module:DynamoDB File:Public/Model/RestoreTableToPointInTimeRequest.h
[2024.04.02-07.19.11:563][  0]LogClass: Display: StructProperty FRestoreTableToPointInTimeRequest::restoreDateTime is not initialized properly. Module:DynamoDB File:Public/Model/RestoreTableToPointInTimeRequest.h
[2024.04.02-07.19.11:563][  0]LogClass: Display: EnumProperty FRestoreTableToPointInTimeRequest::billingModeOverride is not initialized properly. Module:DynamoDB File:Public/Model/RestoreTableToPointInTimeRequest.h
[2024.04.02-07.19.11:563][  0]LogClass: Display: IntProperty FScanRequest::limit is not initialized properly. Module:DynamoDB File:Public/Model/ScanRequest.h
[2024.04.02-07.19.11:563][  0]LogClass: Display: EnumProperty FScanRequest::select is not initialized properly. Module:DynamoDB File:Public/Model/ScanRequest.h
[2024.04.02-07.19.11:563][  0]LogClass: Display: EnumProperty FScanRequest::returnConsumedCapacity is not initialized properly. Module:DynamoDB File:Public/Model/ScanRequest.h
[2024.04.02-07.19.11:563][  0]LogClass: Display: IntProperty FScanRequest::totalSegments is not initialized properly. Module:DynamoDB File:Public/Model/ScanRequest.h
[2024.04.02-07.19.11:564][  0]LogClass: Display: IntProperty FScanRequest::segment is not initialized properly. Module:DynamoDB File:Public/Model/ScanRequest.h
[2024.04.02-07.19.11:564][  0]LogClass: Display: BoolProperty FScanRequest::consistentRead is not initialized properly. Module:DynamoDB File:Public/Model/ScanRequest.h
[2024.04.02-07.19.11:564][  0]LogClass: Display: IntProperty FScanResult::count is not initialized properly. Module:DynamoDB File:Public/Model/ScanResult.h
[2024.04.02-07.19.11:564][  0]LogClass: Display: IntProperty FScanResult::scannedCount is not initialized properly. Module:DynamoDB File:Public/Model/ScanResult.h
[2024.04.02-07.19.11:564][  0]LogClass: Display: BoolProperty FTimeToLiveSpecification::enabled is not initialized properly. Module:DynamoDB File:Public/Model/TimeToLiveSpecification.h
[2024.04.02-07.19.11:564][  0]LogClass: Display: EnumProperty FTransactGetItemsRequest::returnConsumedCapacity is not initialized properly. Module:DynamoDB File:Public/Model/TransactGetItemsRequest.h
[2024.04.02-07.19.11:564][  0]LogClass: Display: EnumProperty FTransactWriteItemsRequest::returnConsumedCapacity is not initialized properly. Module:DynamoDB File:Public/Model/TransactWriteItemsRequest.h
[2024.04.02-07.19.11:564][  0]LogClass: Display: EnumProperty FTransactWriteItemsRequest::returnItemCollectionMetrics is not initialized properly. Module:DynamoDB File:Public/Model/TransactWriteItemsRequest.h
[2024.04.02-07.19.11:564][  0]LogClass: Display: EnumProperty FUpdateContributorInsightsRequest::contributorInsightsAction is not initialized properly. Module:DynamoDB File:Public/Model/UpdateContributorInsightsRequest.h
[2024.04.02-07.19.11:565][  0]LogClass: Display: EnumProperty FUpdateContributorInsightsResult::contributorInsightsStatus is not initialized properly. Module:DynamoDB File:Public/Model/UpdateContributorInsightsResult.h
[2024.04.02-07.19.11:565][  0]LogClass: Display: EnumProperty FUpdateGlobalTableSettingsRequest::globalTableBillingMode is not initialized properly. Module:DynamoDB File:Public/Model/UpdateGlobalTableSettingsRequest.h
[2024.04.02-07.19.11:565][  0]LogClass: Display: Int64Property FUpdateGlobalTableSettingsRequest::globalTableProvisionedWriteCapacityUnits is not initialized properly. Module:DynamoDB File:Public/Model/UpdateGlobalTableSettingsRequest.h
[2024.04.02-07.19.11:565][  0]LogClass: Display: EnumProperty FUpdateItemRequest::returnValues is not initialized properly. Module:DynamoDB File:Public/Model/UpdateItemRequest.h
[2024.04.02-07.19.11:565][  0]LogClass: Display: EnumProperty FUpdateItemRequest::returnConsumedCapacity is not initialized properly. Module:DynamoDB File:Public/Model/UpdateItemRequest.h
[2024.04.02-07.19.11:565][  0]LogClass: Display: EnumProperty FUpdateItemRequest::returnItemCollectionMetrics is not initialized properly. Module:DynamoDB File:Public/Model/UpdateItemRequest.h
[2024.04.02-07.19.11:565][  0]LogClass: Display: EnumProperty FUpdateTableRequest::billingMode is not initialized properly. Module:DynamoDB File:Public/Model/UpdateTableRequest.h
[2024.04.02-07.19.11:565][  0]LogClass: Display: IntProperty FDescribeStreamRequest::limit is not initialized properly. Module:DynamoDBStreams File:Public/Model/DescribeStreamRequest.h
[2024.04.02-07.19.11:566][  0]LogClass: Display: EnumProperty FStreamDescription::streamStatus is not initialized properly. Module:DynamoDBStreams File:Public/Model/StreamDescription.h
[2024.04.02-07.19.11:566][  0]LogClass: Display: EnumProperty FStreamDescription::streamViewType is not initialized properly. Module:DynamoDBStreams File:Public/Model/StreamDescription.h
[2024.04.02-07.19.11:566][  0]LogClass: Display: StructProperty FStreamDescription::creationRequestDateTime is not initialized properly. Module:DynamoDBStreams File:Public/Model/StreamDescription.h
[2024.04.02-07.19.11:566][  0]LogClass: Display: EnumProperty FDynamoDBStreamsKeySchemaElement::keyType is not initialized properly. Module:DynamoDBStreams File:Public/Model/DynamoDBStreamsKeySchemaElement.h
[2024.04.02-07.19.11:566][  0]LogClass: Display: EnumProperty FDynamoDBStreamsRecord::eventName is not initialized properly. Module:DynamoDBStreams File:Public/Model/DynamoDBStreamsRecord.h
[2024.04.02-07.19.11:566][  0]LogClass: Display: StructProperty FStreamRecord::approximateCreationDateTime is not initialized properly. Module:DynamoDBStreams File:Public/Model/StreamRecord.h
[2024.04.02-07.19.11:567][  0]LogClass: Display: Int64Property FStreamRecord::sizeBytes is not initialized properly. Module:DynamoDBStreams File:Public/Model/StreamRecord.h
[2024.04.02-07.19.11:567][  0]LogClass: Display: EnumProperty FStreamRecord::streamViewType is not initialized properly. Module:DynamoDBStreams File:Public/Model/StreamRecord.h
[2024.04.02-07.19.11:567][  0]LogClass: Display: IntProperty FGetRecordsRequest::limit is not initialized properly. Module:DynamoDBStreams File:Public/Model/GetRecordsRequest.h
[2024.04.02-07.19.11:567][  0]LogClass: Display: EnumProperty FGetShardIteratorRequest::shardIteratorType is not initialized properly. Module:DynamoDBStreams File:Public/Model/GetShardIteratorRequest.h
[2024.04.02-07.19.11:567][  0]LogClass: Display: IntProperty FListStreamsRequest::limit is not initialized properly. Module:DynamoDBStreams File:Public/Model/ListStreamsRequest.h
[2024.04.02-07.19.11:569][  0]LogClass: Display: 762 Uninitialized script struct members found including 1 object properties
[2024.04.02-07.19.11:572][  0]LogAutomationTest: Warning: ObjectProperty FSetUICustomizationRequest::imageFile is not initialized properly. Module:CognitoIdp File:Public/Model/SetUICustomizationRequest.h
[2024.04.02-07.19.11:575][  0]LogEngine: Initializing Engine...
[2024.04.02-07.19.11:630][  0]LogHMD: Failed to enumerate extensions. Please check that you have a valid OpenXR runtime installed.
[2024.04.02-07.19.11:631][  0]LogHMD: Failed to initialize OpenVR with code 110
[2024.04.02-07.19.11:632][  0]LogMagicLeap: Warning: VR disabled because ZI is not enabled.  To enable, in the editor, Edit -> Project Settings -> Plugins -> Magic Leap Plugin -> Enable Zero Iteration
[2024.04.02-07.19.11:636][  0]LogStats: UGameplayTagsManager::InitializeManager -  0.001 s
[2024.04.02-07.19.11:910][  0]LogInit: Initializing FReadOnlyCVARCache
[2024.04.02-07.19.12:006][  0]LogAIModule: Creating AISystem for world Untitled
[2024.04.02-07.19.12:021][  0]LogAudio: Display: Initializing Audio Device Manager...
[2024.04.02-07.19.12:051][  0]LogAudio: Display: Loading Default Audio Settings Objects...
[2024.04.02-07.19.12:058][  0]LogAudio: Display: No default SoundConcurrencyObject specified (or failed to load).
[2024.04.02-07.19.12:062][  0]LogAudio: Display: Audio Device Manager Initialized
[2024.04.02-07.19.12:062][  0]LogAudio: Display: Creating Audio Device:                 Id: 1, Scope: Shared, Realtime: True
[2024.04.02-07.19.12:065][  0]LogAudioMixer: Display: Audio Mixer Platform Settings:
[2024.04.02-07.19.12:065][  0]LogAudioMixer: Display: 	Sample Rate:						  48000
[2024.04.02-07.19.12:065][  0]LogAudioMixer: Display: 	Callback Buffer Frame Size Requested: 1024
[2024.04.02-07.19.12:065][  0]LogAudioMixer: Display: 	Callback Buffer Frame Size To Use:	  1024
[2024.04.02-07.19.12:065][  0]LogAudioMixer: Display: 	Number of buffers to queue:			  2
[2024.04.02-07.19.12:065][  0]LogAudioMixer: Display: 	Max Channels (voices):				  32
[2024.04.02-07.19.12:065][  0]LogAudioMixer: Display: 	Number of Async Source Workers:		  0
[2024.04.02-07.19.12:065][  0]LogAudio: Display: AudioDevice MaxSources: 32
[2024.04.02-07.19.12:068][  0]LogAudio: Display: Audio Spatialization Plugin: None (built-in).
[2024.04.02-07.19.12:069][  0]LogAudio: Display: Audio Reverb Plugin: None (built-in).
[2024.04.02-07.19.12:069][  0]LogAudio: Display: Audio Occlusion Plugin: None (built-in).
[2024.04.02-07.19.12:069][  0]LogAudioMixer: Display: Initializing audio mixer.
[2024.04.02-07.19.12:102][  0]LogAudioMixer: Display: 0: FrontLeft
[2024.04.02-07.19.12:102][  0]LogAudioMixer: Display: 1: FrontRight
[2024.04.02-07.19.12:529][  0]LogAudioMixer: Display: Using Audio Device Speakers (Realtek(R) Audio)
[2024.04.02-07.19.12:532][  0]LogAudioMixer: Display: Initializing Sound Submixes...
[2024.04.02-07.19.12:553][  0]LogAudioMixer: Display: Creating Master Submix 'MasterSubmixDefault'
[2024.04.02-07.19.12:553][  0]LogAudioMixer: Display: Creating Master Submix 'MasterReverbSubmixDefault'
[2024.04.02-07.19.12:556][  0]LogAudioMixer: Display: Creating Master Submix 'MasterEQSubmixDefault'
[2024.04.02-07.19.12:557][  0]LogAudioMixer: FMixerPlatformXAudio2::StartAudioStream() called
[2024.04.02-07.19.12:557][  0]LogAudioMixer: Display: Output buffers initialized: Frames=1024, Channels=2, Samples=2048
[2024.04.02-07.19.12:560][  0]LogAudioMixer: Display: Starting AudioMixerPlatformInterface::RunInternal()
[2024.04.02-07.19.12:560][  0]LogAudioMixer: Display: FMixerPlatformXAudio2::SubmitBuffer() called for the first time
[2024.04.02-07.19.12:560][  0]LogInit: FAudioDevice initialized.
[2024.04.02-07.19.12:561][  0]LogAudio: Display: Audio Device (ID: 1) registered with world 'Untitled'.
[2024.04.02-07.19.12:562][  0]LogNetVersion: Set ProjectVersion to 1.0.0.0. Version Checksum will be recalculated on next use.
[2024.04.02-07.19.12:609][  0]LogDerivedDataCache: Saved boot cache 0.05s 94MB ../../../../Users/Sagi/Documents/GitHub/TwoDSSG/DerivedDataCache/Boot.ddc.
[2024.04.02-07.19.12:610][  0]LogInit: Texture streaming: Enabled
[2024.04.02-07.19.12:692][  0]LogAnalytics: Display: [UEEditor.UnrealEngine.Release] APIServer = https://datarouter.ol.epicgames.com/. AppVersion = 4.27.2-0+++UE4+Release-4.27
[2024.04.02-07.19.12:720][  0]LogEngineSessionManager: EngineSessionManager initialized
[2024.04.02-07.19.12:720][  0]LogEditorSessionSummary: Verbose: Initializing EditorSessionSummaryWriter for editor session tracking
[2024.04.02-07.19.12:723][  0]LogEditorSessionSummary: EditorSessionSummaryWriter initialized
[2024.04.02-07.19.12:817][  0]LogInit: Transaction tracking system initialized
[2024.04.02-07.19.13:024][  0]BlueprintLog: New page: Editor Load
[2024.04.02-07.19.13:556][  0]LocalizationService: Localization service is disabled
[2024.04.02-07.19.13:771][  0]TimingProfiler: Initialize
[2024.04.02-07.19.13:776][  0]TimingProfiler: OnSessionChanged
[2024.04.02-07.19.13:776][  0]LoadingProfiler: Initialize
[2024.04.02-07.19.13:776][  0]LoadingProfiler: OnSessionChanged
[2024.04.02-07.19.13:777][  0]NetworkingProfiler: Initialize
[2024.04.02-07.19.13:777][  0]NetworkingProfiler: OnSessionChanged
[2024.04.02-07.19.13:778][  0]MemoryProfiler: Initialize
[2024.04.02-07.19.13:778][  0]MemoryProfiler: OnSessionChanged
[2024.04.02-07.19.13:809][  0]LogClass: Warning: In asset 'None', there is an enum property of type 'EIOSVersion' with an invalid value of 'IOS_11'
[2024.04.02-07.19.13:809][  0]LogObj: Error: LoadConfig (/Script/IOSRuntimeSettings.Default__IOSRuntimeSettings): import failed for MinimumiOSVersion in: IOS_11
[2024.04.02-07.19.14:591][  0]LogCook: Display: CookSettings for Memory: MemoryMaxUsedVirtual 0MiB, MemoryMaxUsedPhysical 16384MiB, MemoryMinFreeVirtual 0MiB, MemoryMinFreePhysical 1024MiB
[2024.04.02-07.19.14:591][  0]LogCook: Display: Mobile HDR setting 0
[2024.04.02-07.19.15:214][  0]LogFileCache: Scanning file cache for directory 'C:/Users/Sagi/Documents/GitHub/TwoDSSG/Content/' took 0.03s
[2024.04.02-07.19.16:037][  0]LogModuleManager: Warning: ModuleManager: Unable to load module 'SequenceRecorderSections'  - 0 instances of that module name found.
[2024.04.02-07.19.16:039][  0]LogInit: Display: Engine is initialized. Leaving FEngineLoop::Init()
[2024.04.02-07.19.16:050][  0]SourceControl: Source control is disabled
[2024.04.02-07.19.16:051][  0]LogUnrealEdMisc: Loading editor; pre map load, took 34.343
[2024.04.02-07.19.16:054][  0]Cmd: MAP LOAD FILE="../../../../Users/Sagi/Documents/GitHub/TwoDSSG/Content/GameSystem/Maps/LoginScreen.umap" TEMPLATE=0 SHOWPROGRESS=1 FEATURELEVEL=3
[2024.04.02-07.19.16:060][  0]LightingResults: New page: Lighting Build
[2024.04.02-07.19.16:070][  0]LogWorld: UWorld::CleanupWorld for Untitled, bSessionEnded=true, bCleanupResources=true
[2024.04.02-07.19.16:073][  0]LogSlate: InvalidateAllWidgets triggered.  All widgets were invalidated
[2024.04.02-07.19.16:076][  0]MapCheck: New page: Map Check
[2024.04.02-07.19.16:076][  0]LightingResults: New page: Lighting Build
[2024.04.02-07.19.16:097][  0]LogAudio: Display: Audio Device unregistered from world 'None'.
[2024.04.02-07.19.16:124][  0]LogUObjectHash: Compacting FUObjectHashTables data took   0.94ms
[2024.04.02-07.19.16:394][  0]LogAudio: Display: Audio Device (ID: 1) registered with world 'LoginScreen'.
[2024.04.02-07.19.16:396][  0]LogAIModule: Creating AISystem for world LoginScreen
[2024.04.02-07.19.16:405][  0]LogEditorServer: Finished looking for orphan Actors (0.000 secs)
[2024.04.02-07.19.16:431][  0]LogUObjectHash: Compacting FUObjectHashTables data took   0.81ms
[2024.04.02-07.19.16:434][  0]Cmd: MAP CHECKDEP NOCLEARLOG
[2024.04.02-07.19.16:435][  0]MapCheck: Map check complete: 0 Error(s), 0 Warning(s), took 0.371ms to complete.
[2024.04.02-07.19.16:435][  0]LogFileHelpers: Loading map 'LoginScreen' took 0.383
[2024.04.02-07.19.16:487][  0]LogUnrealEdMisc: Total Editor Startup Time, took 34.779
[2024.04.02-07.19.16:739][  0]LogSlate: Updating window title bar state: overlay mode, drag disabled, window buttons hidden, title bar hidden
[2024.04.02-07.19.16:746][  0]LogSlate: Updating window title bar state: overlay mode, drag disabled, window buttons hidden, title bar hidden
[2024.04.02-07.19.16:750][  0]LogSlate: Updating window title bar state: overlay mode, drag disabled, window buttons hidden, title bar hidden
[2024.04.02-07.19.16:756][  0]LogSlate: Updating window title bar state: overlay mode, drag disabled, window buttons hidden, title bar hidden
[2024.04.02-07.19.16:806][  0]LogNativeClassHierarchy: Verbose: Native class hierarchy populated in 0.0080 seconds. Added 3841 classes and 947 folders.
[2024.04.02-07.19.16:817][  0]LogNativeClassHierarchy: Verbose: Native class hierarchy updated for 'WidgetCarousel' in 0.0002 seconds. Added 0 classes and 0 folders.
[2024.04.02-07.19.16:856][  0]LogShaderLibrary: Display: ShaderCodeLibraryPakFileMountedCallback: PakFile 'C:/UnrealEngine-4.27.2-release/FeaturePacks/FP_FirstPerson.upack' (chunk index -1, root 'root:/') mounted
[2024.04.02-07.19.16:856][  0]LogShaderLibrary: Display: ShaderCodeLibraryPakFileMountedCallback: pending pak file info (ChunkID:-1 Root:root:/ File:C:/UnrealEngine-4.27.2-release/FeaturePacks/FP_FirstPerson.upack)
[2024.04.02-07.19.16:856][  0]LogPakFile: OnPakFileMounted2Time == 0.001430
[2024.04.02-07.19.16:878][  0]LogShaderLibrary: Display: ShaderCodeLibraryPakFileMountedCallback: PakFile 'C:/UnrealEngine-4.27.2-release/FeaturePacks/FP_FirstPersonBP.upack' (chunk index -1, root 'root:/') mounted
[2024.04.02-07.19.16:878][  0]LogShaderLibrary: Display: ShaderCodeLibraryPakFileMountedCallback: pending pak file info (ChunkID:-1 Root:root:/ File:C:/UnrealEngine-4.27.2-release/FeaturePacks/FP_FirstPersonBP.upack)
[2024.04.02-07.19.16:879][  0]LogPakFile: OnPakFileMounted2Time == 0.000332
[2024.04.02-07.19.16:885][  0]LogShaderLibrary: Display: ShaderCodeLibraryPakFileMountedCallback: PakFile 'C:/UnrealEngine-4.27.2-release/FeaturePacks/MobileStarterContent.upack' (chunk index -1, root 'root:/') mounted
[2024.04.02-07.19.16:885][  0]LogShaderLibrary: Display: ShaderCodeLibraryPakFileMountedCallback: pending pak file info (ChunkID:-1 Root:root:/ File:C:/UnrealEngine-4.27.2-release/FeaturePacks/MobileStarterContent.upack)
[2024.04.02-07.19.16:885][  0]LogPakFile: OnPakFileMounted2Time == 0.000197
[2024.04.02-07.19.16:891][  0]LogShaderLibrary: Display: ShaderCodeLibraryPakFileMountedCallback: PakFile 'C:/UnrealEngine-4.27.2-release/FeaturePacks/StarterContent.upack' (chunk index -1, root 'root:/') mounted
[2024.04.02-07.19.16:891][  0]LogShaderLibrary: Display: ShaderCodeLibraryPakFileMountedCallback: pending pak file info (ChunkID:-1 Root:root:/ File:C:/UnrealEngine-4.27.2-release/FeaturePacks/StarterContent.upack)
[2024.04.02-07.19.16:891][  0]LogPakFile: OnPakFileMounted2Time == 0.000332
[2024.04.02-07.19.16:898][  0]LogShaderLibrary: Display: ShaderCodeLibraryPakFileMountedCallback: PakFile 'C:/UnrealEngine-4.27.2-release/FeaturePacks/TP_2DSideScroller.upack' (chunk index -1, root 'root:/') mounted
[2024.04.02-07.19.16:898][  0]LogShaderLibrary: Display: ShaderCodeLibraryPakFileMountedCallback: pending pak file info (ChunkID:-1 Root:root:/ File:C:/UnrealEngine-4.27.2-release/FeaturePacks/TP_2DSideScroller.upack)
[2024.04.02-07.19.16:898][  0]LogPakFile: OnPakFileMounted2Time == 0.000195
[2024.04.02-07.19.16:902][  0]LogShaderLibrary: Display: ShaderCodeLibraryPakFileMountedCallback: PakFile 'C:/UnrealEngine-4.27.2-release/FeaturePacks/TP_2DSideScrollerBP.upack' (chunk index -1, root 'root:/') mounted
[2024.04.02-07.19.16:903][  0]LogShaderLibrary: Display: ShaderCodeLibraryPakFileMountedCallback: pending pak file info (ChunkID:-1 Root:root:/ File:C:/UnrealEngine-4.27.2-release/FeaturePacks/TP_2DSideScrollerBP.upack)
[2024.04.02-07.19.16:903][  0]LogPakFile: OnPakFileMounted2Time == 0.000281
[2024.04.02-07.19.16:908][  0]LogShaderLibrary: Display: ShaderCodeLibraryPakFileMountedCallback: PakFile 'C:/UnrealEngine-4.27.2-release/FeaturePacks/TP_Flying.upack' (chunk index -1, root 'root:/') mounted
[2024.04.02-07.19.16:908][  0]LogShaderLibrary: Display: ShaderCodeLibraryPakFileMountedCallback: pending pak file info (ChunkID:-1 Root:root:/ File:C:/UnrealEngine-4.27.2-release/FeaturePacks/TP_Flying.upack)
[2024.04.02-07.19.16:908][  0]LogPakFile: OnPakFileMounted2Time == 0.000254
[2024.04.02-07.19.16:914][  0]LogShaderLibrary: Display: ShaderCodeLibraryPakFileMountedCallback: PakFile 'C:/UnrealEngine-4.27.2-release/FeaturePacks/TP_FlyingBP.upack' (chunk index -1, root 'root:/') mounted
[2024.04.02-07.19.16:914][  0]LogShaderLibrary: Display: ShaderCodeLibraryPakFileMountedCallback: pending pak file info (ChunkID:-1 Root:root:/ File:C:/UnrealEngine-4.27.2-release/FeaturePacks/TP_FlyingBP.upack)
[2024.04.02-07.19.16:914][  0]LogPakFile: OnPakFileMounted2Time == 0.000168
[2024.04.02-07.19.16:919][  0]LogShaderLibrary: Display: ShaderCodeLibraryPakFileMountedCallback: PakFile 'C:/UnrealEngine-4.27.2-release/FeaturePacks/TP_Puzzle.upack' (chunk index -1, root 'root:/') mounted
[2024.04.02-07.19.16:919][  0]LogShaderLibrary: Display: ShaderCodeLibraryPakFileMountedCallback: pending pak file info (ChunkID:-1 Root:root:/ File:C:/UnrealEngine-4.27.2-release/FeaturePacks/TP_Puzzle.upack)
[2024.04.02-07.19.16:920][  0]LogPakFile: OnPakFileMounted2Time == 0.000387
[2024.04.02-07.19.16:926][  0]LogShaderLibrary: Display: ShaderCodeLibraryPakFileMountedCallback: PakFile 'C:/UnrealEngine-4.27.2-release/FeaturePacks/TP_PuzzleBP.upack' (chunk index -1, root 'root:/') mounted
[2024.04.02-07.19.16:926][  0]LogShaderLibrary: Display: ShaderCodeLibraryPakFileMountedCallback: pending pak file info (ChunkID:-1 Root:root:/ File:C:/UnrealEngine-4.27.2-release/FeaturePacks/TP_PuzzleBP.upack)
[2024.04.02-07.19.16:926][  0]LogPakFile: OnPakFileMounted2Time == 0.000201
[2024.04.02-07.19.16:931][  0]LogShaderLibrary: Display: ShaderCodeLibraryPakFileMountedCallback: PakFile 'C:/UnrealEngine-4.27.2-release/FeaturePacks/TP_Rolling.upack' (chunk index -1, root 'root:/') mounted
[2024.04.02-07.19.16:931][  0]LogShaderLibrary: Display: ShaderCodeLibraryPakFileMountedCallback: pending pak file info (ChunkID:-1 Root:root:/ File:C:/UnrealEngine-4.27.2-release/FeaturePacks/TP_Rolling.upack)
[2024.04.02-07.19.16:931][  0]LogPakFile: OnPakFileMounted2Time == 0.000188
[2024.04.02-07.19.16:936][  0]LogShaderLibrary: Display: ShaderCodeLibraryPakFileMountedCallback: PakFile 'C:/UnrealEngine-4.27.2-release/FeaturePacks/TP_RollingBP.upack' (chunk index -1, root 'root:/') mounted
[2024.04.02-07.19.16:937][  0]LogShaderLibrary: Display: ShaderCodeLibraryPakFileMountedCallback: pending pak file info (ChunkID:-1 Root:root:/ File:C:/UnrealEngine-4.27.2-release/FeaturePacks/TP_RollingBP.upack)
[2024.04.02-07.19.16:937][  0]LogPakFile: OnPakFileMounted2Time == 0.000360
[2024.04.02-07.19.16:943][  0]LogShaderLibrary: Display: ShaderCodeLibraryPakFileMountedCallback: PakFile 'C:/UnrealEngine-4.27.2-release/FeaturePacks/TP_SideScroller.upack' (chunk index -1, root 'root:/') mounted
[2024.04.02-07.19.16:943][  0]LogShaderLibrary: Display: ShaderCodeLibraryPakFileMountedCallback: pending pak file info (ChunkID:-1 Root:root:/ File:C:/UnrealEngine-4.27.2-release/FeaturePacks/TP_SideScroller.upack)
[2024.04.02-07.19.16:943][  0]LogPakFile: OnPakFileMounted2Time == 0.000429
[2024.04.02-07.19.16:948][  0]LogShaderLibrary: Display: ShaderCodeLibraryPakFileMountedCallback: PakFile 'C:/UnrealEngine-4.27.2-release/FeaturePacks/TP_SideScrollerBP.upack' (chunk index -1, root 'root:/') mounted
[2024.04.02-07.19.16:948][  0]LogShaderLibrary: Display: ShaderCodeLibraryPakFileMountedCallback: pending pak file info (ChunkID:-1 Root:root:/ File:C:/UnrealEngine-4.27.2-release/FeaturePacks/TP_SideScrollerBP.upack)
[2024.04.02-07.19.16:948][  0]LogPakFile: OnPakFileMounted2Time == 0.000267
[2024.04.02-07.19.16:953][  0]LogShaderLibrary: Display: ShaderCodeLibraryPakFileMountedCallback: PakFile 'C:/UnrealEngine-4.27.2-release/FeaturePacks/TP_ThirdPerson.upack' (chunk index -1, root 'root:/') mounted
[2024.04.02-07.19.16:953][  0]LogShaderLibrary: Display: ShaderCodeLibraryPakFileMountedCallback: pending pak file info (ChunkID:-1 Root:root:/ File:C:/UnrealEngine-4.27.2-release/FeaturePacks/TP_ThirdPerson.upack)
[2024.04.02-07.19.16:953][  0]LogPakFile: OnPakFileMounted2Time == 0.000372
[2024.04.02-07.19.16:959][  0]LogShaderLibrary: Display: ShaderCodeLibraryPakFileMountedCallback: PakFile 'C:/UnrealEngine-4.27.2-release/FeaturePacks/TP_ThirdPersonBP.upack' (chunk index -1, root 'root:/') mounted
[2024.04.02-07.19.16:959][  0]LogShaderLibrary: Display: ShaderCodeLibraryPakFileMountedCallback: pending pak file info (ChunkID:-1 Root:root:/ File:C:/UnrealEngine-4.27.2-release/FeaturePacks/TP_ThirdPersonBP.upack)
[2024.04.02-07.19.16:959][  0]LogPakFile: OnPakFileMounted2Time == 0.000181
[2024.04.02-07.19.16:963][  0]LogShaderLibrary: Display: ShaderCodeLibraryPakFileMountedCallback: PakFile 'C:/UnrealEngine-4.27.2-release/FeaturePacks/TP_TopDown.upack' (chunk index -1, root 'root:/') mounted
[2024.04.02-07.19.16:964][  0]LogShaderLibrary: Display: ShaderCodeLibraryPakFileMountedCallback: pending pak file info (ChunkID:-1 Root:root:/ File:C:/UnrealEngine-4.27.2-release/FeaturePacks/TP_TopDown.upack)
[2024.04.02-07.19.16:964][  0]LogPakFile: OnPakFileMounted2Time == 0.000364
[2024.04.02-07.19.16:969][  0]LogShaderLibrary: Display: ShaderCodeLibraryPakFileMountedCallback: PakFile 'C:/UnrealEngine-4.27.2-release/FeaturePacks/TP_TopDownBP.upack' (chunk index -1, root 'root:/') mounted
[2024.04.02-07.19.16:970][  0]LogShaderLibrary: Display: ShaderCodeLibraryPakFileMountedCallback: pending pak file info (ChunkID:-1 Root:root:/ File:C:/UnrealEngine-4.27.2-release/FeaturePacks/TP_TopDownBP.upack)
[2024.04.02-07.19.16:970][  0]LogPakFile: OnPakFileMounted2Time == 0.000202
[2024.04.02-07.19.16:975][  0]LogShaderLibrary: Display: ShaderCodeLibraryPakFileMountedCallback: PakFile 'C:/UnrealEngine-4.27.2-release/FeaturePacks/TP_TwinStick.upack' (chunk index -1, root 'root:/') mounted
[2024.04.02-07.19.16:975][  0]LogShaderLibrary: Display: ShaderCodeLibraryPakFileMountedCallback: pending pak file info (ChunkID:-1 Root:root:/ File:C:/UnrealEngine-4.27.2-release/FeaturePacks/TP_TwinStick.upack)
[2024.04.02-07.19.16:975][  0]LogPakFile: OnPakFileMounted2Time == 0.000319
[2024.04.02-07.19.16:980][  0]LogShaderLibrary: Display: ShaderCodeLibraryPakFileMountedCallback: PakFile 'C:/UnrealEngine-4.27.2-release/FeaturePacks/TP_TwinStickBP.upack' (chunk index -1, root 'root:/') mounted
[2024.04.02-07.19.16:980][  0]LogShaderLibrary: Display: ShaderCodeLibraryPakFileMountedCallback: pending pak file info (ChunkID:-1 Root:root:/ File:C:/UnrealEngine-4.27.2-release/FeaturePacks/TP_TwinStickBP.upack)
[2024.04.02-07.19.16:980][  0]LogPakFile: OnPakFileMounted2Time == 0.000204
[2024.04.02-07.19.16:985][  0]LogShaderLibrary: Display: ShaderCodeLibraryPakFileMountedCallback: PakFile 'C:/UnrealEngine-4.27.2-release/FeaturePacks/TP_Vehicle.upack' (chunk index -1, root 'root:/') mounted
[2024.04.02-07.19.16:986][  0]LogShaderLibrary: Display: ShaderCodeLibraryPakFileMountedCallback: pending pak file info (ChunkID:-1 Root:root:/ File:C:/UnrealEngine-4.27.2-release/FeaturePacks/TP_Vehicle.upack)
[2024.04.02-07.19.16:986][  0]LogPakFile: OnPakFileMounted2Time == 0.000284
[2024.04.02-07.19.16:991][  0]LogShaderLibrary: Display: ShaderCodeLibraryPakFileMountedCallback: PakFile 'C:/UnrealEngine-4.27.2-release/FeaturePacks/TP_VehicleAdv.upack' (chunk index -1, root 'root:/') mounted
[2024.04.02-07.19.16:992][  0]LogShaderLibrary: Display: ShaderCodeLibraryPakFileMountedCallback: pending pak file info (ChunkID:-1 Root:root:/ File:C:/UnrealEngine-4.27.2-release/FeaturePacks/TP_VehicleAdv.upack)
[2024.04.02-07.19.16:992][  0]LogPakFile: OnPakFileMounted2Time == 0.000246
[2024.04.02-07.19.16:998][  0]LogShaderLibrary: Display: ShaderCodeLibraryPakFileMountedCallback: PakFile 'C:/UnrealEngine-4.27.2-release/FeaturePacks/TP_VehicleAdvBP.upack' (chunk index -1, root 'root:/') mounted
[2024.04.02-07.19.16:998][  0]LogShaderLibrary: Display: ShaderCodeLibraryPakFileMountedCallback: pending pak file info (ChunkID:-1 Root:root:/ File:C:/UnrealEngine-4.27.2-release/FeaturePacks/TP_VehicleAdvBP.upack)
[2024.04.02-07.19.16:998][  0]LogPakFile: OnPakFileMounted2Time == 0.000253
[2024.04.02-07.19.17:003][  0]LogShaderLibrary: Display: ShaderCodeLibraryPakFileMountedCallback: PakFile 'C:/UnrealEngine-4.27.2-release/FeaturePacks/TP_VehicleBP.upack' (chunk index -1, root 'root:/') mounted
[2024.04.02-07.19.17:003][  0]LogShaderLibrary: Display: ShaderCodeLibraryPakFileMountedCallback: pending pak file info (ChunkID:-1 Root:root:/ File:C:/UnrealEngine-4.27.2-release/FeaturePacks/TP_VehicleBP.upack)
[2024.04.02-07.19.17:003][  0]LogPakFile: OnPakFileMounted2Time == 0.000411
[2024.04.02-07.19.17:011][  0]LogPakFile: PakFile PrimaryIndexSize=192
[2024.04.02-07.19.17:011][  0]LogPakFile: PakFile PathHashIndexSize=101
[2024.04.02-07.19.17:011][  0]LogPakFile: PakFile FullDirectoryIndexSize=158
[2024.04.02-07.19.17:011][  0]LogShaderLibrary: Display: ShaderCodeLibraryPakFileMountedCallback: PakFile 'C:/UnrealEngine-4.27.2-release/FeaturePacks/TP_VirtualRealityBP.upack' (chunk index -1, root 'root:/') mounted
[2024.04.02-07.19.17:011][  0]LogShaderLibrary: Display: ShaderCodeLibraryPakFileMountedCallback: pending pak file info (ChunkID:-1 Root:root:/ File:C:/UnrealEngine-4.27.2-release/FeaturePacks/TP_VirtualRealityBP.upack)
[2024.04.02-07.19.17:011][  0]LogPakFile: OnPakFileMounted2Time == 0.000184
[2024.04.02-07.19.17:336][  0]LogNativeClassHierarchy: Verbose: Native class hierarchy updated for 'AddContentDialog' in 0.0002 seconds. Added 0 classes and 0 folders.
[2024.04.02-07.19.17:341][  0]LogNativeClassHierarchy: Verbose: Native class hierarchy updated for 'SceneOutliner' in 0.0003 seconds. Added 2 classes and 0 folders.
[2024.04.02-07.19.17:594][  0]LogSlate: Took 0.015839 seconds to synchronously load lazily loaded font '../../../Engine/Content/Slate/Fonts/Roboto-Regular.ttf' (155K)
[2024.04.02-07.19.17:602][  0]LogSlate: Took 0.006055 seconds to synchronously load lazily loaded font '../../../Engine/Content/Editor/Slate/Fonts/FontAwesome.ttf' (139K)
[2024.04.02-07.19.17:610][  0]LogSlate: Took 0.005801 seconds to synchronously load lazily loaded font '../../../Engine/Content/Slate/Fonts/Roboto-Bold.ttf' (160K)
[2024.04.02-07.19.17:802][  0]LogRenderer: Reallocating scene render targets to support 1220x544 Format 10 NumSamples 1 (Frame:1).
[2024.04.02-07.19.18:042][  0]LogNativeClassHierarchy: Verbose: Native class hierarchy updated for 'HierarchicalLODOutliner' in 0.0004 seconds. Added 0 classes and 0 folders.
[2024.04.02-07.19.18:042][  0]LogLoad: (Engine Initialization) Total time: 36.33 seconds
[2024.04.02-07.19.18:042][  0]LogLoad: (Engine Initialization) Total Blueprint compile time: 0.00 seconds
[2024.04.02-07.19.18:143][  0]LogContentStreaming: Texture pool size now 1000 MB
[2024.04.02-07.19.18:223][  1]LogAssetRegistry: Asset discovery search completed in 21.6201 seconds
[2024.04.02-07.19.18:253][  1]LogCollectionManager: Fixed up redirectors for 0 collections in 0.000130 seconds (updated 0 objects)
[2024.04.02-07.19.18:298][  2]LogSlate: Took 0.006011 seconds to synchronously load lazily loaded font '../../../Engine/Content/Slate/Fonts/Roboto-Light.ttf' (167K)
[2024.04.02-07.20.05:863][435]LogSlate: Took 0.000557 seconds to synchronously load lazily loaded font '../../../Engine/Content/Slate/Fonts/Roboto-Light.ttf' (167K)
[2024.04.02-07.20.05:878][435]LogAssetEditorSubsystem: Opening Asset editor for WidgetBlueprint /Game/GameSystem/Widgets/CreationScreen/CreationScreenWidget.CreationScreenWidget
[2024.04.02-07.20.06:644][435]LogNativeClassHierarchy: Verbose: Native class hierarchy updated for 'BlueprintGraph' in 0.0005 seconds. Added 126 classes and 0 folders.
[2024.04.02-07.20.07:977][435]LogSlate: Took 0.006001 seconds to synchronously load lazily loaded font '../../../Engine/Content/Slate/Fonts/Roboto-BoldCondensed.ttf' (158K)
[2024.04.02-07.20.16:970][828]LogUObjectHash: Compacting FUObjectHashTables data took   4.55ms
[2024.04.02-07.20.17:052][828]LogAssetEditorSubsystem: Opening Asset editor for World /Game/GameSystem/Maps/CharacterCreation.CharacterCreation
[2024.04.02-07.20.17:053][828]Cmd: MAP LOAD FILE="../../../../Users/Sagi/Documents/GitHub/TwoDSSG/Content/GameSystem/Maps/CharacterCreation.umap" TEMPLATE=0 SHOWPROGRESS=1 FEATURELEVEL=3
[2024.04.02-07.20.17:053][828]LightingResults: New page: Lighting Build
[2024.04.02-07.20.17:054][828]LoadErrors: New page: Loading map: CharacterCreation.umap
[2024.04.02-07.20.17:061][828]LogWorld: UWorld::CleanupWorld for LoginScreen, bSessionEnded=true, bCleanupResources=true
[2024.04.02-07.20.17:066][828]LogSlate: InvalidateAllWidgets triggered.  All widgets were invalidated
[2024.04.02-07.20.17:067][828]MapCheck: New page: Map Check
[2024.04.02-07.20.17:067][828]LightingResults: New page: Lighting Build
[2024.04.02-07.20.17:094][828]LogAudio: Display: Audio Device unregistered from world 'None'.
[2024.04.02-07.20.17:115][828]LogUObjectHash: Compacting FUObjectHashTables data took   3.03ms
[2024.04.02-07.20.17:116][828]LogAudio: Display: Audio Device (ID: 1) registered with world 'CharacterCreation'.
[2024.04.02-07.20.17:221][828]LogEditorServer: Finished looking for orphan Actors (0.000 secs)
[2024.04.02-07.20.17:221][828]LogAIModule: Creating AISystem for world CharacterCreation
[2024.04.02-07.20.17:260][828]LogUObjectHash: Compacting FUObjectHashTables data took   1.90ms
[2024.04.02-07.20.17:276][828]Cmd: MAP CHECKDEP NOCLEARLOG
[2024.04.02-07.20.17:277][828]MapCheck: Map check complete: 0 Error(s), 0 Warning(s), took 0.261ms to complete.
[2024.04.02-07.20.17:277][828]LogFileHelpers: Loading map 'CharacterCreation' took 0.225
[2024.04.02-07.20.19:522][952]LogTemp: Repeating last play command: New Editor Window (PIE)
[2024.04.02-07.20.19:536][952]LogPlayLevel: PlayLevel: No blueprints needed recompiling
[2024.04.02-07.20.19:538][952]PIE: New page: PIE session: CharacterCreation (Apr 2, 2024, 1:20:19 PM)
[2024.04.02-07.20.19:549][952]LogOnline: OSS: Creating online subsystem instance for: NULL
[2024.04.02-07.20.19:555][952]LogOnline: OSS: TryLoadSubsystemAndSetDefault: Loaded subsystem for module [NULL]
[2024.04.02-07.20.19:557][952]LogPlayLevel: Creating play world package: /Game/GameSystem/Maps/UEDPIE_0_CharacterCreation
[2024.04.02-07.20.19:559][952]LogPlayLevel: PIE: StaticDuplicateObject took: (0.002729s)
[2024.04.02-07.20.19:560][952]LogAIModule: Creating AISystem for world CharacterCreation
[2024.04.02-07.20.19:562][952]LogPlayLevel: PIE: World Init took: (0.002601s)
[2024.04.02-07.20.19:562][952]LogPlayLevel: PIE: Created PIE world by copying editor world from /Game/GameSystem/Maps/CharacterCreation.CharacterCreation to /Game/GameSystem/Maps/UEDPIE_0_CharacterCreation.CharacterCreation (0.005661s)
[2024.04.02-07.20.19:587][952]LogUObjectHash: Compacting FUObjectHashTables data took   1.87ms
[2024.04.02-07.20.19:592][952]LogAudio: Display: Creating Audio Device:                 Id: 2, Scope: Unique, Realtime: True
[2024.04.02-07.20.19:593][952]LogAudioMixer: Display: Audio Mixer Platform Settings:
[2024.04.02-07.20.19:594][952]LogAudioMixer: Display: 	Sample Rate:						  48000
[2024.04.02-07.20.19:594][952]LogAudioMixer: Display: 	Callback Buffer Frame Size Requested: 1024
[2024.04.02-07.20.19:595][952]LogAudioMixer: Display: 	Callback Buffer Frame Size To Use:	  1024
[2024.04.02-07.20.19:595][952]LogAudioMixer: Display: 	Number of buffers to queue:			  2
[2024.04.02-07.20.19:595][952]LogAudioMixer: Display: 	Max Channels (voices):				  32
[2024.04.02-07.20.19:596][952]LogAudioMixer: Display: 	Number of Async Source Workers:		  0
[2024.04.02-07.20.19:596][952]LogAudio: Display: AudioDevice MaxSources: 32
[2024.04.02-07.20.19:599][952]LogAudio: Display: Audio Spatialization Plugin: None (built-in).
[2024.04.02-07.20.19:599][952]LogAudio: Display: Audio Reverb Plugin: None (built-in).
[2024.04.02-07.20.19:599][952]LogAudio: Display: Audio Occlusion Plugin: None (built-in).
[2024.04.02-07.20.19:600][952]LogAudioMixer: Display: Initializing audio mixer.
[2024.04.02-07.20.19:610][952]LogAudioMixer: Display: 0: FrontLeft
[2024.04.02-07.20.19:610][952]LogAudioMixer: Display: 1: FrontRight
[2024.04.02-07.20.19:664][952]LogAudioMixer: Display: Using Audio Device Speakers (Realtek(R) Audio)
[2024.04.02-07.20.19:666][952]LogAudioMixer: Display: Initializing Sound Submixes...
[2024.04.02-07.20.19:666][952]LogAudioMixer: Display: Creating Master Submix 'MasterSubmixDefault'
[2024.04.02-07.20.19:666][952]LogAudioMixer: Display: Creating Master Submix 'MasterReverbSubmixDefault'
[2024.04.02-07.20.19:667][952]LogAudioMixer: Display: Creating Master Submix 'MasterEQSubmixDefault'
[2024.04.02-07.20.19:668][952]LogAudioMixer: FMixerPlatformXAudio2::StartAudioStream() called
[2024.04.02-07.20.19:668][952]LogAudioMixer: Display: Output buffers initialized: Frames=1024, Channels=2, Samples=2048
[2024.04.02-07.20.19:673][952]LogAudioMixer: Display: Starting AudioMixerPlatformInterface::RunInternal()
[2024.04.02-07.20.19:673][952]LogAudioMixer: Display: FMixerPlatformXAudio2::SubmitBuffer() called for the first time
[2024.04.02-07.20.19:674][952]LogInit: FAudioDevice initialized.
[2024.04.02-07.20.19:674][952]LogAudio: Display: Audio Device (ID: 2) registered with world 'CharacterCreation'.
[2024.04.02-07.20.19:677][952]LogInit: Loading Cursor '../../../../Users/Sagi/Documents/GitHub/TwoDSSG/Content/Slate/MouseDefault.png'.
[2024.04.02-07.20.19:680][952]LogInit: Loading Cursor '../../../../Users/Sagi/Documents/GitHub/TwoDSSG/Content/Slate/ClickedMouse3.png'.
[2024.04.02-07.20.19:682][952]LogInit: Loading Cursor '../../../../Users/Sagi/Documents/GitHub/TwoDSSG/Content/Slate/ClickedMouse1.png'.
[2024.04.02-07.20.19:683][952]LogInit: Loading Cursor '../../../../Users/Sagi/Documents/GitHub/TwoDSSG/Content/Slate/ClickedMouse2.png'.
[2024.04.02-07.20.19:744][952]LogSlate: Updating window title bar state: overlay mode, drag disabled, window buttons hidden, title bar hidden
[2024.04.02-07.20.19:749][952]LogLoad: Game class is 'BP_Login_GM_C'
[2024.04.02-07.20.19:759][952]LogWorld: Bringing World /Game/GameSystem/Maps/UEDPIE_0_CharacterCreation.CharacterCreation up for play (max tick rate 60) at 2024.04.02-10.20.19
[2024.04.02-07.20.19:762][952]LogWorld: Bringing up level for play took: 0.004192
[2024.04.02-07.20.19:763][952]LogOnline: OSS: Creating online subsystem instance for: :Context_3
[2024.04.02-07.20.19:790][952]LogNativeClassHierarchy: Verbose: Native class hierarchy updated for 'MovieSceneCapture' in 0.0003 seconds. Added 20 classes and 0 folders.
[2024.04.02-07.20.19:803][952]LogBlueprintUserMessages: [selectionScreenCharacter_bp_C_0] valid in bp
[2024.04.02-07.20.19:820][952]PIE: Server logged in
[2024.04.02-07.20.19:822][952]PIE: Play in editor total start time 0.291 seconds.
[2024.04.02-07.20.19:892][953]LogRenderer: Reallocating scene render targets to support 1768x1000 Format 10 NumSamples 1 (Frame:1).
[2024.04.02-07.20.20:155][953]LogBlueprintUserMessages: [CreationScreenWidget_C_0] 1.0
[2024.04.02-07.20.20:156][953]LogBlueprintUserMessages: [CreationScreenWidget_C_0] 1.0
[2024.04.02-07.20.20:156][953]LogBlueprintUserMessages: [CreationScreenWidget_C_0] 1.0
[2024.04.02-07.20.20:156][953]LogBlueprintUserMessages: [CreationScreenWidget_C_0] 1.0
[2024.04.02-07.20.20:157][953]LogBlueprintUserMessages: [CreationScreenWidget_C_0] 2.0
[2024.04.02-07.20.20:157][953]LogBlueprintUserMessages: [CreationScreenWidget_C_0] 2.0
[2024.04.02-07.20.20:157][953]LogBlueprintUserMessages: [CreationScreenWidget_C_0] 2.0
[2024.04.02-07.20.20:157][953]LogBlueprintUserMessages: [CreationScreenWidget_C_0] 2.0
[2024.04.02-07.20.20:157][953]LogBlueprintUserMessages: [CreationScreenWidget_C_0] 3.0
[2024.04.02-07.20.20:158][953]LogBlueprintUserMessages: [CreationScreenWidget_C_0] 3.0
[2024.04.02-07.20.20:158][953]LogBlueprintUserMessages: [CreationScreenWidget_C_0] 3.0
[2024.04.02-07.20.20:158][953]LogBlueprintUserMessages: [CreationScreenWidget_C_0] 3.0
[2024.04.02-07.20.20:158][953]LogBlueprintUserMessages: [CreationScreenWidget_C_0] 4.0
[2024.04.02-07.20.20:158][953]LogBlueprintUserMessages: [CreationScreenWidget_C_0] 4.0
[2024.04.02-07.20.20:158][953]LogBlueprintUserMessages: [CreationScreenWidget_C_0] 4.0
[2024.04.02-07.20.20:158][953]LogBlueprintUserMessages: [CreationScreenWidget_C_0] 4.0
[2024.04.02-07.20.20:159][953]LogBlueprintUserMessages: [CreationScreenWidget_C_0] 5.0
[2024.04.02-07.20.20:159][953]LogBlueprintUserMessages: [CreationScreenWidget_C_0] 5.0
[2024.04.02-07.20.20:159][953]LogBlueprintUserMessages: [CreationScreenWidget_C_0] 5.0
[2024.04.02-07.20.20:159][953]LogBlueprintUserMessages: [CreationScreenWidget_C_0] 5.0
[2024.04.02-07.20.20:159][953]LogBlueprintUserMessages: [CreationScreenWidget_C_0] 6.0
[2024.04.02-07.20.20:159][953]LogBlueprintUserMessages: [CreationScreenWidget_C_0] 6.0
[2024.04.02-07.20.20:160][953]LogBlueprintUserMessages: [CreationScreenWidget_C_0] 6.0
[2024.04.02-07.20.20:160][953]LogBlueprintUserMessages: [CreationScreenWidget_C_0] 6.0
[2024.04.02-07.20.20:160][953]LogBlueprintUserMessages: [CreationScreenWidget_C_0] 7.0
[2024.04.02-07.20.20:160][953]LogBlueprintUserMessages: [CreationScreenWidget_C_0] 7.0
[2024.04.02-07.20.20:160][953]LogBlueprintUserMessages: [CreationScreenWidget_C_0] 7.0
[2024.04.02-07.20.20:161][953]LogBlueprintUserMessages: [CreationScreenWidget_C_0] 7.0
[2024.04.02-07.20.20:177][954]LogBlueprintUserMessages: [CreationScreenWidget_C_0] 8.0
[2024.04.02-07.20.20:181][954]LogBlueprintUserMessages: [CreationScreenWidget_C_0] 8.0
[2024.04.02-07.20.20:186][954]LogBlueprintUserMessages: [CreationScreenWidget_C_0] 8.0
[2024.04.02-07.20.20:192][954]LogBlueprintUserMessages: [CreationScreenWidget_C_0] 8.0
[2024.04.02-07.20.20:192][954]LogBlueprintUserMessages: [CreationScreenWidget_C_0] 9.0
[2024.04.02-07.20.20:192][954]LogBlueprintUserMessages: [CreationScreenWidget_C_0] 9.0
[2024.04.02-07.20.20:192][954]LogBlueprintUserMessages: [CreationScreenWidget_C_0] 9.0
[2024.04.02-07.20.20:193][954]LogBlueprintUserMessages: [CreationScreenWidget_C_0] 9.0
[2024.04.02-07.20.20:193][954]LogBlueprintUserMessages: [CreationScreenWidget_C_0] 10.0
[2024.04.02-07.20.20:193][954]LogBlueprintUserMessages: [CreationScreenWidget_C_0] 10.0
[2024.04.02-07.20.20:193][954]LogBlueprintUserMessages: [CreationScreenWidget_C_0] 10.0
[2024.04.02-07.20.20:193][954]LogBlueprintUserMessages: [CreationScreenWidget_C_0] 10.0
[2024.04.02-07.20.20:193][954]LogBlueprintUserMessages: [CreationScreenWidget_C_0] 11.0
[2024.04.02-07.20.20:194][954]LogBlueprintUserMessages: [CreationScreenWidget_C_0] 11.0
[2024.04.02-07.20.20:194][954]LogBlueprintUserMessages: [CreationScreenWidget_C_0] 11.0
[2024.04.02-07.20.20:194][954]LogBlueprintUserMessages: [CreationScreenWidget_C_0] 11.0
[2024.04.02-07.20.20:194][954]LogBlueprintUserMessages: [CreationScreenWidget_C_0] 12.0
[2024.04.02-07.20.20:194][954]LogBlueprintUserMessages: [CreationScreenWidget_C_0] 12.0
[2024.04.02-07.20.20:194][954]LogBlueprintUserMessages: [CreationScreenWidget_C_0] 12.0
[2024.04.02-07.20.20:194][954]LogBlueprintUserMessages: [CreationScreenWidget_C_0] 12.0
[2024.04.02-07.20.20:194][954]LogBlueprintUserMessages: [CreationScreenWidget_C_0] 13.0
[2024.04.02-07.20.20:196][954]LogBlueprintUserMessages: [CreationScreenWidget_C_0] 13.0
[2024.04.02-07.20.20:196][954]LogBlueprintUserMessages: [CreationScreenWidget_C_0] 13.0
[2024.04.02-07.20.20:196][954]LogBlueprintUserMessages: [CreationScreenWidget_C_0] 13.0
[2024.04.02-07.20.20:257][955]LogBlueprintUserMessages: [CreationScreenWidget_C_0] 14.0
[2024.04.02-07.20.20:257][955]LogBlueprintUserMessages: [CreationScreenWidget_C_0] 14.0
[2024.04.02-07.20.20:257][955]LogBlueprintUserMessages: [CreationScreenWidget_C_0] 14.0
[2024.04.02-07.20.20:258][955]LogBlueprintUserMessages: [CreationScreenWidget_C_0] 14.0
[2024.04.02-07.20.20:289][957]LogBlueprintUserMessages: [CreationScreenWidget_C_0] 15.0
[2024.04.02-07.20.20:289][957]LogBlueprintUserMessages: [CreationScreenWidget_C_0] 15.0
[2024.04.02-07.20.20:290][957]LogBlueprintUserMessages: [CreationScreenWidget_C_0] 15.0
[2024.04.02-07.20.20:290][957]LogBlueprintUserMessages: [CreationScreenWidget_C_0] 15.0
[2024.04.02-07.20.20:339][960]LogBlueprintUserMessages: [CreationScreenWidget_C_0] 16.0
[2024.04.02-07.20.20:339][960]LogBlueprintUserMessages: [CreationScreenWidget_C_0] 16.0
[2024.04.02-07.20.20:340][960]LogBlueprintUserMessages: [CreationScreenWidget_C_0] 16.0
[2024.04.02-07.20.20:340][960]LogBlueprintUserMessages: [CreationScreenWidget_C_0] 16.0
[2024.04.02-07.20.20:411][963]LogBlueprintUserMessages: [CreationScreenWidget_C_0] 17.0
[2024.04.02-07.20.20:411][963]LogBlueprintUserMessages: [CreationScreenWidget_C_0] 17.0
[2024.04.02-07.20.20:413][963]LogBlueprintUserMessages: [CreationScreenWidget_C_0] 17.0
[2024.04.02-07.20.20:413][963]LogBlueprintUserMessages: [CreationScreenWidget_C_0] 17.0
[2024.04.02-07.20.20:444][964]LogBlueprintUserMessages: [CreationScreenWidget_C_0] 18.0
[2024.04.02-07.20.20:444][964]LogBlueprintUserMessages: [CreationScreenWidget_C_0] 18.0
[2024.04.02-07.20.20:444][964]LogBlueprintUserMessages: [CreationScreenWidget_C_0] 18.0
[2024.04.02-07.20.20:444][964]LogBlueprintUserMessages: [CreationScreenWidget_C_0] 18.0
[2024.04.02-07.20.20:481][965]LogBlueprintUserMessages: [CreationScreenWidget_C_0] 19.0
[2024.04.02-07.20.20:483][965]LogBlueprintUserMessages: [CreationScreenWidget_C_0] 19.0
[2024.04.02-07.20.20:483][965]LogBlueprintUserMessages: [CreationScreenWidget_C_0] 19.0
[2024.04.02-07.20.20:483][965]LogBlueprintUserMessages: [CreationScreenWidget_C_0] 19.0
[2024.04.02-07.20.20:534][968]LogBlueprintUserMessages: [CreationScreenWidget_C_0] 20.0
[2024.04.02-07.20.20:534][968]LogBlueprintUserMessages: [CreationScreenWidget_C_0] 20.0
[2024.04.02-07.20.20:534][968]LogBlueprintUserMessages: [CreationScreenWidget_C_0] 20.0
[2024.04.02-07.20.20:534][968]LogBlueprintUserMessages: [CreationScreenWidget_C_0] 20.0
[2024.04.02-07.20.20:583][971]LogBlueprintUserMessages: [CreationScreenWidget_C_0] 21.0
[2024.04.02-07.20.20:584][971]LogBlueprintUserMessages: [CreationScreenWidget_C_0] 21.0
[2024.04.02-07.20.20:584][971]LogBlueprintUserMessages: [CreationScreenWidget_C_0] 21.0
[2024.04.02-07.20.20:584][971]LogBlueprintUserMessages: [CreationScreenWidget_C_0] 21.0
[2024.04.02-07.20.20:633][974]LogBlueprintUserMessages: [CreationScreenWidget_C_0] 22.0
[2024.04.02-07.20.20:633][974]LogBlueprintUserMessages: [CreationScreenWidget_C_0] 22.0
[2024.04.02-07.20.20:633][974]LogBlueprintUserMessages: [CreationScreenWidget_C_0] 22.0
[2024.04.02-07.20.20:633][974]LogBlueprintUserMessages: [CreationScreenWidget_C_0] 22.0
[2024.04.02-07.20.20:685][977]LogBlueprintUserMessages: [CreationScreenWidget_C_0] 23.0
[2024.04.02-07.20.20:685][977]LogBlueprintUserMessages: [CreationScreenWidget_C_0] 23.0
[2024.04.02-07.20.20:685][977]LogBlueprintUserMessages: [CreationScreenWidget_C_0] 23.0
[2024.04.02-07.20.20:685][977]LogBlueprintUserMessages: [CreationScreenWidget_C_0] 23.0
[2024.04.02-07.20.20:734][980]LogBlueprintUserMessages: [CreationScreenWidget_C_0] 24.0
[2024.04.02-07.20.20:734][980]LogBlueprintUserMessages: [CreationScreenWidget_C_0] 24.0
[2024.04.02-07.20.20:735][980]LogBlueprintUserMessages: [CreationScreenWidget_C_0] 24.0
[2024.04.02-07.20.20:735][980]LogBlueprintUserMessages: [CreationScreenWidget_C_0] 24.0
[2024.04.02-07.20.20:787][983]LogBlueprintUserMessages: [CreationScreenWidget_C_0] 25.0
[2024.04.02-07.20.20:787][983]LogBlueprintUserMessages: [CreationScreenWidget_C_0] 25.0
[2024.04.02-07.20.20:787][983]LogBlueprintUserMessages: [CreationScreenWidget_C_0] 25.0
[2024.04.02-07.20.20:788][983]LogBlueprintUserMessages: [CreationScreenWidget_C_0] 25.0
[2024.04.02-07.20.20:837][986]LogBlueprintUserMessages: [CreationScreenWidget_C_0] 26.0
[2024.04.02-07.20.20:838][986]LogBlueprintUserMessages: [CreationScreenWidget_C_0] 26.0
[2024.04.02-07.20.20:838][986]LogBlueprintUserMessages: [CreationScreenWidget_C_0] 26.0
[2024.04.02-07.20.20:838][986]LogBlueprintUserMessages: [CreationScreenWidget_C_0] 26.0
[2024.04.02-07.20.20:887][989]LogBlueprintUserMessages: [CreationScreenWidget_C_0] 27.0
[2024.04.02-07.20.20:888][989]LogBlueprintUserMessages: [CreationScreenWidget_C_0] 27.0
[2024.04.02-07.20.20:888][989]LogBlueprintUserMessages: [CreationScreenWidget_C_0] 27.0
[2024.04.02-07.20.20:888][989]LogBlueprintUserMessages: [CreationScreenWidget_C_0] 27.0
[2024.04.02-07.20.20:938][992]LogBlueprintUserMessages: [CreationScreenWidget_C_0] 28.0
[2024.04.02-07.20.20:938][992]LogBlueprintUserMessages: [CreationScreenWidget_C_0] 28.0
[2024.04.02-07.20.20:938][992]LogBlueprintUserMessages: [CreationScreenWidget_C_0] 28.0
[2024.04.02-07.20.20:938][992]LogBlueprintUserMessages: [CreationScreenWidget_C_0] 28.0
[2024.04.02-07.20.20:987][995]LogBlueprintUserMessages: [CreationScreenWidget_C_0] 29.0
[2024.04.02-07.20.20:987][995]LogBlueprintUserMessages: [CreationScreenWidget_C_0] 29.0
[2024.04.02-07.20.20:987][995]LogBlueprintUserMessages: [CreationScreenWidget_C_0] 29.0
[2024.04.02-07.20.20:987][995]LogBlueprintUserMessages: [CreationScreenWidget_C_0] 29.0
[2024.04.02-07.20.21:037][998]LogBlueprintUserMessages: [CreationScreenWidget_C_0] 30.0
[2024.04.02-07.20.21:037][998]LogBlueprintUserMessages: [CreationScreenWidget_C_0] 30.0
[2024.04.02-07.20.21:038][998]LogBlueprintUserMessages: [CreationScreenWidget_C_0] 30.0
[2024.04.02-07.20.21:038][998]LogBlueprintUserMessages: [CreationScreenWidget_C_0] 30.0
[2024.04.02-07.20.21:087][  1]LogBlueprintUserMessages: [CreationScreenWidget_C_0] 31.0
[2024.04.02-07.20.21:088][  1]LogBlueprintUserMessages: [CreationScreenWidget_C_0] 31.0
[2024.04.02-07.20.21:088][  1]LogBlueprintUserMessages: [CreationScreenWidget_C_0] 31.0
[2024.04.02-07.20.21:088][  1]LogBlueprintUserMessages: [CreationScreenWidget_C_0] 31.0
[2024.04.02-07.20.21:137][  4]LogBlueprintUserMessages: [CreationScreenWidget_C_0] 32.0
[2024.04.02-07.20.21:137][  4]LogBlueprintUserMessages: [CreationScreenWidget_C_0] 32.0
[2024.04.02-07.20.21:137][  4]LogBlueprintUserMessages: [CreationScreenWidget_C_0] 32.0
[2024.04.02-07.20.21:137][  4]LogBlueprintUserMessages: [CreationScreenWidget_C_0] 32.0
[2024.04.02-07.20.21:187][  7]LogBlueprintUserMessages: [CreationScreenWidget_C_0] 33.0
[2024.04.02-07.20.21:187][  7]LogBlueprintUserMessages: [CreationScreenWidget_C_0] 33.0
[2024.04.02-07.20.21:188][  7]LogBlueprintUserMessages: [CreationScreenWidget_C_0] 33.0
[2024.04.02-07.20.21:188][  7]LogBlueprintUserMessages: [CreationScreenWidget_C_0] 33.0
[2024.04.02-07.20.21:237][ 10]LogBlueprintUserMessages: [CreationScreenWidget_C_0] 34.0
[2024.04.02-07.20.21:238][ 10]LogBlueprintUserMessages: [CreationScreenWidget_C_0] 34.0
[2024.04.02-07.20.21:238][ 10]LogBlueprintUserMessages: [CreationScreenWidget_C_0] 34.0
[2024.04.02-07.20.21:238][ 10]LogBlueprintUserMessages: [CreationScreenWidget_C_0] 34.0
[2024.04.02-07.20.21:287][ 13]LogBlueprintUserMessages: [CreationScreenWidget_C_0] 35.0
[2024.04.02-07.20.21:287][ 13]LogBlueprintUserMessages: [CreationScreenWidget_C_0] 35.0
[2024.04.02-07.20.21:288][ 13]LogBlueprintUserMessages: [CreationScreenWidget_C_0] 35.0
[2024.04.02-07.20.21:288][ 13]LogBlueprintUserMessages: [CreationScreenWidget_C_0] 35.0
[2024.04.02-07.20.21:337][ 16]LogBlueprintUserMessages: [CreationScreenWidget_C_0] 36.0
[2024.04.02-07.20.21:337][ 16]LogBlueprintUserMessages: [CreationScreenWidget_C_0] 36.0
[2024.04.02-07.20.21:337][ 16]LogBlueprintUserMessages: [CreationScreenWidget_C_0] 36.0
[2024.04.02-07.20.21:337][ 16]LogBlueprintUserMessages: [CreationScreenWidget_C_0] 36.0
[2024.04.02-07.20.21:387][ 19]LogBlueprintUserMessages: [CreationScreenWidget_C_0] 37.0
[2024.04.02-07.20.21:387][ 19]LogBlueprintUserMessages: [CreationScreenWidget_C_0] 37.0
[2024.04.02-07.20.21:387][ 19]LogBlueprintUserMessages: [CreationScreenWidget_C_0] 37.0
[2024.04.02-07.20.21:387][ 19]LogBlueprintUserMessages: [CreationScreenWidget_C_0] 37.0
[2024.04.02-07.20.21:437][ 22]LogBlueprintUserMessages: [CreationScreenWidget_C_0] 38.0
[2024.04.02-07.20.21:437][ 22]LogBlueprintUserMessages: [CreationScreenWidget_C_0] 38.0
[2024.04.02-07.20.21:437][ 22]LogBlueprintUserMessages: [CreationScreenWidget_C_0] 38.0
[2024.04.02-07.20.21:437][ 22]LogBlueprintUserMessages: [CreationScreenWidget_C_0] 38.0
[2024.04.02-07.20.21:487][ 25]LogBlueprintUserMessages: [CreationScreenWidget_C_0] 39.0
[2024.04.02-07.20.21:487][ 25]LogBlueprintUserMessages: [CreationScreenWidget_C_0] 39.0
[2024.04.02-07.20.21:487][ 25]LogBlueprintUserMessages: [CreationScreenWidget_C_0] 39.0
[2024.04.02-07.20.21:487][ 25]LogBlueprintUserMessages: [CreationScreenWidget_C_0] 39.0
[2024.04.02-07.20.21:537][ 28]LogBlueprintUserMessages: [CreationScreenWidget_C_0] 40.0
[2024.04.02-07.20.21:537][ 28]LogBlueprintUserMessages: [CreationScreenWidget_C_0] 40.0
[2024.04.02-07.20.21:537][ 28]LogBlueprintUserMessages: [CreationScreenWidget_C_0] 40.0
[2024.04.02-07.20.21:537][ 28]LogBlueprintUserMessages: [CreationScreenWidget_C_0] 40.0
[2024.04.02-07.20.21:587][ 31]LogBlueprintUserMessages: [CreationScreenWidget_C_0] 41.0
[2024.04.02-07.20.21:587][ 31]LogBlueprintUserMessages: [CreationScreenWidget_C_0] 41.0
[2024.04.02-07.20.21:588][ 31]LogBlueprintUserMessages: [CreationScreenWidget_C_0] 41.0
[2024.04.02-07.20.21:588][ 31]LogBlueprintUserMessages: [CreationScreenWidget_C_0] 41.0
[2024.04.02-07.20.21:638][ 34]LogBlueprintUserMessages: [CreationScreenWidget_C_0] 42.0
[2024.04.02-07.20.21:638][ 34]LogBlueprintUserMessages: [CreationScreenWidget_C_0] 42.0
[2024.04.02-07.20.21:638][ 34]LogBlueprintUserMessages: [CreationScreenWidget_C_0] 42.0
[2024.04.02-07.20.21:638][ 34]LogBlueprintUserMessages: [CreationScreenWidget_C_0] 42.0
[2024.04.02-07.20.21:688][ 37]LogBlueprintUserMessages: [CreationScreenWidget_C_0] 43.0
[2024.04.02-07.20.21:688][ 37]LogBlueprintUserMessages: [CreationScreenWidget_C_0] 43.0
[2024.04.02-07.20.21:688][ 37]LogBlueprintUserMessages: [CreationScreenWidget_C_0] 43.0
[2024.04.02-07.20.21:688][ 37]LogBlueprintUserMessages: [CreationScreenWidget_C_0] 43.0
[2024.04.02-07.20.21:737][ 40]LogBlueprintUserMessages: [CreationScreenWidget_C_0] 44.0
[2024.04.02-07.20.21:737][ 40]LogBlueprintUserMessages: [CreationScreenWidget_C_0] 44.0
[2024.04.02-07.20.21:737][ 40]LogBlueprintUserMessages: [CreationScreenWidget_C_0] 44.0
[2024.04.02-07.20.21:737][ 40]LogBlueprintUserMessages: [CreationScreenWidget_C_0] 44.0
[2024.04.02-07.20.21:788][ 43]LogBlueprintUserMessages: [CreationScreenWidget_C_0] 45.0
[2024.04.02-07.20.21:788][ 43]LogBlueprintUserMessages: [CreationScreenWidget_C_0] 45.0
[2024.04.02-07.20.21:788][ 43]LogBlueprintUserMessages: [CreationScreenWidget_C_0] 45.0
[2024.04.02-07.20.21:788][ 43]LogBlueprintUserMessages: [CreationScreenWidget_C_0] 45.0
[2024.04.02-07.20.21:837][ 46]LogBlueprintUserMessages: [CreationScreenWidget_C_0] 46.0
[2024.04.02-07.20.21:837][ 46]LogBlueprintUserMessages: [CreationScreenWidget_C_0] 46.0
[2024.04.02-07.20.21:837][ 46]LogBlueprintUserMessages: [CreationScreenWidget_C_0] 46.0
[2024.04.02-07.20.21:838][ 46]LogBlueprintUserMessages: [CreationScreenWidget_C_0] 46.0
[2024.04.02-07.20.21:888][ 49]LogBlueprintUserMessages: [CreationScreenWidget_C_0] 47.0
[2024.04.02-07.20.21:888][ 49]LogBlueprintUserMessages: [CreationScreenWidget_C_0] 47.0
[2024.04.02-07.20.21:889][ 49]LogBlueprintUserMessages: [CreationScreenWidget_C_0] 47.0
[2024.04.02-07.20.21:889][ 49]LogBlueprintUserMessages: [CreationScreenWidget_C_0] 47.0
[2024.04.02-07.20.21:937][ 52]LogBlueprintUserMessages: [CreationScreenWidget_C_0] 48.0
[2024.04.02-07.20.21:937][ 52]LogBlueprintUserMessages: [CreationScreenWidget_C_0] 48.0
[2024.04.02-07.20.21:937][ 52]LogBlueprintUserMessages: [CreationScreenWidget_C_0] 48.0
[2024.04.02-07.20.21:937][ 52]LogBlueprintUserMessages: [CreationScreenWidget_C_0] 48.0
[2024.04.02-07.20.21:987][ 55]LogBlueprintUserMessages: [CreationScreenWidget_C_0] 49.0
[2024.04.02-07.20.21:987][ 55]LogBlueprintUserMessages: [CreationScreenWidget_C_0] 49.0
[2024.04.02-07.20.21:988][ 55]LogBlueprintUserMessages: [CreationScreenWidget_C_0] 49.0
[2024.04.02-07.20.21:988][ 55]LogBlueprintUserMessages: [CreationScreenWidget_C_0] 49.0
[2024.04.02-07.20.22:037][ 58]LogBlueprintUserMessages: [CreationScreenWidget_C_0] 50.0
[2024.04.02-07.20.22:037][ 58]LogBlueprintUserMessages: [CreationScreenWidget_C_0] 50.0
[2024.04.02-07.20.22:037][ 58]LogBlueprintUserMessages: [CreationScreenWidget_C_0] 50.0
[2024.04.02-07.20.22:037][ 58]LogBlueprintUserMessages: [CreationScreenWidget_C_0] 50.0
[2024.04.02-07.20.22:087][ 61]LogBlueprintUserMessages: [CreationScreenWidget_C_0] 51.0
[2024.04.02-07.20.22:087][ 61]LogBlueprintUserMessages: [CreationScreenWidget_C_0] 51.0
[2024.04.02-07.20.22:087][ 61]LogBlueprintUserMessages: [CreationScreenWidget_C_0] 51.0
[2024.04.02-07.20.22:087][ 61]LogBlueprintUserMessages: [CreationScreenWidget_C_0] 51.0
[2024.04.02-07.20.22:138][ 64]LogBlueprintUserMessages: [CreationScreenWidget_C_0] 52.0
[2024.04.02-07.20.22:138][ 64]LogBlueprintUserMessages: [CreationScreenWidget_C_0] 52.0
[2024.04.02-07.20.22:138][ 64]LogBlueprintUserMessages: [CreationScreenWidget_C_0] 52.0
[2024.04.02-07.20.22:138][ 64]LogBlueprintUserMessages: [CreationScreenWidget_C_0] 52.0
[2024.04.02-07.20.22:187][ 67]LogBlueprintUserMessages: [CreationScreenWidget_C_0] 53.0
[2024.04.02-07.20.22:187][ 67]LogBlueprintUserMessages: [CreationScreenWidget_C_0] 53.0
[2024.04.02-07.20.22:188][ 67]LogBlueprintUserMessages: [CreationScreenWidget_C_0] 53.0
[2024.04.02-07.20.22:188][ 67]LogBlueprintUserMessages: [CreationScreenWidget_C_0] 53.0
[2024.04.02-07.20.22:237][ 70]LogBlueprintUserMessages: [CreationScreenWidget_C_0] 54.0
[2024.04.02-07.20.22:237][ 70]LogBlueprintUserMessages: [CreationScreenWidget_C_0] 54.0
[2024.04.02-07.20.22:237][ 70]LogBlueprintUserMessages: [CreationScreenWidget_C_0] 54.0
[2024.04.02-07.20.22:237][ 70]LogBlueprintUserMessages: [CreationScreenWidget_C_0] 54.0
[2024.04.02-07.20.22:287][ 73]LogBlueprintUserMessages: [CreationScreenWidget_C_0] 55.0
[2024.04.02-07.20.22:287][ 73]LogBlueprintUserMessages: [CreationScreenWidget_C_0] 55.0
[2024.04.02-07.20.22:287][ 73]LogBlueprintUserMessages: [CreationScreenWidget_C_0] 55.0
[2024.04.02-07.20.22:288][ 73]LogBlueprintUserMessages: [CreationScreenWidget_C_0] 55.0
[2024.04.02-07.20.22:338][ 76]LogBlueprintUserMessages: [CreationScreenWidget_C_0] 56.0
[2024.04.02-07.20.22:338][ 76]LogBlueprintUserMessages: [CreationScreenWidget_C_0] 56.0
[2024.04.02-07.20.22:338][ 76]LogBlueprintUserMessages: [CreationScreenWidget_C_0] 56.0
[2024.04.02-07.20.22:338][ 76]LogBlueprintUserMessages: [CreationScreenWidget_C_0] 56.0
[2024.04.02-07.20.22:387][ 79]LogBlueprintUserMessages: [CreationScreenWidget_C_0] 57.0
[2024.04.02-07.20.22:387][ 79]LogBlueprintUserMessages: [CreationScreenWidget_C_0] 57.0
[2024.04.02-07.20.22:387][ 79]LogBlueprintUserMessages: [CreationScreenWidget_C_0] 57.0
[2024.04.02-07.20.22:388][ 79]LogBlueprintUserMessages: [CreationScreenWidget_C_0] 57.0
[2024.04.02-07.20.22:438][ 82]LogBlueprintUserMessages: [CreationScreenWidget_C_0] 58.0
[2024.04.02-07.20.22:438][ 82]LogBlueprintUserMessages: [CreationScreenWidget_C_0] 58.0
[2024.04.02-07.20.22:438][ 82]LogBlueprintUserMessages: [CreationScreenWidget_C_0] 58.0
[2024.04.02-07.20.22:438][ 82]LogBlueprintUserMessages: [CreationScreenWidget_C_0] 58.0
[2024.04.02-07.20.22:487][ 85]LogBlueprintUserMessages: [CreationScreenWidget_C_0] 59.0
[2024.04.02-07.20.22:487][ 85]LogBlueprintUserMessages: [CreationScreenWidget_C_0] 59.0
[2024.04.02-07.20.22:487][ 85]LogBlueprintUserMessages: [CreationScreenWidget_C_0] 59.0
[2024.04.02-07.20.22:487][ 85]LogBlueprintUserMessages: [CreationScreenWidget_C_0] 59.0
[2024.04.02-07.20.22:537][ 88]LogBlueprintUserMessages: [CreationScreenWidget_C_0] 60.0
[2024.04.02-07.20.22:538][ 88]LogBlueprintUserMessages: [CreationScreenWidget_C_0] 60.0
[2024.04.02-07.20.22:538][ 88]LogBlueprintUserMessages: [CreationScreenWidget_C_0] 60.0
[2024.04.02-07.20.22:538][ 88]LogBlueprintUserMessages: [CreationScreenWidget_C_0] 60.0
[2024.04.02-07.20.22:589][ 91]LogBlueprintUserMessages: [CreationScreenWidget_C_0] 61.0
[2024.04.02-07.20.22:589][ 91]LogBlueprintUserMessages: [CreationScreenWidget_C_0] 61.0
[2024.04.02-07.20.22:589][ 91]LogBlueprintUserMessages: [CreationScreenWidget_C_0] 61.0
[2024.04.02-07.20.22:589][ 91]LogBlueprintUserMessages: [CreationScreenWidget_C_0] 61.0
[2024.04.02-07.20.22:638][ 94]LogBlueprintUserMessages: [CreationScreenWidget_C_0] 62.0
[2024.04.02-07.20.22:638][ 94]LogBlueprintUserMessages: [CreationScreenWidget_C_0] 62.0
[2024.04.02-07.20.22:638][ 94]LogBlueprintUserMessages: [CreationScreenWidget_C_0] 62.0
[2024.04.02-07.20.22:638][ 94]LogBlueprintUserMessages: [CreationScreenWidget_C_0] 62.0
[2024.04.02-07.20.22:688][ 97]LogBlueprintUserMessages: [CreationScreenWidget_C_0] 63.0
[2024.04.02-07.20.22:688][ 97]LogBlueprintUserMessages: [CreationScreenWidget_C_0] 63.0
[2024.04.02-07.20.22:688][ 97]LogBlueprintUserMessages: [CreationScreenWidget_C_0] 63.0
[2024.04.02-07.20.22:688][ 97]LogBlueprintUserMessages: [CreationScreenWidget_C_0] 63.0
[2024.04.02-07.20.22:737][100]LogBlueprintUserMessages: [CreationScreenWidget_C_0] 64.0
[2024.04.02-07.20.22:738][100]LogBlueprintUserMessages: [CreationScreenWidget_C_0] 64.0
[2024.04.02-07.20.22:738][100]LogBlueprintUserMessages: [CreationScreenWidget_C_0] 64.0
[2024.04.02-07.20.22:738][100]LogBlueprintUserMessages: [CreationScreenWidget_C_0] 64.0
[2024.04.02-07.20.22:787][103]LogBlueprintUserMessages: [CreationScreenWidget_C_0] 65.0
[2024.04.02-07.20.22:788][103]LogBlueprintUserMessages: [CreationScreenWidget_C_0] 65.0
[2024.04.02-07.20.22:788][103]LogBlueprintUserMessages: [CreationScreenWidget_C_0] 65.0
[2024.04.02-07.20.22:788][103]LogBlueprintUserMessages: [CreationScreenWidget_C_0] 65.0
[2024.04.02-07.20.22:838][106]LogBlueprintUserMessages: [CreationScreenWidget_C_0] 66.0
[2024.04.02-07.20.22:839][106]LogBlueprintUserMessages: [CreationScreenWidget_C_0] 66.0
[2024.04.02-07.20.22:839][106]LogBlueprintUserMessages: [CreationScreenWidget_C_0] 66.0
[2024.04.02-07.20.22:839][106]LogBlueprintUserMessages: [CreationScreenWidget_C_0] 66.0
[2024.04.02-07.20.22:888][109]LogBlueprintUserMessages: [CreationScreenWidget_C_0] 67.0
[2024.04.02-07.20.22:888][109]LogBlueprintUserMessages: [CreationScreenWidget_C_0] 67.0
[2024.04.02-07.20.22:888][109]LogBlueprintUserMessages: [CreationScreenWidget_C_0] 67.0
[2024.04.02-07.20.22:888][109]LogBlueprintUserMessages: [CreationScreenWidget_C_0] 67.0
[2024.04.02-07.20.22:937][112]LogBlueprintUserMessages: [CreationScreenWidget_C_0] 68.0
[2024.04.02-07.20.22:937][112]LogBlueprintUserMessages: [CreationScreenWidget_C_0] 68.0
[2024.04.02-07.20.22:938][112]LogBlueprintUserMessages: [CreationScreenWidget_C_0] 68.0
[2024.04.02-07.20.22:938][112]LogBlueprintUserMessages: [CreationScreenWidget_C_0] 68.0
[2024.04.02-07.20.22:988][115]LogBlueprintUserMessages: [CreationScreenWidget_C_0] 69.0
[2024.04.02-07.20.22:988][115]LogBlueprintUserMessages: [CreationScreenWidget_C_0] 69.0
[2024.04.02-07.20.22:988][115]LogBlueprintUserMessages: [CreationScreenWidget_C_0] 69.0
[2024.04.02-07.20.22:988][115]LogBlueprintUserMessages: [CreationScreenWidget_C_0] 69.0
[2024.04.02-07.20.23:038][118]LogBlueprintUserMessages: [CreationScreenWidget_C_0] 70.0
[2024.04.02-07.20.23:038][118]LogBlueprintUserMessages: [CreationScreenWidget_C_0] 70.0
[2024.04.02-07.20.23:038][118]LogBlueprintUserMessages: [CreationScreenWidget_C_0] 70.0
[2024.04.02-07.20.23:038][118]LogBlueprintUserMessages: [CreationScreenWidget_C_0] 70.0
[2024.04.02-07.20.23:088][121]LogBlueprintUserMessages: [CreationScreenWidget_C_0] 71.0
[2024.04.02-07.20.23:088][121]LogBlueprintUserMessages: [CreationScreenWidget_C_0] 71.0
[2024.04.02-07.20.23:088][121]LogBlueprintUserMessages: [CreationScreenWidget_C_0] 71.0
[2024.04.02-07.20.23:088][121]LogBlueprintUserMessages: [CreationScreenWidget_C_0] 71.0
[2024.04.02-07.20.23:138][124]LogBlueprintUserMessages: [CreationScreenWidget_C_0] 72.0
[2024.04.02-07.20.23:138][124]LogBlueprintUserMessages: [CreationScreenWidget_C_0] 72.0
[2024.04.02-07.20.23:138][124]LogBlueprintUserMessages: [CreationScreenWidget_C_0] 72.0
[2024.04.02-07.20.23:138][124]LogBlueprintUserMessages: [CreationScreenWidget_C_0] 72.0
[2024.04.02-07.20.23:188][127]LogBlueprintUserMessages: [CreationScreenWidget_C_0] 73.0
[2024.04.02-07.20.23:188][127]LogBlueprintUserMessages: [CreationScreenWidget_C_0] 73.0
[2024.04.02-07.20.23:189][127]LogBlueprintUserMessages: [CreationScreenWidget_C_0] 73.0
[2024.04.02-07.20.23:189][127]LogBlueprintUserMessages: [CreationScreenWidget_C_0] 73.0
[2024.04.02-07.20.23:238][130]LogBlueprintUserMessages: [CreationScreenWidget_C_0] 74.0
[2024.04.02-07.20.23:238][130]LogBlueprintUserMessages: [CreationScreenWidget_C_0] 74.0
[2024.04.02-07.20.23:238][130]LogBlueprintUserMessages: [CreationScreenWidget_C_0] 74.0
[2024.04.02-07.20.23:238][130]LogBlueprintUserMessages: [CreationScreenWidget_C_0] 74.0
[2024.04.02-07.20.23:288][133]LogBlueprintUserMessages: [CreationScreenWidget_C_0] 75.0
[2024.04.02-07.20.23:288][133]LogBlueprintUserMessages: [CreationScreenWidget_C_0] 75.0
[2024.04.02-07.20.23:288][133]LogBlueprintUserMessages: [CreationScreenWidget_C_0] 75.0
[2024.04.02-07.20.23:288][133]LogBlueprintUserMessages: [CreationScreenWidget_C_0] 75.0
[2024.04.02-07.20.23:338][136]LogBlueprintUserMessages: [CreationScreenWidget_C_0] 76.0
[2024.04.02-07.20.23:338][136]LogBlueprintUserMessages: [CreationScreenWidget_C_0] 76.0
[2024.04.02-07.20.23:338][136]LogBlueprintUserMessages: [CreationScreenWidget_C_0] 76.0
[2024.04.02-07.20.23:338][136]LogBlueprintUserMessages: [CreationScreenWidget_C_0] 76.0
[2024.04.02-07.20.23:387][139]LogBlueprintUserMessages: [CreationScreenWidget_C_0] 77.0
[2024.04.02-07.20.23:388][139]LogBlueprintUserMessages: [CreationScreenWidget_C_0] 77.0
[2024.04.02-07.20.23:388][139]LogBlueprintUserMessages: [CreationScreenWidget_C_0] 77.0
[2024.04.02-07.20.23:388][139]LogBlueprintUserMessages: [CreationScreenWidget_C_0] 77.0
[2024.04.02-07.20.23:437][142]LogBlueprintUserMessages: [CreationScreenWidget_C_0] 78.0
[2024.04.02-07.20.23:437][142]LogBlueprintUserMessages: [CreationScreenWidget_C_0] 78.0
[2024.04.02-07.20.23:437][142]LogBlueprintUserMessages: [CreationScreenWidget_C_0] 78.0
[2024.04.02-07.20.23:437][142]LogBlueprintUserMessages: [CreationScreenWidget_C_0] 78.0
[2024.04.02-07.20.23:488][145]LogBlueprintUserMessages: [CreationScreenWidget_C_0] 79.0
[2024.04.02-07.20.23:488][145]LogBlueprintUserMessages: [CreationScreenWidget_C_0] 79.0
[2024.04.02-07.20.23:488][145]LogBlueprintUserMessages: [CreationScreenWidget_C_0] 79.0
[2024.04.02-07.20.23:488][145]LogBlueprintUserMessages: [CreationScreenWidget_C_0] 79.0
[2024.04.02-07.20.23:537][148]LogBlueprintUserMessages: [CreationScreenWidget_C_0] 80.0
[2024.04.02-07.20.23:537][148]LogBlueprintUserMessages: [CreationScreenWidget_C_0] 80.0
[2024.04.02-07.20.23:537][148]LogBlueprintUserMessages: [CreationScreenWidget_C_0] 80.0
[2024.04.02-07.20.23:538][148]LogBlueprintUserMessages: [CreationScreenWidget_C_0] 80.0
[2024.04.02-07.20.23:587][151]LogBlueprintUserMessages: [CreationScreenWidget_C_0] 1.0
[2024.04.02-07.20.23:588][151]LogBlueprintUserMessages: [CreationScreenWidget_C_0] 1.0
[2024.04.02-07.20.23:588][151]LogBlueprintUserMessages: [CreationScreenWidget_C_0] 1.0
[2024.04.02-07.20.23:588][151]LogBlueprintUserMessages: [CreationScreenWidget_C_0] 1.0
[2024.04.02-07.20.23:637][154]LogBlueprintUserMessages: [CreationScreenWidget_C_0] 2.0
[2024.04.02-07.20.23:637][154]LogBlueprintUserMessages: [CreationScreenWidget_C_0] 2.0
[2024.04.02-07.20.23:637][154]LogBlueprintUserMessages: [CreationScreenWidget_C_0] 2.0
[2024.04.02-07.20.23:637][154]LogBlueprintUserMessages: [CreationScreenWidget_C_0] 2.0
[2024.04.02-07.20.23:687][157]LogBlueprintUserMessages: [CreationScreenWidget_C_0] 3.0
[2024.04.02-07.20.23:687][157]LogBlueprintUserMessages: [CreationScreenWidget_C_0] 3.0
[2024.04.02-07.20.23:687][157]LogBlueprintUserMessages: [CreationScreenWidget_C_0] 3.0
[2024.04.02-07.20.23:687][157]LogBlueprintUserMessages: [CreationScreenWidget_C_0] 3.0
[2024.04.02-07.20.23:737][160]LogBlueprintUserMessages: [CreationScreenWidget_C_0] 4.0
[2024.04.02-07.20.23:737][160]LogBlueprintUserMessages: [CreationScreenWidget_C_0] 4.0
[2024.04.02-07.20.23:737][160]LogBlueprintUserMessages: [CreationScreenWidget_C_0] 4.0
[2024.04.02-07.20.23:737][160]LogBlueprintUserMessages: [CreationScreenWidget_C_0] 4.0
[2024.04.02-07.20.23:787][163]LogBlueprintUserMessages: [CreationScreenWidget_C_0] 5.0
[2024.04.02-07.20.23:787][163]LogBlueprintUserMessages: [CreationScreenWidget_C_0] 5.0
[2024.04.02-07.20.23:787][163]LogBlueprintUserMessages: [CreationScreenWidget_C_0] 5.0
[2024.04.02-07.20.23:787][163]LogBlueprintUserMessages: [CreationScreenWidget_C_0] 5.0
[2024.04.02-07.20.23:837][166]LogBlueprintUserMessages: [CreationScreenWidget_C_0] 6.0
[2024.04.02-07.20.23:837][166]LogBlueprintUserMessages: [CreationScreenWidget_C_0] 6.0
[2024.04.02-07.20.23:837][166]LogBlueprintUserMessages: [CreationScreenWidget_C_0] 6.0
[2024.04.02-07.20.23:837][166]LogBlueprintUserMessages: [CreationScreenWidget_C_0] 6.0
[2024.04.02-07.20.23:888][169]LogBlueprintUserMessages: [CreationScreenWidget_C_0] 7.0
[2024.04.02-07.20.23:888][169]LogBlueprintUserMessages: [CreationScreenWidget_C_0] 7.0
[2024.04.02-07.20.23:888][169]LogBlueprintUserMessages: [CreationScreenWidget_C_0] 7.0
[2024.04.02-07.20.23:888][169]LogBlueprintUserMessages: [CreationScreenWidget_C_0] 7.0
[2024.04.02-07.20.23:937][172]LogBlueprintUserMessages: [CreationScreenWidget_C_0] 8.0
[2024.04.02-07.20.23:937][172]LogBlueprintUserMessages: [CreationScreenWidget_C_0] 8.0
[2024.04.02-07.20.23:937][172]LogBlueprintUserMessages: [CreationScreenWidget_C_0] 8.0
[2024.04.02-07.20.23:937][172]LogBlueprintUserMessages: [CreationScreenWidget_C_0] 8.0
[2024.04.02-07.20.23:990][175]LogBlueprintUserMessages: [CreationScreenWidget_C_0] 9.0
[2024.04.02-07.20.23:990][175]LogBlueprintUserMessages: [CreationScreenWidget_C_0] 9.0
[2024.04.02-07.20.23:990][175]LogBlueprintUserMessages: [CreationScreenWidget_C_0] 9.0
[2024.04.02-07.20.23:990][175]LogBlueprintUserMessages: [CreationScreenWidget_C_0] 9.0
[2024.04.02-07.20.24:038][178]LogBlueprintUserMessages: [CreationScreenWidget_C_0] 10.0
[2024.04.02-07.20.24:038][178]LogBlueprintUserMessages: [CreationScreenWidget_C_0] 10.0
[2024.04.02-07.20.24:038][178]LogBlueprintUserMessages: [CreationScreenWidget_C_0] 10.0
[2024.04.02-07.20.24:038][178]LogBlueprintUserMessages: [CreationScreenWidget_C_0] 10.0
[2024.04.02-07.20.24:088][181]LogBlueprintUserMessages: [CreationScreenWidget_C_0] 11.0
[2024.04.02-07.20.24:088][181]LogBlueprintUserMessages: [CreationScreenWidget_C_0] 11.0
[2024.04.02-07.20.24:088][181]LogBlueprintUserMessages: [CreationScreenWidget_C_0] 11.0
[2024.04.02-07.20.24:089][181]LogBlueprintUserMessages: [CreationScreenWidget_C_0] 11.0
[2024.04.02-07.20.24:137][184]LogBlueprintUserMessages: [CreationScreenWidget_C_0] 12.0
[2024.04.02-07.20.24:138][184]LogBlueprintUserMessages: [CreationScreenWidget_C_0] 12.0
[2024.04.02-07.20.24:138][184]LogBlueprintUserMessages: [CreationScreenWidget_C_0] 12.0
[2024.04.02-07.20.24:138][184]LogBlueprintUserMessages: [CreationScreenWidget_C_0] 12.0
[2024.04.02-07.20.24:188][187]LogBlueprintUserMessages: [CreationScreenWidget_C_0] 13.0
[2024.04.02-07.20.24:188][187]LogBlueprintUserMessages: [CreationScreenWidget_C_0] 13.0
[2024.04.02-07.20.24:188][187]LogBlueprintUserMessages: [CreationScreenWidget_C_0] 13.0
[2024.04.02-07.20.24:188][187]LogBlueprintUserMessages: [CreationScreenWidget_C_0] 13.0
[2024.04.02-07.20.24:238][190]LogBlueprintUserMessages: [CreationScreenWidget_C_0] 14.0
[2024.04.02-07.20.24:238][190]LogBlueprintUserMessages: [CreationScreenWidget_C_0] 14.0
[2024.04.02-07.20.24:239][190]LogBlueprintUserMessages: [CreationScreenWidget_C_0] 14.0
[2024.04.02-07.20.24:239][190]LogBlueprintUserMessages: [CreationScreenWidget_C_0] 14.0
[2024.04.02-07.20.24:289][193]LogBlueprintUserMessages: [CreationScreenWidget_C_0] 15.0
[2024.04.02-07.20.24:290][193]LogBlueprintUserMessages: [CreationScreenWidget_C_0] 15.0
[2024.04.02-07.20.24:290][193]LogBlueprintUserMessages: [CreationScreenWidget_C_0] 15.0
[2024.04.02-07.20.24:290][193]LogBlueprintUserMessages: [CreationScreenWidget_C_0] 15.0
[2024.04.02-07.20.24:339][196]LogBlueprintUserMessages: [CreationScreenWidget_C_0] 16.0
[2024.04.02-07.20.24:339][196]LogBlueprintUserMessages: [CreationScreenWidget_C_0] 16.0
[2024.04.02-07.20.24:340][196]LogBlueprintUserMessages: [CreationScreenWidget_C_0] 16.0
[2024.04.02-07.20.24:340][196]LogBlueprintUserMessages: [CreationScreenWidget_C_0] 16.0
[2024.04.02-07.20.24:389][199]LogBlueprintUserMessages: [CreationScreenWidget_C_0] 17.0
[2024.04.02-07.20.24:389][199]LogBlueprintUserMessages: [CreationScreenWidget_C_0] 17.0
[2024.04.02-07.20.24:389][199]LogBlueprintUserMessages: [CreationScreenWidget_C_0] 17.0
[2024.04.02-07.20.24:389][199]LogBlueprintUserMessages: [CreationScreenWidget_C_0] 17.0
[2024.04.02-07.20.24:439][202]LogBlueprintUserMessages: [CreationScreenWidget_C_0] 18.0
[2024.04.02-07.20.24:439][202]LogBlueprintUserMessages: [CreationScreenWidget_C_0] 18.0
[2024.04.02-07.20.24:439][202]LogBlueprintUserMessages: [CreationScreenWidget_C_0] 18.0
[2024.04.02-07.20.24:439][202]LogBlueprintUserMessages: [CreationScreenWidget_C_0] 18.0
[2024.04.02-07.20.24:488][205]LogBlueprintUserMessages: [CreationScreenWidget_C_0] 19.0
[2024.04.02-07.20.24:489][205]LogBlueprintUserMessages: [CreationScreenWidget_C_0] 19.0
[2024.04.02-07.20.24:489][205]LogBlueprintUserMessages: [CreationScreenWidget_C_0] 19.0
[2024.04.02-07.20.24:489][205]LogBlueprintUserMessages: [CreationScreenWidget_C_0] 19.0
[2024.04.02-07.20.24:538][208]LogBlueprintUserMessages: [CreationScreenWidget_C_0] 20.0
[2024.04.02-07.20.24:538][208]LogBlueprintUserMessages: [CreationScreenWidget_C_0] 20.0
[2024.04.02-07.20.24:538][208]LogBlueprintUserMessages: [CreationScreenWidget_C_0] 20.0
[2024.04.02-07.20.24:538][208]LogBlueprintUserMessages: [CreationScreenWidget_C_0] 20.0
[2024.04.02-07.20.24:588][211]LogBlueprintUserMessages: [CreationScreenWidget_C_0] 21.0
[2024.04.02-07.20.24:589][211]LogBlueprintUserMessages: [CreationScreenWidget_C_0] 21.0
[2024.04.02-07.20.24:589][211]LogBlueprintUserMessages: [CreationScreenWidget_C_0] 21.0
[2024.04.02-07.20.24:589][211]LogBlueprintUserMessages: [CreationScreenWidget_C_0] 21.0
[2024.04.02-07.20.24:639][214]LogBlueprintUserMessages: [CreationScreenWidget_C_0] 22.0
[2024.04.02-07.20.24:639][214]LogBlueprintUserMessages: [CreationScreenWidget_C_0] 22.0
[2024.04.02-07.20.24:639][214]LogBlueprintUserMessages: [CreationScreenWidget_C_0] 22.0
[2024.04.02-07.20.24:641][214]LogBlueprintUserMessages: [CreationScreenWidget_C_0] 22.0
[2024.04.02-07.20.24:690][217]LogBlueprintUserMessages: [CreationScreenWidget_C_0] 23.0
[2024.04.02-07.20.24:690][217]LogBlueprintUserMessages: [CreationScreenWidget_C_0] 23.0
[2024.04.02-07.20.24:690][217]LogBlueprintUserMessages: [CreationScreenWidget_C_0] 23.0
[2024.04.02-07.20.24:690][217]LogBlueprintUserMessages: [CreationScreenWidget_C_0] 23.0
[2024.04.02-07.20.24:739][220]LogBlueprintUserMessages: [CreationScreenWidget_C_0] 24.0
[2024.04.02-07.20.24:739][220]LogBlueprintUserMessages: [CreationScreenWidget_C_0] 24.0
[2024.04.02-07.20.24:739][220]LogBlueprintUserMessages: [CreationScreenWidget_C_0] 24.0
[2024.04.02-07.20.24:740][220]LogBlueprintUserMessages: [CreationScreenWidget_C_0] 24.0
[2024.04.02-07.20.24:789][223]LogBlueprintUserMessages: [CreationScreenWidget_C_0] 25.0
[2024.04.02-07.20.24:789][223]LogBlueprintUserMessages: [CreationScreenWidget_C_0] 25.0
[2024.04.02-07.20.24:789][223]LogBlueprintUserMessages: [CreationScreenWidget_C_0] 25.0
[2024.04.02-07.20.24:789][223]LogBlueprintUserMessages: [CreationScreenWidget_C_0] 25.0
[2024.04.02-07.20.24:838][226]LogBlueprintUserMessages: [CreationScreenWidget_C_0] 26.0
[2024.04.02-07.20.24:838][226]LogBlueprintUserMessages: [CreationScreenWidget_C_0] 26.0
[2024.04.02-07.20.24:838][226]LogBlueprintUserMessages: [CreationScreenWidget_C_0] 26.0
[2024.04.02-07.20.24:838][226]LogBlueprintUserMessages: [CreationScreenWidget_C_0] 26.0
[2024.04.02-07.20.24:889][229]LogBlueprintUserMessages: [CreationScreenWidget_C_0] 27.0
[2024.04.02-07.20.24:889][229]LogBlueprintUserMessages: [CreationScreenWidget_C_0] 27.0
[2024.04.02-07.20.24:889][229]LogBlueprintUserMessages: [CreationScreenWidget_C_0] 27.0
[2024.04.02-07.20.24:889][229]LogBlueprintUserMessages: [CreationScreenWidget_C_0] 27.0
[2024.04.02-07.20.24:939][232]LogBlueprintUserMessages: [CreationScreenWidget_C_0] 28.0
[2024.04.02-07.20.24:939][232]LogBlueprintUserMessages: [CreationScreenWidget_C_0] 28.0
[2024.04.02-07.20.24:940][232]LogBlueprintUserMessages: [CreationScreenWidget_C_0] 28.0
[2024.04.02-07.20.24:940][232]LogBlueprintUserMessages: [CreationScreenWidget_C_0] 28.0
[2024.04.02-07.20.24:989][235]LogBlueprintUserMessages: [CreationScreenWidget_C_0] 29.0
[2024.04.02-07.20.24:989][235]LogBlueprintUserMessages: [CreationScreenWidget_C_0] 29.0
[2024.04.02-07.20.24:989][235]LogBlueprintUserMessages: [CreationScreenWidget_C_0] 29.0
[2024.04.02-07.20.24:989][235]LogBlueprintUserMessages: [CreationScreenWidget_C_0] 29.0
[2024.04.02-07.20.25:039][238]LogBlueprintUserMessages: [CreationScreenWidget_C_0] 30.0
[2024.04.02-07.20.25:040][238]LogBlueprintUserMessages: [CreationScreenWidget_C_0] 30.0
[2024.04.02-07.20.25:040][238]LogBlueprintUserMessages: [CreationScreenWidget_C_0] 30.0
[2024.04.02-07.20.25:040][238]LogBlueprintUserMessages: [CreationScreenWidget_C_0] 30.0
[2024.04.02-07.20.25:089][241]LogBlueprintUserMessages: [CreationScreenWidget_C_0] 31.0
[2024.04.02-07.20.25:089][241]LogBlueprintUserMessages: [CreationScreenWidget_C_0] 31.0
[2024.04.02-07.20.25:089][241]LogBlueprintUserMessages: [CreationScreenWidget_C_0] 31.0
[2024.04.02-07.20.25:089][241]LogBlueprintUserMessages: [CreationScreenWidget_C_0] 31.0
[2024.04.02-07.20.25:139][244]LogBlueprintUserMessages: [CreationScreenWidget_C_0] 32.0
[2024.04.02-07.20.25:139][244]LogBlueprintUserMessages: [CreationScreenWidget_C_0] 32.0
[2024.04.02-07.20.25:139][244]LogBlueprintUserMessages: [CreationScreenWidget_C_0] 32.0
[2024.04.02-07.20.25:139][244]LogBlueprintUserMessages: [CreationScreenWidget_C_0] 32.0
[2024.04.02-07.20.25:189][247]LogBlueprintUserMessages: [CreationScreenWidget_C_0] 33.0
[2024.04.02-07.20.25:189][247]LogBlueprintUserMessages: [CreationScreenWidget_C_0] 33.0
[2024.04.02-07.20.25:189][247]LogBlueprintUserMessages: [CreationScreenWidget_C_0] 33.0
[2024.04.02-07.20.25:189][247]LogBlueprintUserMessages: [CreationScreenWidget_C_0] 33.0
[2024.04.02-07.20.25:238][250]LogBlueprintUserMessages: [CreationScreenWidget_C_0] 34.0
[2024.04.02-07.20.25:238][250]LogBlueprintUserMessages: [CreationScreenWidget_C_0] 34.0
[2024.04.02-07.20.25:238][250]LogBlueprintUserMessages: [CreationScreenWidget_C_0] 34.0
[2024.04.02-07.20.25:239][250]LogBlueprintUserMessages: [CreationScreenWidget_C_0] 34.0
[2024.04.02-07.20.25:288][253]LogBlueprintUserMessages: [CreationScreenWidget_C_0] 35.0
[2024.04.02-07.20.25:288][253]LogBlueprintUserMessages: [CreationScreenWidget_C_0] 35.0
[2024.04.02-07.20.25:288][253]LogBlueprintUserMessages: [CreationScreenWidget_C_0] 35.0
[2024.04.02-07.20.25:288][253]LogBlueprintUserMessages: [CreationScreenWidget_C_0] 35.0
[2024.04.02-07.20.25:339][256]LogBlueprintUserMessages: [CreationScreenWidget_C_0] 36.0
[2024.04.02-07.20.25:339][256]LogBlueprintUserMessages: [CreationScreenWidget_C_0] 36.0
[2024.04.02-07.20.25:339][256]LogBlueprintUserMessages: [CreationScreenWidget_C_0] 36.0
[2024.04.02-07.20.25:339][256]LogBlueprintUserMessages: [CreationScreenWidget_C_0] 36.0
[2024.04.02-07.20.25:389][259]LogBlueprintUserMessages: [CreationScreenWidget_C_0] 37.0
[2024.04.02-07.20.25:389][259]LogBlueprintUserMessages: [CreationScreenWidget_C_0] 37.0
[2024.04.02-07.20.25:389][259]LogBlueprintUserMessages: [CreationScreenWidget_C_0] 37.0
[2024.04.02-07.20.25:389][259]LogBlueprintUserMessages: [CreationScreenWidget_C_0] 37.0
[2024.04.02-07.20.25:439][262]LogBlueprintUserMessages: [CreationScreenWidget_C_0] 38.0
[2024.04.02-07.20.25:439][262]LogBlueprintUserMessages: [CreationScreenWidget_C_0] 38.0
[2024.04.02-07.20.25:439][262]LogBlueprintUserMessages: [CreationScreenWidget_C_0] 38.0
[2024.04.02-07.20.25:439][262]LogBlueprintUserMessages: [CreationScreenWidget_C_0] 38.0
[2024.04.02-07.20.25:488][265]LogBlueprintUserMessages: [CreationScreenWidget_C_0] 39.0
[2024.04.02-07.20.25:488][265]LogBlueprintUserMessages: [CreationScreenWidget_C_0] 39.0
[2024.04.02-07.20.25:488][265]LogBlueprintUserMessages: [CreationScreenWidget_C_0] 39.0
[2024.04.02-07.20.25:488][265]LogBlueprintUserMessages: [CreationScreenWidget_C_0] 39.0
[2024.04.02-07.20.25:537][268]LogBlueprintUserMessages: [CreationScreenWidget_C_0] 40.0
[2024.04.02-07.20.25:538][268]LogBlueprintUserMessages: [CreationScreenWidget_C_0] 40.0
[2024.04.02-07.20.25:538][268]LogBlueprintUserMessages: [CreationScreenWidget_C_0] 40.0
[2024.04.02-07.20.25:538][268]LogBlueprintUserMessages: [CreationScreenWidget_C_0] 40.0
[2024.04.02-07.20.25:587][271]LogBlueprintUserMessages: [CreationScreenWidget_C_0] 41.0
[2024.04.02-07.20.25:588][271]LogBlueprintUserMessages: [CreationScreenWidget_C_0] 41.0
[2024.04.02-07.20.25:588][271]LogBlueprintUserMessages: [CreationScreenWidget_C_0] 41.0
[2024.04.02-07.20.25:588][271]LogBlueprintUserMessages: [CreationScreenWidget_C_0] 41.0
[2024.04.02-07.20.25:638][274]LogBlueprintUserMessages: [CreationScreenWidget_C_0] 42.0
[2024.04.02-07.20.25:638][274]LogBlueprintUserMessages: [CreationScreenWidget_C_0] 42.0
[2024.04.02-07.20.25:639][274]LogBlueprintUserMessages: [CreationScreenWidget_C_0] 42.0
[2024.04.02-07.20.25:639][274]LogBlueprintUserMessages: [CreationScreenWidget_C_0] 42.0
[2024.04.02-07.20.25:687][277]LogBlueprintUserMessages: [CreationScreenWidget_C_0] 43.0
[2024.04.02-07.20.25:687][277]LogBlueprintUserMessages: [CreationScreenWidget_C_0] 43.0
[2024.04.02-07.20.25:688][277]LogBlueprintUserMessages: [CreationScreenWidget_C_0] 43.0
[2024.04.02-07.20.25:688][277]LogBlueprintUserMessages: [CreationScreenWidget_C_0] 43.0
[2024.04.02-07.20.25:738][280]LogBlueprintUserMessages: [CreationScreenWidget_C_0] 44.0
[2024.04.02-07.20.25:738][280]LogBlueprintUserMessages: [CreationScreenWidget_C_0] 44.0
[2024.04.02-07.20.25:738][280]LogBlueprintUserMessages: [CreationScreenWidget_C_0] 44.0
[2024.04.02-07.20.25:738][280]LogBlueprintUserMessages: [CreationScreenWidget_C_0] 44.0
[2024.04.02-07.20.25:789][283]LogBlueprintUserMessages: [CreationScreenWidget_C_0] 45.0
[2024.04.02-07.20.25:789][283]LogBlueprintUserMessages: [CreationScreenWidget_C_0] 45.0
[2024.04.02-07.20.25:789][283]LogBlueprintUserMessages: [CreationScreenWidget_C_0] 45.0
[2024.04.02-07.20.25:789][283]LogBlueprintUserMessages: [CreationScreenWidget_C_0] 45.0
[2024.04.02-07.20.25:837][286]LogBlueprintUserMessages: [CreationScreenWidget_C_0] 46.0
[2024.04.02-07.20.25:838][286]LogBlueprintUserMessages: [CreationScreenWidget_C_0] 46.0
[2024.04.02-07.20.25:838][286]LogBlueprintUserMessages: [CreationScreenWidget_C_0] 46.0
[2024.04.02-07.20.25:838][286]LogBlueprintUserMessages: [CreationScreenWidget_C_0] 46.0
[2024.04.02-07.20.25:888][289]LogBlueprintUserMessages: [CreationScreenWidget_C_0] 47.0
[2024.04.02-07.20.25:889][289]LogBlueprintUserMessages: [CreationScreenWidget_C_0] 47.0
[2024.04.02-07.20.25:889][289]LogBlueprintUserMessages: [CreationScreenWidget_C_0] 47.0
[2024.04.02-07.20.25:889][289]LogBlueprintUserMessages: [CreationScreenWidget_C_0] 47.0
[2024.04.02-07.20.25:938][292]LogBlueprintUserMessages: [CreationScreenWidget_C_0] 48.0
[2024.04.02-07.20.25:938][292]LogBlueprintUserMessages: [CreationScreenWidget_C_0] 48.0
[2024.04.02-07.20.25:938][292]LogBlueprintUserMessages: [CreationScreenWidget_C_0] 48.0
[2024.04.02-07.20.25:938][292]LogBlueprintUserMessages: [CreationScreenWidget_C_0] 48.0
[2024.04.02-07.20.25:988][295]LogBlueprintUserMessages: [CreationScreenWidget_C_0] 49.0
[2024.04.02-07.20.25:988][295]LogBlueprintUserMessages: [CreationScreenWidget_C_0] 49.0
[2024.04.02-07.20.25:988][295]LogBlueprintUserMessages: [CreationScreenWidget_C_0] 49.0
[2024.04.02-07.20.25:989][295]LogBlueprintUserMessages: [CreationScreenWidget_C_0] 49.0
[2024.04.02-07.20.26:038][298]LogBlueprintUserMessages: [CreationScreenWidget_C_0] 50.0
[2024.04.02-07.20.26:038][298]LogBlueprintUserMessages: [CreationScreenWidget_C_0] 50.0
[2024.04.02-07.20.26:038][298]LogBlueprintUserMessages: [CreationScreenWidget_C_0] 50.0
[2024.04.02-07.20.26:038][298]LogBlueprintUserMessages: [CreationScreenWidget_C_0] 50.0
[2024.04.02-07.20.26:087][301]LogBlueprintUserMessages: [CreationScreenWidget_C_0] 51.0
[2024.04.02-07.20.26:088][301]LogBlueprintUserMessages: [CreationScreenWidget_C_0] 51.0
[2024.04.02-07.20.26:088][301]LogBlueprintUserMessages: [CreationScreenWidget_C_0] 51.0
[2024.04.02-07.20.26:088][301]LogBlueprintUserMessages: [CreationScreenWidget_C_0] 51.0
[2024.04.02-07.20.26:138][304]LogBlueprintUserMessages: [CreationScreenWidget_C_0] 52.0
[2024.04.02-07.20.26:138][304]LogBlueprintUserMessages: [CreationScreenWidget_C_0] 52.0
[2024.04.02-07.20.26:138][304]LogBlueprintUserMessages: [CreationScreenWidget_C_0] 52.0
[2024.04.02-07.20.26:138][304]LogBlueprintUserMessages: [CreationScreenWidget_C_0] 52.0
[2024.04.02-07.20.26:188][307]LogBlueprintUserMessages: [CreationScreenWidget_C_0] 53.0
[2024.04.02-07.20.26:188][307]LogBlueprintUserMessages: [CreationScreenWidget_C_0] 53.0
[2024.04.02-07.20.26:188][307]LogBlueprintUserMessages: [CreationScreenWidget_C_0] 53.0
[2024.04.02-07.20.26:188][307]LogBlueprintUserMessages: [CreationScreenWidget_C_0] 53.0
[2024.04.02-07.20.26:237][310]LogBlueprintUserMessages: [CreationScreenWidget_C_0] 54.0
[2024.04.02-07.20.26:237][310]LogBlueprintUserMessages: [CreationScreenWidget_C_0] 54.0
[2024.04.02-07.20.26:238][310]LogBlueprintUserMessages: [CreationScreenWidget_C_0] 54.0
[2024.04.02-07.20.26:238][310]LogBlueprintUserMessages: [CreationScreenWidget_C_0] 54.0
[2024.04.02-07.20.26:288][313]LogBlueprintUserMessages: [CreationScreenWidget_C_0] 55.0
[2024.04.02-07.20.26:288][313]LogBlueprintUserMessages: [CreationScreenWidget_C_0] 55.0
[2024.04.02-07.20.26:288][313]LogBlueprintUserMessages: [CreationScreenWidget_C_0] 55.0
[2024.04.02-07.20.26:288][313]LogBlueprintUserMessages: [CreationScreenWidget_C_0] 55.0
[2024.04.02-07.20.26:338][316]LogBlueprintUserMessages: [CreationScreenWidget_C_0] 56.0
[2024.04.02-07.20.26:338][316]LogBlueprintUserMessages: [CreationScreenWidget_C_0] 56.0
[2024.04.02-07.20.26:338][316]LogBlueprintUserMessages: [CreationScreenWidget_C_0] 56.0
[2024.04.02-07.20.26:338][316]LogBlueprintUserMessages: [CreationScreenWidget_C_0] 56.0
[2024.04.02-07.20.26:388][319]LogBlueprintUserMessages: [CreationScreenWidget_C_0] 57.0
[2024.04.02-07.20.26:388][319]LogBlueprintUserMessages: [CreationScreenWidget_C_0] 57.0
[2024.04.02-07.20.26:388][319]LogBlueprintUserMessages: [CreationScreenWidget_C_0] 57.0
[2024.04.02-07.20.26:388][319]LogBlueprintUserMessages: [CreationScreenWidget_C_0] 57.0
[2024.04.02-07.20.26:437][322]LogBlueprintUserMessages: [CreationScreenWidget_C_0] 58.0
[2024.04.02-07.20.26:438][322]LogBlueprintUserMessages: [CreationScreenWidget_C_0] 58.0
[2024.04.02-07.20.26:438][322]LogBlueprintUserMessages: [CreationScreenWidget_C_0] 58.0
[2024.04.02-07.20.26:438][322]LogBlueprintUserMessages: [CreationScreenWidget_C_0] 58.0
[2024.04.02-07.20.26:487][325]LogBlueprintUserMessages: [CreationScreenWidget_C_0] 59.0
[2024.04.02-07.20.26:488][325]LogBlueprintUserMessages: [CreationScreenWidget_C_0] 59.0
[2024.04.02-07.20.26:488][325]LogBlueprintUserMessages: [CreationScreenWidget_C_0] 59.0
[2024.04.02-07.20.26:488][325]LogBlueprintUserMessages: [CreationScreenWidget_C_0] 59.0
[2024.04.02-07.20.26:536][328]LogSlate: Window 'TwoDSSG Preview [NetMode: Standalone]  (64-bit/Windows) ' being destroyed
[2024.04.02-07.20.26:552][328]LogWorld: BeginTearingDown for /Game/GameSystem/Maps/UEDPIE_0_CharacterCreation
[2024.04.02-07.20.26:553][328]LogWorld: UWorld::CleanupWorld for CharacterCreation, bSessionEnded=true, bCleanupResources=true
[2024.04.02-07.20.26:554][328]LogSlate: InvalidateAllWidgets triggered.  All widgets were invalidated
[2024.04.02-07.20.26:567][328]LogPlayLevel: Display: Shutting down PIE online subsystems
[2024.04.02-07.20.26:574][328]LogSlate: InvalidateAllWidgets triggered.  All widgets were invalidated
[2024.04.02-07.20.26:604][328]LogAudioMixer: FMixerPlatformXAudio2::StopAudioStream() called
[2024.04.02-07.20.26:608][328]LogAudioMixer: FMixerPlatformXAudio2::StopAudioStream() called
[2024.04.02-07.20.26:663][328]LogUObjectHash: Compacting FUObjectHashTables data took   3.90ms
[2024.04.02-07.20.26:694][329]LogPlayLevel: Display: Destroying online subsystem :Context_3
[2024.04.02-07.20.30:380][521]LogSlate: Took 0.011828 seconds to synchronously load lazily loaded font '../../../Engine/Content/Slate/Fonts/DroidSansFallback.ttf' (3848K)
[2024.04.02-07.20.42:127][103]LogTemp: Repeating last play command: New Editor Window (PIE)
[2024.04.02-07.20.42:133][103]BlueprintLog: New page: Pre-Play auto-recompile
[2024.04.02-07.20.42:136][103]LogPlayLevel: [PlayLevel] Compiling CreationScreenWidget before play...
[2024.04.02-07.20.42:263][103]LogUObjectHash: Compacting FUObjectHashTables data took   3.45ms
[2024.04.02-07.20.42:264][103]LogPlayLevel: PlayLevel: Blueprint regeneration took 130 ms (1 blueprints)
[2024.04.02-07.20.42:264][103]PIE: New page: PIE session: CharacterCreation (Apr 2, 2024, 1:20:42 PM)
[2024.04.02-07.20.42:268][103]LogPlayLevel: Creating play world package: /Game/GameSystem/Maps/UEDPIE_0_CharacterCreation
[2024.04.02-07.20.42:269][103]LogPlayLevel: PIE: StaticDuplicateObject took: (0.001032s)
[2024.04.02-07.20.42:270][103]LogAIModule: Creating AISystem for world CharacterCreation
[2024.04.02-07.20.42:270][103]LogPlayLevel: PIE: World Init took: (0.001279s)
[2024.04.02-07.20.42:270][103]LogPlayLevel: PIE: Created PIE world by copying editor world from /Game/GameSystem/Maps/CharacterCreation.CharacterCreation to /Game/GameSystem/Maps/UEDPIE_0_CharacterCreation.CharacterCreation (0.002687s)
[2024.04.02-07.20.42:297][103]LogUObjectHash: Compacting FUObjectHashTables data took   2.09ms
[2024.04.02-07.20.42:298][103]LogAudio: Display: Creating Audio Device:                 Id: 3, Scope: Unique, Realtime: True
[2024.04.02-07.20.42:299][103]LogAudioMixer: Display: Audio Mixer Platform Settings:
[2024.04.02-07.20.42:299][103]LogAudioMixer: Display: 	Sample Rate:						  48000
[2024.04.02-07.20.42:300][103]LogAudioMixer: Display: 	Callback Buffer Frame Size Requested: 1024
[2024.04.02-07.20.42:300][103]LogAudioMixer: Display: 	Callback Buffer Frame Size To Use:	  1024
[2024.04.02-07.20.42:300][103]LogAudioMixer: Display: 	Number of buffers to queue:			  2
[2024.04.02-07.20.42:301][103]LogAudioMixer: Display: 	Max Channels (voices):				  32
[2024.04.02-07.20.42:301][103]LogAudioMixer: Display: 	Number of Async Source Workers:		  0
[2024.04.02-07.20.42:301][103]LogAudio: Display: AudioDevice MaxSources: 32
[2024.04.02-07.20.42:302][103]LogAudio: Display: Audio Spatialization Plugin: None (built-in).
[2024.04.02-07.20.42:302][103]LogAudio: Display: Audio Reverb Plugin: None (built-in).
[2024.04.02-07.20.42:303][103]LogAudio: Display: Audio Occlusion Plugin: None (built-in).
[2024.04.02-07.20.42:303][103]LogAudioMixer: Display: Initializing audio mixer.
[2024.04.02-07.20.42:306][103]LogAudioMixer: Display: 0: FrontLeft
[2024.04.02-07.20.42:307][103]LogAudioMixer: Display: 1: FrontRight
[2024.04.02-07.20.42:351][103]LogAudioMixer: Display: Using Audio Device Speakers (Realtek(R) Audio)
[2024.04.02-07.20.42:353][103]LogAudioMixer: Display: Initializing Sound Submixes...
[2024.04.02-07.20.42:353][103]LogAudioMixer: Display: Creating Master Submix 'MasterSubmixDefault'
[2024.04.02-07.20.42:354][103]LogAudioMixer: Display: Creating Master Submix 'MasterReverbSubmixDefault'
[2024.04.02-07.20.42:355][103]LogAudioMixer: Display: Creating Master Submix 'MasterEQSubmixDefault'
[2024.04.02-07.20.42:356][103]LogAudioMixer: FMixerPlatformXAudio2::StartAudioStream() called
[2024.04.02-07.20.42:356][103]LogAudioMixer: Display: Output buffers initialized: Frames=1024, Channels=2, Samples=2048
[2024.04.02-07.20.42:360][103]LogAudioMixer: Display: Starting AudioMixerPlatformInterface::RunInternal()
[2024.04.02-07.20.42:361][103]LogAudioMixer: Display: FMixerPlatformXAudio2::SubmitBuffer() called for the first time
[2024.04.02-07.20.42:361][103]LogInit: FAudioDevice initialized.
[2024.04.02-07.20.42:362][103]LogAudio: Display: Audio Device (ID: 3) registered with world 'CharacterCreation'.
[2024.04.02-07.20.42:363][103]LogInit: Loading Cursor '../../../../Users/Sagi/Documents/GitHub/TwoDSSG/Content/Slate/MouseDefault.png'.
[2024.04.02-07.20.42:364][103]LogInit: Loading Cursor '../../../../Users/Sagi/Documents/GitHub/TwoDSSG/Content/Slate/ClickedMouse3.png'.
[2024.04.02-07.20.42:365][103]LogInit: Loading Cursor '../../../../Users/Sagi/Documents/GitHub/TwoDSSG/Content/Slate/ClickedMouse1.png'.
[2024.04.02-07.20.42:367][103]LogInit: Loading Cursor '../../../../Users/Sagi/Documents/GitHub/TwoDSSG/Content/Slate/ClickedMouse2.png'.
[2024.04.02-07.20.42:424][103]LogSlate: Updating window title bar state: overlay mode, drag disabled, window buttons hidden, title bar hidden
[2024.04.02-07.20.42:427][103]LogLoad: Game class is 'BP_Login_GM_C'
[2024.04.02-07.20.42:432][103]LogWorld: Bringing World /Game/GameSystem/Maps/UEDPIE_0_CharacterCreation.CharacterCreation up for play (max tick rate 60) at 2024.04.02-10.20.42
[2024.04.02-07.20.42:433][103]LogWorld: Bringing up level for play took: 0.001710
[2024.04.02-07.20.42:434][103]LogOnline: OSS: Creating online subsystem instance for: :Context_4
[2024.04.02-07.20.42:448][103]LogBlueprintUserMessages: [selectionScreenCharacter_bp_C_0] valid in bp
[2024.04.02-07.20.42:454][103]PIE: Server logged in
[2024.04.02-07.20.42:457][103]PIE: Play in editor total start time 0.324 seconds.
[2024.04.02-07.20.42:540][104]LogBlueprintUserMessages: [CreationScreenWidget_C_0] 1.0
[2024.04.02-07.20.42:541][104]LogBlueprintUserMessages: [CreationScreenWidget_C_0] 1.0
[2024.04.02-07.20.42:542][104]LogBlueprintUserMessages: [CreationScreenWidget_C_0] 1.0
[2024.04.02-07.20.42:542][104]LogBlueprintUserMessages: [CreationScreenWidget_C_0] 1.0
[2024.04.02-07.20.42:542][104]LogBlueprintUserMessages: [CreationScreenWidget_C_0] 2.0
[2024.04.02-07.20.42:543][104]LogBlueprintUserMessages: [CreationScreenWidget_C_0] 2.0
[2024.04.02-07.20.42:543][104]LogBlueprintUserMessages: [CreationScreenWidget_C_0] 2.0
[2024.04.02-07.20.42:543][104]LogBlueprintUserMessages: [CreationScreenWidget_C_0] 2.0
[2024.04.02-07.20.42:544][104]LogBlueprintUserMessages: [CreationScreenWidget_C_0] 3.0
[2024.04.02-07.20.42:544][104]LogBlueprintUserMessages: [CreationScreenWidget_C_0] 3.0
[2024.04.02-07.20.42:545][104]LogBlueprintUserMessages: [CreationScreenWidget_C_0] 3.0
[2024.04.02-07.20.42:545][104]LogBlueprintUserMessages: [CreationScreenWidget_C_0] 3.0
[2024.04.02-07.20.42:546][104]LogBlueprintUserMessages: [CreationScreenWidget_C_0] 4.0
[2024.04.02-07.20.42:546][104]LogBlueprintUserMessages: [CreationScreenWidget_C_0] 4.0
[2024.04.02-07.20.42:546][104]LogBlueprintUserMessages: [CreationScreenWidget_C_0] 4.0
[2024.04.02-07.20.42:547][104]LogBlueprintUserMessages: [CreationScreenWidget_C_0] 4.0
[2024.04.02-07.20.42:547][104]LogBlueprintUserMessages: [CreationScreenWidget_C_0] 5.0
[2024.04.02-07.20.42:548][104]LogBlueprintUserMessages: [CreationScreenWidget_C_0] 5.0
[2024.04.02-07.20.42:548][104]LogBlueprintUserMessages: [CreationScreenWidget_C_0] 5.0
[2024.04.02-07.20.42:548][104]LogBlueprintUserMessages: [CreationScreenWidget_C_0] 5.0
[2024.04.02-07.20.42:549][104]LogBlueprintUserMessages: [CreationScreenWidget_C_0] 6.0
[2024.04.02-07.20.42:549][104]LogBlueprintUserMessages: [CreationScreenWidget_C_0] 6.0
[2024.04.02-07.20.42:550][104]LogBlueprintUserMessages: [CreationScreenWidget_C_0] 6.0
[2024.04.02-07.20.42:550][104]LogBlueprintUserMessages: [CreationScreenWidget_C_0] 6.0
[2024.04.02-07.20.42:551][104]LogBlueprintUserMessages: [CreationScreenWidget_C_0] 7.0
[2024.04.02-07.20.42:551][104]LogBlueprintUserMessages: [CreationScreenWidget_C_0] 7.0
[2024.04.02-07.20.42:551][104]LogBlueprintUserMessages: [CreationScreenWidget_C_0] 7.0
[2024.04.02-07.20.42:552][104]LogBlueprintUserMessages: [CreationScreenWidget_C_0] 7.0
[2024.04.02-07.20.42:592][105]LogBlueprintUserMessages: [CreationScreenWidget_C_0] 8.0
[2024.04.02-07.20.42:592][105]LogBlueprintUserMessages: [CreationScreenWidget_C_0] 8.0
[2024.04.02-07.20.42:592][105]LogBlueprintUserMessages: [CreationScreenWidget_C_0] 8.0
[2024.04.02-07.20.42:592][105]LogBlueprintUserMessages: [CreationScreenWidget_C_0] 8.0
[2024.04.02-07.20.42:593][105]LogBlueprintUserMessages: [CreationScreenWidget_C_0] 9.0
[2024.04.02-07.20.42:594][105]LogBlueprintUserMessages: [CreationScreenWidget_C_0] 9.0
[2024.04.02-07.20.42:594][105]LogBlueprintUserMessages: [CreationScreenWidget_C_0] 9.0
[2024.04.02-07.20.42:595][105]LogBlueprintUserMessages: [CreationScreenWidget_C_0] 9.0
[2024.04.02-07.20.42:652][107]LogBlueprintUserMessages: [CreationScreenWidget_C_0] 10.0
[2024.04.02-07.20.42:652][107]LogBlueprintUserMessages: [CreationScreenWidget_C_0] 10.0
[2024.04.02-07.20.42:652][107]LogBlueprintUserMessages: [CreationScreenWidget_C_0] 10.0
[2024.04.02-07.20.42:652][107]LogBlueprintUserMessages: [CreationScreenWidget_C_0] 10.0
[2024.04.02-07.20.42:714][108]LogBlueprintUserMessages: [CreationScreenWidget_C_0] 11.0
[2024.04.02-07.20.42:715][108]LogBlueprintUserMessages: [CreationScreenWidget_C_0] 11.0
[2024.04.02-07.20.42:715][108]LogBlueprintUserMessages: [CreationScreenWidget_C_0] 11.0
[2024.04.02-07.20.42:715][108]LogBlueprintUserMessages: [CreationScreenWidget_C_0] 11.0
[2024.04.02-07.20.42:758][109]LogBlueprintUserMessages: [CreationScreenWidget_C_0] 12.0
[2024.04.02-07.20.42:758][109]LogBlueprintUserMessages: [CreationScreenWidget_C_0] 12.0
[2024.04.02-07.20.42:758][109]LogBlueprintUserMessages: [CreationScreenWidget_C_0] 12.0
[2024.04.02-07.20.42:758][109]LogBlueprintUserMessages: [CreationScreenWidget_C_0] 12.0
[2024.04.02-07.20.42:814][110]LogBlueprintUserMessages: [CreationScreenWidget_C_0] 13.0
[2024.04.02-07.20.42:814][110]LogBlueprintUserMessages: [CreationScreenWidget_C_0] 13.0
[2024.04.02-07.20.42:814][110]LogBlueprintUserMessages: [CreationScreenWidget_C_0] 13.0
[2024.04.02-07.20.42:814][110]LogBlueprintUserMessages: [CreationScreenWidget_C_0] 13.0
[2024.04.02-07.20.42:830][111]LogBlueprintUserMessages: [CreationScreenWidget_C_0] 14.0
[2024.04.02-07.20.42:830][111]LogBlueprintUserMessages: [CreationScreenWidget_C_0] 14.0
[2024.04.02-07.20.42:830][111]LogBlueprintUserMessages: [CreationScreenWidget_C_0] 14.0
[2024.04.02-07.20.42:830][111]LogBlueprintUserMessages: [CreationScreenWidget_C_0] 14.0
[2024.04.02-07.20.42:891][114]LogBlueprintUserMessages: [CreationScreenWidget_C_0] 15.0
[2024.04.02-07.20.42:891][114]LogBlueprintUserMessages: [CreationScreenWidget_C_0] 15.0
[2024.04.02-07.20.42:892][114]LogBlueprintUserMessages: [CreationScreenWidget_C_0] 15.0
[2024.04.02-07.20.42:892][114]LogBlueprintUserMessages: [CreationScreenWidget_C_0] 15.0
[2024.04.02-07.20.42:933][116]LogBlueprintUserMessages: [CreationScreenWidget_C_0] 16.0
[2024.04.02-07.20.42:933][116]LogBlueprintUserMessages: [CreationScreenWidget_C_0] 16.0
[2024.04.02-07.20.42:933][116]LogBlueprintUserMessages: [CreationScreenWidget_C_0] 16.0
[2024.04.02-07.20.42:934][116]LogBlueprintUserMessages: [CreationScreenWidget_C_0] 16.0
[2024.04.02-07.20.43:002][118]LogBlueprintUserMessages: [CreationScreenWidget_C_0] 17.0
[2024.04.02-07.20.43:002][118]LogBlueprintUserMessages: [CreationScreenWidget_C_0] 17.0
[2024.04.02-07.20.43:002][118]LogBlueprintUserMessages: [CreationScreenWidget_C_0] 17.0
[2024.04.02-07.20.43:003][118]LogBlueprintUserMessages: [CreationScreenWidget_C_0] 17.0
[2024.04.02-07.20.43:035][119]LogBlueprintUserMessages: [CreationScreenWidget_C_0] 18.0
[2024.04.02-07.20.43:036][119]LogBlueprintUserMessages: [CreationScreenWidget_C_0] 18.0
[2024.04.02-07.20.43:036][119]LogBlueprintUserMessages: [CreationScreenWidget_C_0] 18.0
[2024.04.02-07.20.43:036][119]LogBlueprintUserMessages: [CreationScreenWidget_C_0] 18.0
[2024.04.02-07.20.43:106][121]LogBlueprintUserMessages: [CreationScreenWidget_C_0] 19.0
[2024.04.02-07.20.43:106][121]LogBlueprintUserMessages: [CreationScreenWidget_C_0] 19.0
[2024.04.02-07.20.43:107][121]LogBlueprintUserMessages: [CreationScreenWidget_C_0] 19.0
[2024.04.02-07.20.43:107][121]LogBlueprintUserMessages: [CreationScreenWidget_C_0] 19.0
[2024.04.02-07.20.43:136][122]LogBlueprintUserMessages: [CreationScreenWidget_C_0] 20.0
[2024.04.02-07.20.43:136][122]LogBlueprintUserMessages: [CreationScreenWidget_C_0] 20.0
[2024.04.02-07.20.43:136][122]LogBlueprintUserMessages: [CreationScreenWidget_C_0] 20.0
[2024.04.02-07.20.43:136][122]LogBlueprintUserMessages: [CreationScreenWidget_C_0] 20.0
[2024.04.02-07.20.43:201][124]LogBlueprintUserMessages: [CreationScreenWidget_C_0] 21.0
[2024.04.02-07.20.43:201][124]LogBlueprintUserMessages: [CreationScreenWidget_C_0] 21.0
[2024.04.02-07.20.43:202][124]LogBlueprintUserMessages: [CreationScreenWidget_C_0] 21.0
[2024.04.02-07.20.43:202][124]LogBlueprintUserMessages: [CreationScreenWidget_C_0] 21.0
[2024.04.02-07.20.43:238][125]LogBlueprintUserMessages: [CreationScreenWidget_C_0] 22.0
[2024.04.02-07.20.43:239][125]LogBlueprintUserMessages: [CreationScreenWidget_C_0] 22.0
[2024.04.02-07.20.43:239][125]LogBlueprintUserMessages: [CreationScreenWidget_C_0] 22.0
[2024.04.02-07.20.43:239][125]LogBlueprintUserMessages: [CreationScreenWidget_C_0] 22.0
[2024.04.02-07.20.43:301][127]LogBlueprintUserMessages: [CreationScreenWidget_C_0] 23.0
[2024.04.02-07.20.43:302][127]LogBlueprintUserMessages: [CreationScreenWidget_C_0] 23.0
[2024.04.02-07.20.43:303][127]LogBlueprintUserMessages: [CreationScreenWidget_C_0] 23.0
[2024.04.02-07.20.43:303][127]LogBlueprintUserMessages: [CreationScreenWidget_C_0] 23.0
[2024.04.02-07.20.43:336][128]LogBlueprintUserMessages: [CreationScreenWidget_C_0] 24.0
[2024.04.02-07.20.43:336][128]LogBlueprintUserMessages: [CreationScreenWidget_C_0] 24.0
[2024.04.02-07.20.43:337][128]LogBlueprintUserMessages: [CreationScreenWidget_C_0] 24.0
[2024.04.02-07.20.43:337][128]LogBlueprintUserMessages: [CreationScreenWidget_C_0] 24.0
[2024.04.02-07.20.43:398][130]LogBlueprintUserMessages: [CreationScreenWidget_C_0] 25.0
[2024.04.02-07.20.43:399][130]LogBlueprintUserMessages: [CreationScreenWidget_C_0] 25.0
[2024.04.02-07.20.43:399][130]LogBlueprintUserMessages: [CreationScreenWidget_C_0] 25.0
[2024.04.02-07.20.43:399][130]LogBlueprintUserMessages: [CreationScreenWidget_C_0] 25.0
[2024.04.02-07.20.43:449][132]LogBlueprintUserMessages: [CreationScreenWidget_C_0] 26.0
[2024.04.02-07.20.43:449][132]LogBlueprintUserMessages: [CreationScreenWidget_C_0] 26.0
[2024.04.02-07.20.43:449][132]LogBlueprintUserMessages: [CreationScreenWidget_C_0] 26.0
[2024.04.02-07.20.43:449][132]LogBlueprintUserMessages: [CreationScreenWidget_C_0] 26.0
[2024.04.02-07.20.43:499][134]LogBlueprintUserMessages: [CreationScreenWidget_C_0] 27.0
[2024.04.02-07.20.43:501][134]LogBlueprintUserMessages: [CreationScreenWidget_C_0] 27.0
[2024.04.02-07.20.43:501][134]LogBlueprintUserMessages: [CreationScreenWidget_C_0] 27.0
[2024.04.02-07.20.43:501][134]LogBlueprintUserMessages: [CreationScreenWidget_C_0] 27.0
[2024.04.02-07.20.43:535][135]LogBlueprintUserMessages: [CreationScreenWidget_C_0] 28.0
[2024.04.02-07.20.43:535][135]LogBlueprintUserMessages: [CreationScreenWidget_C_0] 28.0
[2024.04.02-07.20.43:535][135]LogBlueprintUserMessages: [CreationScreenWidget_C_0] 28.0
[2024.04.02-07.20.43:536][135]LogBlueprintUserMessages: [CreationScreenWidget_C_0] 28.0
[2024.04.02-07.20.43:553][136]LogAWSCore: VeryVerbose: [UnrealLogSystem::::LogStream] event-loop [1832] id=0000014506D3D400: running scheduled tasks.

[2024.04.02-07.20.43:553][136]LogAWSCore: VeryVerbose: [UnrealLogSystem::::LogStream] event-loop [12712] id=0000014506D3C5F0: running scheduled tasks.

[2024.04.02-07.20.43:553][136]LogAWSCore: VeryVerbose: [UnrealLogSystem::::LogStream] event-loop [16956] id=0000014506D3D2C0: running scheduled tasks.

[2024.04.02-07.20.43:553][136]LogAWSCore: VeryVerbose: [UnrealLogSystem::::LogStream] event-loop [27244] id=0000014506D3D720: running scheduled tasks.

[2024.04.02-07.20.43:554][136]LogAWSCore: VeryVerbose: [UnrealLogSystem::::LogStream] event-loop [1832] id=0000014506D3D400: no more scheduled tasks using default timeout.

[2024.04.02-07.20.43:554][136]LogAWSCore: VeryVerbose: [UnrealLogSystem::::LogStream] event-loop [1832] id=0000014506D3D400: waiting for a maximum of 100000 ms

[2024.04.02-07.20.43:555][136]LogAWSCore: VeryVerbose: [UnrealLogSystem::::LogStream] event-loop [28592] id=0000014506D3D7C0: running scheduled tasks.

[2024.04.02-07.20.43:555][136]LogAWSCore: VeryVerbose: [UnrealLogSystem::::LogStream] event-loop [28592] id=0000014506D3D7C0: no more scheduled tasks using default timeout.

[2024.04.02-07.20.43:555][136]LogAWSCore: VeryVerbose: [UnrealLogSystem::::LogStream] event-loop [28592] id=0000014506D3D7C0: waiting for a maximum of 100000 ms

[2024.04.02-07.20.43:555][136]LogAWSCore: VeryVerbose: [UnrealLogSystem::::LogStream] event-loop [6116] id=0000014506D3BF60: running scheduled tasks.

[2024.04.02-07.20.43:555][136]LogAWSCore: VeryVerbose: [UnrealLogSystem::::LogStream] event-loop [6116] id=0000014506D3BF60: no more scheduled tasks using default timeout.

[2024.04.02-07.20.43:555][136]LogAWSCore: VeryVerbose: [UnrealLogSystem::::LogStream] event-loop [6116] id=0000014506D3BF60: waiting for a maximum of 100000 ms

[2024.04.02-07.20.43:555][136]LogAWSCore: VeryVerbose: [UnrealLogSystem::::LogStream] event-loop [14064] id=0000014506D3CD20: running scheduled tasks.

[2024.04.02-07.20.43:555][136]LogAWSCore: VeryVerbose: [UnrealLogSystem::::LogStream] event-loop [14064] id=0000014506D3CD20: no more scheduled tasks using default timeout.

[2024.04.02-07.20.43:555][136]LogAWSCore: VeryVerbose: [UnrealLogSystem::::LogStream] event-loop [14064] id=0000014506D3CD20: waiting for a maximum of 100000 ms

[2024.04.02-07.20.43:555][136]LogAWSCore: VeryVerbose: [UnrealLogSystem::::LogStream] event-loop [4580] id=0000014506D3BF10: running scheduled tasks.

[2024.04.02-07.20.43:555][136]LogAWSCore: VeryVerbose: [UnrealLogSystem::::LogStream] event-loop [4580] id=0000014506D3BF10: no more scheduled tasks using default timeout.

[2024.04.02-07.20.43:555][136]LogAWSCore: VeryVerbose: [UnrealLogSystem::::LogStream] event-loop [4580] id=0000014506D3BF10: waiting for a maximum of 100000 ms

[2024.04.02-07.20.43:556][136]LogAWSCore: VeryVerbose: [UnrealLogSystem::::LogStream] event-loop [27244] id=0000014506D3D720: no more scheduled tasks using default timeout.

[2024.04.02-07.20.43:556][136]LogAWSCore: VeryVerbose: [UnrealLogSystem::::LogStream] event-loop [27244] id=0000014506D3D720: waiting for a maximum of 100000 ms

[2024.04.02-07.20.43:556][136]LogAWSCore: VeryVerbose: [UnrealLogSystem::::LogStream] event-loop [16956] id=0000014506D3D2C0: no more scheduled tasks using default timeout.

[2024.04.02-07.20.43:556][136]LogAWSCore: VeryVerbose: [UnrealLogSystem::::LogStream] event-loop [16956] id=0000014506D3D2C0: waiting for a maximum of 100000 ms

[2024.04.02-07.20.43:556][136]LogAWSCore: VeryVerbose: [UnrealLogSystem::::LogStream] event-loop [12712] id=0000014506D3C5F0: no more scheduled tasks using default timeout.

[2024.04.02-07.20.43:556][136]LogAWSCore: VeryVerbose: [UnrealLogSystem::::LogStream] event-loop [12712] id=0000014506D3C5F0: waiting for a maximum of 100000 ms

[2024.04.02-07.20.43:598][137]LogBlueprintUserMessages: [CreationScreenWidget_C_0] 29.0
[2024.04.02-07.20.43:599][137]LogBlueprintUserMessages: [CreationScreenWidget_C_0] 29.0
[2024.04.02-07.20.43:599][137]LogBlueprintUserMessages: [CreationScreenWidget_C_0] 29.0
[2024.04.02-07.20.43:599][137]LogBlueprintUserMessages: [CreationScreenWidget_C_0] 29.0
[2024.04.02-07.20.43:630][138]LogBlueprintUserMessages: [CreationScreenWidget_C_0] 30.0
[2024.04.02-07.20.43:631][138]LogBlueprintUserMessages: [CreationScreenWidget_C_0] 30.0
[2024.04.02-07.20.43:631][138]LogBlueprintUserMessages: [CreationScreenWidget_C_0] 30.0
[2024.04.02-07.20.43:631][138]LogBlueprintUserMessages: [CreationScreenWidget_C_0] 30.0
[2024.04.02-07.20.43:705][141]LogBlueprintUserMessages: [CreationScreenWidget_C_0] 31.0
[2024.04.02-07.20.43:705][141]LogBlueprintUserMessages: [CreationScreenWidget_C_0] 31.0
[2024.04.02-07.20.43:705][141]LogBlueprintUserMessages: [CreationScreenWidget_C_0] 31.0
[2024.04.02-07.20.43:705][141]LogBlueprintUserMessages: [CreationScreenWidget_C_0] 31.0
[2024.04.02-07.20.43:731][142]LogBlueprintUserMessages: [CreationScreenWidget_C_0] 32.0
[2024.04.02-07.20.43:731][142]LogBlueprintUserMessages: [CreationScreenWidget_C_0] 32.0
[2024.04.02-07.20.43:732][142]LogBlueprintUserMessages: [CreationScreenWidget_C_0] 32.0
[2024.04.02-07.20.43:732][142]LogBlueprintUserMessages: [CreationScreenWidget_C_0] 32.0
[2024.04.02-07.20.43:781][144]LogBlueprintUserMessages: [CreationScreenWidget_C_0] 33.0
[2024.04.02-07.20.43:781][144]LogBlueprintUserMessages: [CreationScreenWidget_C_0] 33.0
[2024.04.02-07.20.43:781][144]LogBlueprintUserMessages: [CreationScreenWidget_C_0] 33.0
[2024.04.02-07.20.43:781][144]LogBlueprintUserMessages: [CreationScreenWidget_C_0] 33.0
[2024.04.02-07.20.43:853][147]LogBlueprintUserMessages: [CreationScreenWidget_C_0] 34.0
[2024.04.02-07.20.43:853][147]LogBlueprintUserMessages: [CreationScreenWidget_C_0] 34.0
[2024.04.02-07.20.43:853][147]LogBlueprintUserMessages: [CreationScreenWidget_C_0] 34.0
[2024.04.02-07.20.43:853][147]LogBlueprintUserMessages: [CreationScreenWidget_C_0] 34.0
[2024.04.02-07.20.43:883][148]LogBlueprintUserMessages: [CreationScreenWidget_C_0] 35.0
[2024.04.02-07.20.43:884][148]LogBlueprintUserMessages: [CreationScreenWidget_C_0] 35.0
[2024.04.02-07.20.43:884][148]LogBlueprintUserMessages: [CreationScreenWidget_C_0] 35.0
[2024.04.02-07.20.43:884][148]LogBlueprintUserMessages: [CreationScreenWidget_C_0] 35.0
[2024.04.02-07.20.43:939][150]LogBlueprintUserMessages: [CreationScreenWidget_C_0] 36.0
[2024.04.02-07.20.43:940][150]LogBlueprintUserMessages: [CreationScreenWidget_C_0] 36.0
[2024.04.02-07.20.43:940][150]LogBlueprintUserMessages: [CreationScreenWidget_C_0] 36.0
[2024.04.02-07.20.43:940][150]LogBlueprintUserMessages: [CreationScreenWidget_C_0] 36.0
[2024.04.02-07.20.43:990][152]LogBlueprintUserMessages: [CreationScreenWidget_C_0] 37.0
[2024.04.02-07.20.43:990][152]LogBlueprintUserMessages: [CreationScreenWidget_C_0] 37.0
[2024.04.02-07.20.43:991][152]LogBlueprintUserMessages: [CreationScreenWidget_C_0] 37.0
[2024.04.02-07.20.43:991][152]LogBlueprintUserMessages: [CreationScreenWidget_C_0] 37.0
[2024.04.02-07.20.44:050][154]LogBlueprintUserMessages: [CreationScreenWidget_C_0] 38.0
[2024.04.02-07.20.44:050][154]LogBlueprintUserMessages: [CreationScreenWidget_C_0] 38.0
[2024.04.02-07.20.44:050][154]LogBlueprintUserMessages: [CreationScreenWidget_C_0] 38.0
[2024.04.02-07.20.44:050][154]LogBlueprintUserMessages: [CreationScreenWidget_C_0] 38.0
[2024.04.02-07.20.44:083][155]LogBlueprintUserMessages: [CreationScreenWidget_C_0] 39.0
[2024.04.02-07.20.44:083][155]LogBlueprintUserMessages: [CreationScreenWidget_C_0] 39.0
[2024.04.02-07.20.44:084][155]LogBlueprintUserMessages: [CreationScreenWidget_C_0] 39.0
[2024.04.02-07.20.44:084][155]LogBlueprintUserMessages: [CreationScreenWidget_C_0] 39.0
[2024.04.02-07.20.44:148][157]LogBlueprintUserMessages: [CreationScreenWidget_C_0] 40.0
[2024.04.02-07.20.44:148][157]LogBlueprintUserMessages: [CreationScreenWidget_C_0] 40.0
[2024.04.02-07.20.44:148][157]LogBlueprintUserMessages: [CreationScreenWidget_C_0] 40.0
[2024.04.02-07.20.44:149][157]LogBlueprintUserMessages: [CreationScreenWidget_C_0] 40.0
[2024.04.02-07.20.44:179][158]LogBlueprintUserMessages: [CreationScreenWidget_C_0] 41.0
[2024.04.02-07.20.44:179][158]LogBlueprintUserMessages: [CreationScreenWidget_C_0] 41.0
[2024.04.02-07.20.44:179][158]LogBlueprintUserMessages: [CreationScreenWidget_C_0] 41.0
[2024.04.02-07.20.44:179][158]LogBlueprintUserMessages: [CreationScreenWidget_C_0] 41.0
[2024.04.02-07.20.44:231][160]LogBlueprintUserMessages: [CreationScreenWidget_C_0] 42.0
[2024.04.02-07.20.44:231][160]LogBlueprintUserMessages: [CreationScreenWidget_C_0] 42.0
[2024.04.02-07.20.44:232][160]LogBlueprintUserMessages: [CreationScreenWidget_C_0] 42.0
[2024.04.02-07.20.44:232][160]LogBlueprintUserMessages: [CreationScreenWidget_C_0] 42.0
[2024.04.02-07.20.44:302][162]LogBlueprintUserMessages: [CreationScreenWidget_C_0] 43.0
[2024.04.02-07.20.44:302][162]LogBlueprintUserMessages: [CreationScreenWidget_C_0] 43.0
[2024.04.02-07.20.44:302][162]LogBlueprintUserMessages: [CreationScreenWidget_C_0] 43.0
[2024.04.02-07.20.44:302][162]LogBlueprintUserMessages: [CreationScreenWidget_C_0] 43.0
[2024.04.02-07.20.44:334][163]LogBlueprintUserMessages: [CreationScreenWidget_C_0] 44.0
[2024.04.02-07.20.44:334][163]LogBlueprintUserMessages: [CreationScreenWidget_C_0] 44.0
[2024.04.02-07.20.44:334][163]LogBlueprintUserMessages: [CreationScreenWidget_C_0] 44.0
[2024.04.02-07.20.44:334][163]LogBlueprintUserMessages: [CreationScreenWidget_C_0] 44.0
[2024.04.02-07.20.44:388][165]LogBlueprintUserMessages: [CreationScreenWidget_C_0] 45.0
[2024.04.02-07.20.44:388][165]LogBlueprintUserMessages: [CreationScreenWidget_C_0] 45.0
[2024.04.02-07.20.44:388][165]LogBlueprintUserMessages: [CreationScreenWidget_C_0] 45.0
[2024.04.02-07.20.44:388][165]LogBlueprintUserMessages: [CreationScreenWidget_C_0] 45.0
[2024.04.02-07.20.44:435][167]LogBlueprintUserMessages: [CreationScreenWidget_C_0] 46.0
[2024.04.02-07.20.44:435][167]LogBlueprintUserMessages: [CreationScreenWidget_C_0] 46.0
[2024.04.02-07.20.44:435][167]LogBlueprintUserMessages: [CreationScreenWidget_C_0] 46.0
[2024.04.02-07.20.44:435][167]LogBlueprintUserMessages: [CreationScreenWidget_C_0] 46.0
[2024.04.02-07.20.44:503][169]LogBlueprintUserMessages: [CreationScreenWidget_C_0] 47.0
[2024.04.02-07.20.44:503][169]LogBlueprintUserMessages: [CreationScreenWidget_C_0] 47.0
[2024.04.02-07.20.44:504][169]LogBlueprintUserMessages: [CreationScreenWidget_C_0] 47.0
[2024.04.02-07.20.44:504][169]LogBlueprintUserMessages: [CreationScreenWidget_C_0] 47.0
[2024.04.02-07.20.44:535][170]LogBlueprintUserMessages: [CreationScreenWidget_C_0] 48.0
[2024.04.02-07.20.44:535][170]LogBlueprintUserMessages: [CreationScreenWidget_C_0] 48.0
[2024.04.02-07.20.44:535][170]LogBlueprintUserMessages: [CreationScreenWidget_C_0] 48.0
[2024.04.02-07.20.44:535][170]LogBlueprintUserMessages: [CreationScreenWidget_C_0] 48.0
[2024.04.02-07.20.44:600][172]LogBlueprintUserMessages: [CreationScreenWidget_C_0] 49.0
[2024.04.02-07.20.44:601][172]LogBlueprintUserMessages: [CreationScreenWidget_C_0] 49.0
[2024.04.02-07.20.44:601][172]LogBlueprintUserMessages: [CreationScreenWidget_C_0] 49.0
[2024.04.02-07.20.44:601][172]LogBlueprintUserMessages: [CreationScreenWidget_C_0] 49.0
[2024.04.02-07.20.44:632][173]LogBlueprintUserMessages: [CreationScreenWidget_C_0] 50.0
[2024.04.02-07.20.44:633][173]LogBlueprintUserMessages: [CreationScreenWidget_C_0] 50.0
[2024.04.02-07.20.44:633][173]LogBlueprintUserMessages: [CreationScreenWidget_C_0] 50.0
[2024.04.02-07.20.44:633][173]LogBlueprintUserMessages: [CreationScreenWidget_C_0] 50.0
[2024.04.02-07.20.44:681][175]LogBlueprintUserMessages: [CreationScreenWidget_C_0] 51.0
[2024.04.02-07.20.44:682][175]LogBlueprintUserMessages: [CreationScreenWidget_C_0] 51.0
[2024.04.02-07.20.44:682][175]LogBlueprintUserMessages: [CreationScreenWidget_C_0] 51.0
[2024.04.02-07.20.44:682][175]LogBlueprintUserMessages: [CreationScreenWidget_C_0] 51.0
[2024.04.02-07.20.44:734][177]LogBlueprintUserMessages: [CreationScreenWidget_C_0] 52.0
[2024.04.02-07.20.44:735][177]LogBlueprintUserMessages: [CreationScreenWidget_C_0] 52.0
[2024.04.02-07.20.44:735][177]LogBlueprintUserMessages: [CreationScreenWidget_C_0] 52.0
[2024.04.02-07.20.44:735][177]LogBlueprintUserMessages: [CreationScreenWidget_C_0] 52.0
[2024.04.02-07.20.44:800][179]LogBlueprintUserMessages: [CreationScreenWidget_C_0] 53.0
[2024.04.02-07.20.44:800][179]LogBlueprintUserMessages: [CreationScreenWidget_C_0] 53.0
[2024.04.02-07.20.44:800][179]LogBlueprintUserMessages: [CreationScreenWidget_C_0] 53.0
[2024.04.02-07.20.44:800][179]LogBlueprintUserMessages: [CreationScreenWidget_C_0] 53.0
[2024.04.02-07.20.44:831][180]LogBlueprintUserMessages: [CreationScreenWidget_C_0] 54.0
[2024.04.02-07.20.44:831][180]LogBlueprintUserMessages: [CreationScreenWidget_C_0] 54.0
[2024.04.02-07.20.44:831][180]LogBlueprintUserMessages: [CreationScreenWidget_C_0] 54.0
[2024.04.02-07.20.44:831][180]LogBlueprintUserMessages: [CreationScreenWidget_C_0] 54.0
[2024.04.02-07.20.44:885][182]LogBlueprintUserMessages: [CreationScreenWidget_C_0] 55.0
[2024.04.02-07.20.44:885][182]LogBlueprintUserMessages: [CreationScreenWidget_C_0] 55.0
[2024.04.02-07.20.44:886][182]LogBlueprintUserMessages: [CreationScreenWidget_C_0] 55.0
[2024.04.02-07.20.44:886][182]LogBlueprintUserMessages: [CreationScreenWidget_C_0] 55.0
[2024.04.02-07.20.44:949][185]LogBlueprintUserMessages: [CreationScreenWidget_C_0] 56.0
[2024.04.02-07.20.44:949][185]LogBlueprintUserMessages: [CreationScreenWidget_C_0] 56.0
[2024.04.02-07.20.44:949][185]LogBlueprintUserMessages: [CreationScreenWidget_C_0] 56.0
[2024.04.02-07.20.44:949][185]LogBlueprintUserMessages: [CreationScreenWidget_C_0] 56.0
[2024.04.02-07.20.44:984][186]LogBlueprintUserMessages: [CreationScreenWidget_C_0] 57.0
[2024.04.02-07.20.44:984][186]LogBlueprintUserMessages: [CreationScreenWidget_C_0] 57.0
[2024.04.02-07.20.44:984][186]LogBlueprintUserMessages: [CreationScreenWidget_C_0] 57.0
[2024.04.02-07.20.44:984][186]LogBlueprintUserMessages: [CreationScreenWidget_C_0] 57.0
[2024.04.02-07.20.45:050][188]LogBlueprintUserMessages: [CreationScreenWidget_C_0] 58.0
[2024.04.02-07.20.45:050][188]LogBlueprintUserMessages: [CreationScreenWidget_C_0] 58.0
[2024.04.02-07.20.45:050][188]LogBlueprintUserMessages: [CreationScreenWidget_C_0] 58.0
[2024.04.02-07.20.45:050][188]LogBlueprintUserMessages: [CreationScreenWidget_C_0] 58.0
[2024.04.02-07.20.45:081][189]LogBlueprintUserMessages: [CreationScreenWidget_C_0] 59.0
[2024.04.02-07.20.45:082][189]LogBlueprintUserMessages: [CreationScreenWidget_C_0] 59.0
[2024.04.02-07.20.45:082][189]LogBlueprintUserMessages: [CreationScreenWidget_C_0] 59.0
[2024.04.02-07.20.45:082][189]LogBlueprintUserMessages: [CreationScreenWidget_C_0] 59.0
[2024.04.02-07.20.45:137][191]LogBlueprintUserMessages: [CreationScreenWidget_C_0] 60.0
[2024.04.02-07.20.45:137][191]LogBlueprintUserMessages: [CreationScreenWidget_C_0] 60.0
[2024.04.02-07.20.45:137][191]LogBlueprintUserMessages: [CreationScreenWidget_C_0] 60.0
[2024.04.02-07.20.45:137][191]LogBlueprintUserMessages: [CreationScreenWidget_C_0] 60.0
[2024.04.02-07.20.45:198][193]LogBlueprintUserMessages: [CreationScreenWidget_C_0] 61.0
[2024.04.02-07.20.45:199][193]LogBlueprintUserMessages: [CreationScreenWidget_C_0] 61.0
[2024.04.02-07.20.45:199][193]LogBlueprintUserMessages: [CreationScreenWidget_C_0] 61.0
[2024.04.02-07.20.45:199][193]LogBlueprintUserMessages: [CreationScreenWidget_C_0] 61.0
[2024.04.02-07.20.45:240][195]LogBlueprintUserMessages: [CreationScreenWidget_C_0] 62.0
[2024.04.02-07.20.45:241][195]LogBlueprintUserMessages: [CreationScreenWidget_C_0] 62.0
[2024.04.02-07.20.45:241][195]LogBlueprintUserMessages: [CreationScreenWidget_C_0] 62.0
[2024.04.02-07.20.45:241][195]LogBlueprintUserMessages: [CreationScreenWidget_C_0] 62.0
[2024.04.02-07.20.45:283][197]LogBlueprintUserMessages: [CreationScreenWidget_C_0] 63.0
[2024.04.02-07.20.45:284][197]LogBlueprintUserMessages: [CreationScreenWidget_C_0] 63.0
[2024.04.02-07.20.45:284][197]LogBlueprintUserMessages: [CreationScreenWidget_C_0] 63.0
[2024.04.02-07.20.45:284][197]LogBlueprintUserMessages: [CreationScreenWidget_C_0] 63.0
[2024.04.02-07.20.45:347][199]LogBlueprintUserMessages: [CreationScreenWidget_C_0] 64.0
[2024.04.02-07.20.45:348][199]LogBlueprintUserMessages: [CreationScreenWidget_C_0] 64.0
[2024.04.02-07.20.45:348][199]LogBlueprintUserMessages: [CreationScreenWidget_C_0] 64.0
[2024.04.02-07.20.45:348][199]LogBlueprintUserMessages: [CreationScreenWidget_C_0] 64.0
[2024.04.02-07.20.45:395][201]LogBlueprintUserMessages: [CreationScreenWidget_C_0] 65.0
[2024.04.02-07.20.45:395][201]LogBlueprintUserMessages: [CreationScreenWidget_C_0] 65.0
[2024.04.02-07.20.45:395][201]LogBlueprintUserMessages: [CreationScreenWidget_C_0] 65.0
[2024.04.02-07.20.45:395][201]LogBlueprintUserMessages: [CreationScreenWidget_C_0] 65.0
[2024.04.02-07.20.45:453][203]LogBlueprintUserMessages: [CreationScreenWidget_C_0] 66.0
[2024.04.02-07.20.45:454][203]LogBlueprintUserMessages: [CreationScreenWidget_C_0] 66.0
[2024.04.02-07.20.45:454][203]LogBlueprintUserMessages: [CreationScreenWidget_C_0] 66.0
[2024.04.02-07.20.45:454][203]LogBlueprintUserMessages: [CreationScreenWidget_C_0] 66.0
[2024.04.02-07.20.45:485][204]LogBlueprintUserMessages: [CreationScreenWidget_C_0] 67.0
[2024.04.02-07.20.45:486][204]LogBlueprintUserMessages: [CreationScreenWidget_C_0] 67.0
[2024.04.02-07.20.45:486][204]LogBlueprintUserMessages: [CreationScreenWidget_C_0] 67.0
[2024.04.02-07.20.45:486][204]LogBlueprintUserMessages: [CreationScreenWidget_C_0] 67.0
[2024.04.02-07.20.45:550][206]LogBlueprintUserMessages: [CreationScreenWidget_C_0] 68.0
[2024.04.02-07.20.45:552][206]LogBlueprintUserMessages: [CreationScreenWidget_C_0] 68.0
[2024.04.02-07.20.45:552][206]LogBlueprintUserMessages: [CreationScreenWidget_C_0] 68.0
[2024.04.02-07.20.45:552][206]LogBlueprintUserMessages: [CreationScreenWidget_C_0] 68.0
[2024.04.02-07.20.45:585][207]LogBlueprintUserMessages: [CreationScreenWidget_C_0] 69.0
[2024.04.02-07.20.45:585][207]LogBlueprintUserMessages: [CreationScreenWidget_C_0] 69.0
[2024.04.02-07.20.45:585][207]LogBlueprintUserMessages: [CreationScreenWidget_C_0] 69.0
[2024.04.02-07.20.45:585][207]LogBlueprintUserMessages: [CreationScreenWidget_C_0] 69.0
[2024.04.02-07.20.45:647][209]LogBlueprintUserMessages: [CreationScreenWidget_C_0] 70.0
[2024.04.02-07.20.45:648][209]LogBlueprintUserMessages: [CreationScreenWidget_C_0] 70.0
[2024.04.02-07.20.45:648][209]LogBlueprintUserMessages: [CreationScreenWidget_C_0] 70.0
[2024.04.02-07.20.45:648][209]LogBlueprintUserMessages: [CreationScreenWidget_C_0] 70.0
[2024.04.02-07.20.45:690][211]LogBlueprintUserMessages: [CreationScreenWidget_C_0] 71.0
[2024.04.02-07.20.45:690][211]LogBlueprintUserMessages: [CreationScreenWidget_C_0] 71.0
[2024.04.02-07.20.45:690][211]LogBlueprintUserMessages: [CreationScreenWidget_C_0] 71.0
[2024.04.02-07.20.45:690][211]LogBlueprintUserMessages: [CreationScreenWidget_C_0] 71.0
[2024.04.02-07.20.45:761][213]LogBlueprintUserMessages: [CreationScreenWidget_C_0] 72.0
[2024.04.02-07.20.45:761][213]LogBlueprintUserMessages: [CreationScreenWidget_C_0] 72.0
[2024.04.02-07.20.45:762][213]LogBlueprintUserMessages: [CreationScreenWidget_C_0] 72.0
[2024.04.02-07.20.45:762][213]LogBlueprintUserMessages: [CreationScreenWidget_C_0] 72.0
[2024.04.02-07.20.45:786][214]LogBlueprintUserMessages: [CreationScreenWidget_C_0] 73.0
[2024.04.02-07.20.45:786][214]LogBlueprintUserMessages: [CreationScreenWidget_C_0] 73.0
[2024.04.02-07.20.45:786][214]LogBlueprintUserMessages: [CreationScreenWidget_C_0] 73.0
[2024.04.02-07.20.45:787][214]LogBlueprintUserMessages: [CreationScreenWidget_C_0] 73.0
[2024.04.02-07.20.45:848][216]LogBlueprintUserMessages: [CreationScreenWidget_C_0] 74.0
[2024.04.02-07.20.45:848][216]LogBlueprintUserMessages: [CreationScreenWidget_C_0] 74.0
[2024.04.02-07.20.45:848][216]LogBlueprintUserMessages: [CreationScreenWidget_C_0] 74.0
[2024.04.02-07.20.45:848][216]LogBlueprintUserMessages: [CreationScreenWidget_C_0] 74.0
[2024.04.02-07.20.45:887][218]LogBlueprintUserMessages: [CreationScreenWidget_C_0] 75.0
[2024.04.02-07.20.45:887][218]LogBlueprintUserMessages: [CreationScreenWidget_C_0] 75.0
[2024.04.02-07.20.45:887][218]LogBlueprintUserMessages: [CreationScreenWidget_C_0] 75.0
[2024.04.02-07.20.45:887][218]LogBlueprintUserMessages: [CreationScreenWidget_C_0] 75.0
[2024.04.02-07.20.45:949][220]LogBlueprintUserMessages: [CreationScreenWidget_C_0] 76.0
[2024.04.02-07.20.45:949][220]LogBlueprintUserMessages: [CreationScreenWidget_C_0] 76.0
[2024.04.02-07.20.45:949][220]LogBlueprintUserMessages: [CreationScreenWidget_C_0] 76.0
[2024.04.02-07.20.45:949][220]LogBlueprintUserMessages: [CreationScreenWidget_C_0] 76.0
[2024.04.02-07.20.45:981][221]LogBlueprintUserMessages: [CreationScreenWidget_C_0] 77.0
[2024.04.02-07.20.45:981][221]LogBlueprintUserMessages: [CreationScreenWidget_C_0] 77.0
[2024.04.02-07.20.45:981][221]LogBlueprintUserMessages: [CreationScreenWidget_C_0] 77.0
[2024.04.02-07.20.45:981][221]LogBlueprintUserMessages: [CreationScreenWidget_C_0] 77.0
[2024.04.02-07.20.46:048][223]LogBlueprintUserMessages: [CreationScreenWidget_C_0] 78.0
[2024.04.02-07.20.46:048][223]LogBlueprintUserMessages: [CreationScreenWidget_C_0] 78.0
[2024.04.02-07.20.46:048][223]LogBlueprintUserMessages: [CreationScreenWidget_C_0] 78.0
[2024.04.02-07.20.46:048][223]LogBlueprintUserMessages: [CreationScreenWidget_C_0] 78.0
[2024.04.02-07.20.46:097][225]LogBlueprintUserMessages: [CreationScreenWidget_C_0] 79.0
[2024.04.02-07.20.46:098][225]LogBlueprintUserMessages: [CreationScreenWidget_C_0] 79.0
[2024.04.02-07.20.46:098][225]LogBlueprintUserMessages: [CreationScreenWidget_C_0] 79.0
[2024.04.02-07.20.46:098][225]LogBlueprintUserMessages: [CreationScreenWidget_C_0] 79.0
[2024.04.02-07.20.46:152][227]LogBlueprintUserMessages: [CreationScreenWidget_C_0] 80.0
[2024.04.02-07.20.46:152][227]LogBlueprintUserMessages: [CreationScreenWidget_C_0] 80.0
[2024.04.02-07.20.46:152][227]LogBlueprintUserMessages: [CreationScreenWidget_C_0] 80.0
[2024.04.02-07.20.46:152][227]LogBlueprintUserMessages: [CreationScreenWidget_C_0] 80.0
[2024.04.02-07.20.46:186][228]LogBlueprintUserMessages: [CreationScreenWidget_C_0] 1.0
[2024.04.02-07.20.46:187][228]LogBlueprintUserMessages: [CreationScreenWidget_C_0] 1.0
[2024.04.02-07.20.46:187][228]LogBlueprintUserMessages: [CreationScreenWidget_C_0] 1.0
[2024.04.02-07.20.46:187][228]LogBlueprintUserMessages: [CreationScreenWidget_C_0] 1.0
[2024.04.02-07.20.46:237][230]LogBlueprintUserMessages: [CreationScreenWidget_C_0] 2.0
[2024.04.02-07.20.46:238][230]LogBlueprintUserMessages: [CreationScreenWidget_C_0] 2.0
[2024.04.02-07.20.46:238][230]LogBlueprintUserMessages: [CreationScreenWidget_C_0] 2.0
[2024.04.02-07.20.46:238][230]LogBlueprintUserMessages: [CreationScreenWidget_C_0] 2.0
[2024.04.02-07.20.46:301][232]LogBlueprintUserMessages: [CreationScreenWidget_C_0] 3.0
[2024.04.02-07.20.46:302][232]LogBlueprintUserMessages: [CreationScreenWidget_C_0] 3.0
[2024.04.02-07.20.46:302][232]LogBlueprintUserMessages: [CreationScreenWidget_C_0] 3.0
[2024.04.02-07.20.46:302][232]LogBlueprintUserMessages: [CreationScreenWidget_C_0] 3.0
[2024.04.02-07.20.46:335][233]LogBlueprintUserMessages: [CreationScreenWidget_C_0] 4.0
[2024.04.02-07.20.46:335][233]LogBlueprintUserMessages: [CreationScreenWidget_C_0] 4.0
[2024.04.02-07.20.46:335][233]LogBlueprintUserMessages: [CreationScreenWidget_C_0] 4.0
[2024.04.02-07.20.46:335][233]LogBlueprintUserMessages: [CreationScreenWidget_C_0] 4.0
[2024.04.02-07.20.46:387][235]LogBlueprintUserMessages: [CreationScreenWidget_C_0] 5.0
[2024.04.02-07.20.46:388][235]LogBlueprintUserMessages: [CreationScreenWidget_C_0] 5.0
[2024.04.02-07.20.46:388][235]LogBlueprintUserMessages: [CreationScreenWidget_C_0] 5.0
[2024.04.02-07.20.46:388][235]LogBlueprintUserMessages: [CreationScreenWidget_C_0] 5.0
[2024.04.02-07.20.46:434][237]LogBlueprintUserMessages: [CreationScreenWidget_C_0] 6.0
[2024.04.02-07.20.46:434][237]LogBlueprintUserMessages: [CreationScreenWidget_C_0] 6.0
[2024.04.02-07.20.46:434][237]LogBlueprintUserMessages: [CreationScreenWidget_C_0] 6.0
[2024.04.02-07.20.46:434][237]LogBlueprintUserMessages: [CreationScreenWidget_C_0] 6.0
[2024.04.02-07.20.46:502][239]LogBlueprintUserMessages: [CreationScreenWidget_C_0] 7.0
[2024.04.02-07.20.46:502][239]LogBlueprintUserMessages: [CreationScreenWidget_C_0] 7.0
[2024.04.02-07.20.46:502][239]LogBlueprintUserMessages: [CreationScreenWidget_C_0] 7.0
[2024.04.02-07.20.46:502][239]LogBlueprintUserMessages: [CreationScreenWidget_C_0] 7.0
[2024.04.02-07.20.46:533][240]LogBlueprintUserMessages: [CreationScreenWidget_C_0] 8.0
[2024.04.02-07.20.46:533][240]LogBlueprintUserMessages: [CreationScreenWidget_C_0] 8.0
[2024.04.02-07.20.46:533][240]LogBlueprintUserMessages: [CreationScreenWidget_C_0] 8.0
[2024.04.02-07.20.46:533][240]LogBlueprintUserMessages: [CreationScreenWidget_C_0] 8.0
[2024.04.02-07.20.46:597][242]LogBlueprintUserMessages: [CreationScreenWidget_C_0] 9.0
[2024.04.02-07.20.46:598][242]LogBlueprintUserMessages: [CreationScreenWidget_C_0] 9.0
[2024.04.02-07.20.46:598][242]LogBlueprintUserMessages: [CreationScreenWidget_C_0] 9.0
[2024.04.02-07.20.46:598][242]LogBlueprintUserMessages: [CreationScreenWidget_C_0] 9.0
[2024.04.02-07.20.46:627][243]LogBlueprintUserMessages: [CreationScreenWidget_C_0] 10.0
[2024.04.02-07.20.46:628][243]LogBlueprintUserMessages: [CreationScreenWidget_C_0] 10.0
[2024.04.02-07.20.46:628][243]LogBlueprintUserMessages: [CreationScreenWidget_C_0] 10.0
[2024.04.02-07.20.46:628][243]LogBlueprintUserMessages: [CreationScreenWidget_C_0] 10.0
[2024.04.02-07.20.46:681][245]LogBlueprintUserMessages: [CreationScreenWidget_C_0] 11.0
[2024.04.02-07.20.46:682][245]LogBlueprintUserMessages: [CreationScreenWidget_C_0] 11.0
[2024.04.02-07.20.46:682][245]LogBlueprintUserMessages: [CreationScreenWidget_C_0] 11.0
[2024.04.02-07.20.46:682][245]LogBlueprintUserMessages: [CreationScreenWidget_C_0] 11.0
[2024.04.02-07.20.46:748][247]LogBlueprintUserMessages: [CreationScreenWidget_C_0] 12.0
[2024.04.02-07.20.46:749][247]LogBlueprintUserMessages: [CreationScreenWidget_C_0] 12.0
[2024.04.02-07.20.46:749][247]LogBlueprintUserMessages: [CreationScreenWidget_C_0] 12.0
[2024.04.02-07.20.46:749][247]LogBlueprintUserMessages: [CreationScreenWidget_C_0] 12.0
[2024.04.02-07.20.46:782][248]LogBlueprintUserMessages: [CreationScreenWidget_C_0] 13.0
[2024.04.02-07.20.46:782][248]LogBlueprintUserMessages: [CreationScreenWidget_C_0] 13.0
[2024.04.02-07.20.46:782][248]LogBlueprintUserMessages: [CreationScreenWidget_C_0] 13.0
[2024.04.02-07.20.46:782][248]LogBlueprintUserMessages: [CreationScreenWidget_C_0] 13.0
[2024.04.02-07.20.46:847][250]LogBlueprintUserMessages: [CreationScreenWidget_C_0] 14.0
[2024.04.02-07.20.46:847][250]LogBlueprintUserMessages: [CreationScreenWidget_C_0] 14.0
[2024.04.02-07.20.46:848][250]LogBlueprintUserMessages: [CreationScreenWidget_C_0] 14.0
[2024.04.02-07.20.46:848][250]LogBlueprintUserMessages: [CreationScreenWidget_C_0] 14.0
[2024.04.02-07.20.46:887][252]LogBlueprintUserMessages: [CreationScreenWidget_C_0] 15.0
[2024.04.02-07.20.46:888][252]LogBlueprintUserMessages: [CreationScreenWidget_C_0] 15.0
[2024.04.02-07.20.46:888][252]LogBlueprintUserMessages: [CreationScreenWidget_C_0] 15.0
[2024.04.02-07.20.46:888][252]LogBlueprintUserMessages: [CreationScreenWidget_C_0] 15.0
[2024.04.02-07.20.46:951][254]LogBlueprintUserMessages: [CreationScreenWidget_C_0] 16.0
[2024.04.02-07.20.46:951][254]LogBlueprintUserMessages: [CreationScreenWidget_C_0] 16.0
[2024.04.02-07.20.46:951][254]LogBlueprintUserMessages: [CreationScreenWidget_C_0] 16.0
[2024.04.02-07.20.46:952][254]LogBlueprintUserMessages: [CreationScreenWidget_C_0] 16.0
[2024.04.02-07.20.46:984][255]LogBlueprintUserMessages: [CreationScreenWidget_C_0] 17.0
[2024.04.02-07.20.46:984][255]LogBlueprintUserMessages: [CreationScreenWidget_C_0] 17.0
[2024.04.02-07.20.46:984][255]LogBlueprintUserMessages: [CreationScreenWidget_C_0] 17.0
[2024.04.02-07.20.46:984][255]LogBlueprintUserMessages: [CreationScreenWidget_C_0] 17.0
[2024.04.02-07.20.47:051][257]LogBlueprintUserMessages: [CreationScreenWidget_C_0] 18.0
[2024.04.02-07.20.47:051][257]LogBlueprintUserMessages: [CreationScreenWidget_C_0] 18.0
[2024.04.02-07.20.47:052][257]LogBlueprintUserMessages: [CreationScreenWidget_C_0] 18.0
[2024.04.02-07.20.47:052][257]LogBlueprintUserMessages: [CreationScreenWidget_C_0] 18.0
[2024.04.02-07.20.47:084][258]LogBlueprintUserMessages: [CreationScreenWidget_C_0] 19.0
[2024.04.02-07.20.47:085][258]LogBlueprintUserMessages: [CreationScreenWidget_C_0] 19.0
[2024.04.02-07.20.47:085][258]LogBlueprintUserMessages: [CreationScreenWidget_C_0] 19.0
[2024.04.02-07.20.47:085][258]LogBlueprintUserMessages: [CreationScreenWidget_C_0] 19.0
[2024.04.02-07.20.47:147][260]LogBlueprintUserMessages: [CreationScreenWidget_C_0] 20.0
[2024.04.02-07.20.47:148][260]LogBlueprintUserMessages: [CreationScreenWidget_C_0] 20.0
[2024.04.02-07.20.47:148][260]LogBlueprintUserMessages: [CreationScreenWidget_C_0] 20.0
[2024.04.02-07.20.47:148][260]LogBlueprintUserMessages: [CreationScreenWidget_C_0] 20.0
[2024.04.02-07.20.47:177][261]LogBlueprintUserMessages: [CreationScreenWidget_C_0] 21.0
[2024.04.02-07.20.47:179][261]LogBlueprintUserMessages: [CreationScreenWidget_C_0] 21.0
[2024.04.02-07.20.47:179][261]LogBlueprintUserMessages: [CreationScreenWidget_C_0] 21.0
[2024.04.02-07.20.47:179][261]LogBlueprintUserMessages: [CreationScreenWidget_C_0] 21.0
[2024.04.02-07.20.47:237][263]LogBlueprintUserMessages: [CreationScreenWidget_C_0] 22.0
[2024.04.02-07.20.47:237][263]LogBlueprintUserMessages: [CreationScreenWidget_C_0] 22.0
[2024.04.02-07.20.47:237][263]LogBlueprintUserMessages: [CreationScreenWidget_C_0] 22.0
[2024.04.02-07.20.47:237][263]LogBlueprintUserMessages: [CreationScreenWidget_C_0] 22.0
[2024.04.02-07.20.47:283][265]LogBlueprintUserMessages: [CreationScreenWidget_C_0] 23.0
[2024.04.02-07.20.47:283][265]LogBlueprintUserMessages: [CreationScreenWidget_C_0] 23.0
[2024.04.02-07.20.47:283][265]LogBlueprintUserMessages: [CreationScreenWidget_C_0] 23.0
[2024.04.02-07.20.47:284][265]LogBlueprintUserMessages: [CreationScreenWidget_C_0] 23.0
[2024.04.02-07.20.47:348][267]LogBlueprintUserMessages: [CreationScreenWidget_C_0] 24.0
[2024.04.02-07.20.47:348][267]LogBlueprintUserMessages: [CreationScreenWidget_C_0] 24.0
[2024.04.02-07.20.47:348][267]LogBlueprintUserMessages: [CreationScreenWidget_C_0] 24.0
[2024.04.02-07.20.47:348][267]LogBlueprintUserMessages: [CreationScreenWidget_C_0] 24.0
[2024.04.02-07.20.47:398][269]LogBlueprintUserMessages: [CreationScreenWidget_C_0] 25.0
[2024.04.02-07.20.47:399][269]LogBlueprintUserMessages: [CreationScreenWidget_C_0] 25.0
[2024.04.02-07.20.47:399][269]LogBlueprintUserMessages: [CreationScreenWidget_C_0] 25.0
[2024.04.02-07.20.47:399][269]LogBlueprintUserMessages: [CreationScreenWidget_C_0] 25.0
[2024.04.02-07.20.47:440][271]LogBlueprintUserMessages: [CreationScreenWidget_C_0] 26.0
[2024.04.02-07.20.47:440][271]LogBlueprintUserMessages: [CreationScreenWidget_C_0] 26.0
[2024.04.02-07.20.47:440][271]LogBlueprintUserMessages: [CreationScreenWidget_C_0] 26.0
[2024.04.02-07.20.47:441][271]LogBlueprintUserMessages: [CreationScreenWidget_C_0] 26.0
[2024.04.02-07.20.47:503][273]LogBlueprintUserMessages: [CreationScreenWidget_C_0] 27.0
[2024.04.02-07.20.47:503][273]LogBlueprintUserMessages: [CreationScreenWidget_C_0] 27.0
[2024.04.02-07.20.47:503][273]LogBlueprintUserMessages: [CreationScreenWidget_C_0] 27.0
[2024.04.02-07.20.47:503][273]LogBlueprintUserMessages: [CreationScreenWidget_C_0] 27.0
[2024.04.02-07.20.47:536][274]LogBlueprintUserMessages: [CreationScreenWidget_C_0] 28.0
[2024.04.02-07.20.47:536][274]LogBlueprintUserMessages: [CreationScreenWidget_C_0] 28.0
[2024.04.02-07.20.47:536][274]LogBlueprintUserMessages: [CreationScreenWidget_C_0] 28.0
[2024.04.02-07.20.47:536][274]LogBlueprintUserMessages: [CreationScreenWidget_C_0] 28.0
[2024.04.02-07.20.47:600][276]LogBlueprintUserMessages: [CreationScreenWidget_C_0] 29.0
[2024.04.02-07.20.47:600][276]LogBlueprintUserMessages: [CreationScreenWidget_C_0] 29.0
[2024.04.02-07.20.47:600][276]LogBlueprintUserMessages: [CreationScreenWidget_C_0] 29.0
[2024.04.02-07.20.47:601][276]LogBlueprintUserMessages: [CreationScreenWidget_C_0] 29.0
[2024.04.02-07.20.47:630][277]LogBlueprintUserMessages: [CreationScreenWidget_C_0] 30.0
[2024.04.02-07.20.47:630][277]LogBlueprintUserMessages: [CreationScreenWidget_C_0] 30.0
[2024.04.02-07.20.47:630][277]LogBlueprintUserMessages: [CreationScreenWidget_C_0] 30.0
[2024.04.02-07.20.47:630][277]LogBlueprintUserMessages: [CreationScreenWidget_C_0] 30.0
[2024.04.02-07.20.47:687][279]LogBlueprintUserMessages: [CreationScreenWidget_C_0] 31.0
[2024.04.02-07.20.47:687][279]LogBlueprintUserMessages: [CreationScreenWidget_C_0] 31.0
[2024.04.02-07.20.47:687][279]LogBlueprintUserMessages: [CreationScreenWidget_C_0] 31.0
[2024.04.02-07.20.47:687][279]LogBlueprintUserMessages: [CreationScreenWidget_C_0] 31.0
[2024.04.02-07.20.47:751][281]LogBlueprintUserMessages: [CreationScreenWidget_C_0] 32.0
[2024.04.02-07.20.47:751][281]LogBlueprintUserMessages: [CreationScreenWidget_C_0] 32.0
[2024.04.02-07.20.47:751][281]LogBlueprintUserMessages: [CreationScreenWidget_C_0] 32.0
[2024.04.02-07.20.47:751][281]LogBlueprintUserMessages: [CreationScreenWidget_C_0] 32.0
[2024.04.02-07.20.47:783][282]LogBlueprintUserMessages: [CreationScreenWidget_C_0] 33.0
[2024.04.02-07.20.47:784][282]LogBlueprintUserMessages: [CreationScreenWidget_C_0] 33.0
[2024.04.02-07.20.47:784][282]LogBlueprintUserMessages: [CreationScreenWidget_C_0] 33.0
[2024.04.02-07.20.47:785][282]LogBlueprintUserMessages: [CreationScreenWidget_C_0] 33.0
[2024.04.02-07.20.47:850][284]LogBlueprintUserMessages: [CreationScreenWidget_C_0] 34.0
[2024.04.02-07.20.47:850][284]LogBlueprintUserMessages: [CreationScreenWidget_C_0] 34.0
[2024.04.02-07.20.47:850][284]LogBlueprintUserMessages: [CreationScreenWidget_C_0] 34.0
[2024.04.02-07.20.47:851][284]LogBlueprintUserMessages: [CreationScreenWidget_C_0] 34.0
[2024.04.02-07.20.47:881][285]LogBlueprintUserMessages: [CreationScreenWidget_C_0] 35.0
[2024.04.02-07.20.47:881][285]LogBlueprintUserMessages: [CreationScreenWidget_C_0] 35.0
[2024.04.02-07.20.47:882][285]LogBlueprintUserMessages: [CreationScreenWidget_C_0] 35.0
[2024.04.02-07.20.47:882][285]LogBlueprintUserMessages: [CreationScreenWidget_C_0] 35.0
[2024.04.02-07.20.47:931][287]LogBlueprintUserMessages: [CreationScreenWidget_C_0] 36.0
[2024.04.02-07.20.47:931][287]LogBlueprintUserMessages: [CreationScreenWidget_C_0] 36.0
[2024.04.02-07.20.47:931][287]LogBlueprintUserMessages: [CreationScreenWidget_C_0] 36.0
[2024.04.02-07.20.47:931][287]LogBlueprintUserMessages: [CreationScreenWidget_C_0] 36.0
[2024.04.02-07.20.47:980][289]LogBlueprintUserMessages: [CreationScreenWidget_C_0] 37.0
[2024.04.02-07.20.47:981][289]LogBlueprintUserMessages: [CreationScreenWidget_C_0] 37.0
[2024.04.02-07.20.47:981][289]LogBlueprintUserMessages: [CreationScreenWidget_C_0] 37.0
[2024.04.02-07.20.47:981][289]LogBlueprintUserMessages: [CreationScreenWidget_C_0] 37.0
[2024.04.02-07.20.48:032][291]LogBlueprintUserMessages: [CreationScreenWidget_C_0] 38.0
[2024.04.02-07.20.48:032][291]LogBlueprintUserMessages: [CreationScreenWidget_C_0] 38.0
[2024.04.02-07.20.48:032][291]LogBlueprintUserMessages: [CreationScreenWidget_C_0] 38.0
[2024.04.02-07.20.48:033][291]LogBlueprintUserMessages: [CreationScreenWidget_C_0] 38.0
[2024.04.02-07.20.48:100][293]LogBlueprintUserMessages: [CreationScreenWidget_C_0] 39.0
[2024.04.02-07.20.48:100][293]LogBlueprintUserMessages: [CreationScreenWidget_C_0] 39.0
[2024.04.02-07.20.48:101][293]LogBlueprintUserMessages: [CreationScreenWidget_C_0] 39.0
[2024.04.02-07.20.48:101][293]LogBlueprintUserMessages: [CreationScreenWidget_C_0] 39.0
[2024.04.02-07.20.48:131][294]LogBlueprintUserMessages: [CreationScreenWidget_C_0] 40.0
[2024.04.02-07.20.48:132][294]LogBlueprintUserMessages: [CreationScreenWidget_C_0] 40.0
[2024.04.02-07.20.48:132][294]LogBlueprintUserMessages: [CreationScreenWidget_C_0] 40.0
[2024.04.02-07.20.48:132][294]LogBlueprintUserMessages: [CreationScreenWidget_C_0] 40.0
[2024.04.02-07.20.48:181][296]LogBlueprintUserMessages: [CreationScreenWidget_C_0] 41.0
[2024.04.02-07.20.48:181][296]LogBlueprintUserMessages: [CreationScreenWidget_C_0] 41.0
[2024.04.02-07.20.48:182][296]LogBlueprintUserMessages: [CreationScreenWidget_C_0] 41.0
[2024.04.02-07.20.48:182][296]LogBlueprintUserMessages: [CreationScreenWidget_C_0] 41.0
[2024.04.02-07.20.48:231][298]LogBlueprintUserMessages: [CreationScreenWidget_C_0] 42.0
[2024.04.02-07.20.48:231][298]LogBlueprintUserMessages: [CreationScreenWidget_C_0] 42.0
[2024.04.02-07.20.48:231][298]LogBlueprintUserMessages: [CreationScreenWidget_C_0] 42.0
[2024.04.02-07.20.48:231][298]LogBlueprintUserMessages: [CreationScreenWidget_C_0] 42.0
[2024.04.02-07.20.48:282][300]LogBlueprintUserMessages: [CreationScreenWidget_C_0] 43.0
[2024.04.02-07.20.48:282][300]LogBlueprintUserMessages: [CreationScreenWidget_C_0] 43.0
[2024.04.02-07.20.48:282][300]LogBlueprintUserMessages: [CreationScreenWidget_C_0] 43.0
[2024.04.02-07.20.48:283][300]LogBlueprintUserMessages: [CreationScreenWidget_C_0] 43.0
[2024.04.02-07.20.48:332][302]LogBlueprintUserMessages: [CreationScreenWidget_C_0] 44.0
[2024.04.02-07.20.48:332][302]LogBlueprintUserMessages: [CreationScreenWidget_C_0] 44.0
[2024.04.02-07.20.48:332][302]LogBlueprintUserMessages: [CreationScreenWidget_C_0] 44.0
[2024.04.02-07.20.48:332][302]LogBlueprintUserMessages: [CreationScreenWidget_C_0] 44.0
[2024.04.02-07.20.48:380][304]LogBlueprintUserMessages: [CreationScreenWidget_C_0] 45.0
[2024.04.02-07.20.48:381][304]LogBlueprintUserMessages: [CreationScreenWidget_C_0] 45.0
[2024.04.02-07.20.48:381][304]LogBlueprintUserMessages: [CreationScreenWidget_C_0] 45.0
[2024.04.02-07.20.48:381][304]LogBlueprintUserMessages: [CreationScreenWidget_C_0] 45.0
[2024.04.02-07.20.48:452][307]LogBlueprintUserMessages: [CreationScreenWidget_C_0] 46.0
[2024.04.02-07.20.48:452][307]LogBlueprintUserMessages: [CreationScreenWidget_C_0] 46.0
[2024.04.02-07.20.48:453][307]LogBlueprintUserMessages: [CreationScreenWidget_C_0] 46.0
[2024.04.02-07.20.48:453][307]LogBlueprintUserMessages: [CreationScreenWidget_C_0] 46.0
[2024.04.02-07.20.48:485][308]LogBlueprintUserMessages: [CreationScreenWidget_C_0] 47.0
[2024.04.02-07.20.48:485][308]LogBlueprintUserMessages: [CreationScreenWidget_C_0] 47.0
[2024.04.02-07.20.48:485][308]LogBlueprintUserMessages: [CreationScreenWidget_C_0] 47.0
[2024.04.02-07.20.48:485][308]LogBlueprintUserMessages: [CreationScreenWidget_C_0] 47.0
[2024.04.02-07.20.48:552][310]LogBlueprintUserMessages: [CreationScreenWidget_C_0] 48.0
[2024.04.02-07.20.48:553][310]LogBlueprintUserMessages: [CreationScreenWidget_C_0] 48.0
[2024.04.02-07.20.48:553][310]LogBlueprintUserMessages: [CreationScreenWidget_C_0] 48.0
[2024.04.02-07.20.48:553][310]LogBlueprintUserMessages: [CreationScreenWidget_C_0] 48.0
[2024.04.02-07.20.48:586][311]LogBlueprintUserMessages: [CreationScreenWidget_C_0] 49.0
[2024.04.02-07.20.48:586][311]LogBlueprintUserMessages: [CreationScreenWidget_C_0] 49.0
[2024.04.02-07.20.48:586][311]LogBlueprintUserMessages: [CreationScreenWidget_C_0] 49.0
[2024.04.02-07.20.48:586][311]LogBlueprintUserMessages: [CreationScreenWidget_C_0] 49.0
[2024.04.02-07.20.48:650][313]LogBlueprintUserMessages: [CreationScreenWidget_C_0] 50.0
[2024.04.02-07.20.48:650][313]LogBlueprintUserMessages: [CreationScreenWidget_C_0] 50.0
[2024.04.02-07.20.48:650][313]LogBlueprintUserMessages: [CreationScreenWidget_C_0] 50.0
[2024.04.02-07.20.48:650][313]LogBlueprintUserMessages: [CreationScreenWidget_C_0] 50.0
[2024.04.02-07.20.48:680][314]LogBlueprintUserMessages: [CreationScreenWidget_C_0] 51.0
[2024.04.02-07.20.48:680][314]LogBlueprintUserMessages: [CreationScreenWidget_C_0] 51.0
[2024.04.02-07.20.48:680][314]LogBlueprintUserMessages: [CreationScreenWidget_C_0] 51.0
[2024.04.02-07.20.48:681][314]LogBlueprintUserMessages: [CreationScreenWidget_C_0] 51.0
[2024.04.02-07.20.48:748][316]LogBlueprintUserMessages: [CreationScreenWidget_C_0] 52.0
[2024.04.02-07.20.48:748][316]LogBlueprintUserMessages: [CreationScreenWidget_C_0] 52.0
[2024.04.02-07.20.48:748][316]LogBlueprintUserMessages: [CreationScreenWidget_C_0] 52.0
[2024.04.02-07.20.48:748][316]LogBlueprintUserMessages: [CreationScreenWidget_C_0] 52.0
[2024.04.02-07.20.48:781][317]LogBlueprintUserMessages: [CreationScreenWidget_C_0] 53.0
[2024.04.02-07.20.48:781][317]LogBlueprintUserMessages: [CreationScreenWidget_C_0] 53.0
[2024.04.02-07.20.48:782][317]LogBlueprintUserMessages: [CreationScreenWidget_C_0] 53.0
[2024.04.02-07.20.48:782][317]LogBlueprintUserMessages: [CreationScreenWidget_C_0] 53.0
[2024.04.02-07.20.48:830][319]LogBlueprintUserMessages: [CreationScreenWidget_C_0] 54.0
[2024.04.02-07.20.48:831][319]LogBlueprintUserMessages: [CreationScreenWidget_C_0] 54.0
[2024.04.02-07.20.48:831][319]LogBlueprintUserMessages: [CreationScreenWidget_C_0] 54.0
[2024.04.02-07.20.48:831][319]LogBlueprintUserMessages: [CreationScreenWidget_C_0] 54.0
[2024.04.02-07.20.48:884][321]LogBlueprintUserMessages: [CreationScreenWidget_C_0] 55.0
[2024.04.02-07.20.48:885][321]LogBlueprintUserMessages: [CreationScreenWidget_C_0] 55.0
[2024.04.02-07.20.48:885][321]LogBlueprintUserMessages: [CreationScreenWidget_C_0] 55.0
[2024.04.02-07.20.48:885][321]LogBlueprintUserMessages: [CreationScreenWidget_C_0] 55.0
[2024.04.02-07.20.48:949][323]LogBlueprintUserMessages: [CreationScreenWidget_C_0] 56.0
[2024.04.02-07.20.48:949][323]LogBlueprintUserMessages: [CreationScreenWidget_C_0] 56.0
[2024.04.02-07.20.48:949][323]LogBlueprintUserMessages: [CreationScreenWidget_C_0] 56.0
[2024.04.02-07.20.48:949][323]LogBlueprintUserMessages: [CreationScreenWidget_C_0] 56.0
[2024.04.02-07.20.48:983][324]LogBlueprintUserMessages: [CreationScreenWidget_C_0] 57.0
[2024.04.02-07.20.48:983][324]LogBlueprintUserMessages: [CreationScreenWidget_C_0] 57.0
[2024.04.02-07.20.48:983][324]LogBlueprintUserMessages: [CreationScreenWidget_C_0] 57.0
[2024.04.02-07.20.48:983][324]LogBlueprintUserMessages: [CreationScreenWidget_C_0] 57.0
[2024.04.02-07.20.49:050][326]LogBlueprintUserMessages: [CreationScreenWidget_C_0] 58.0
[2024.04.02-07.20.49:050][326]LogBlueprintUserMessages: [CreationScreenWidget_C_0] 58.0
[2024.04.02-07.20.49:050][326]LogBlueprintUserMessages: [CreationScreenWidget_C_0] 58.0
[2024.04.02-07.20.49:050][326]LogBlueprintUserMessages: [CreationScreenWidget_C_0] 58.0
[2024.04.02-07.20.49:081][327]LogBlueprintUserMessages: [CreationScreenWidget_C_0] 59.0
[2024.04.02-07.20.49:081][327]LogBlueprintUserMessages: [CreationScreenWidget_C_0] 59.0
[2024.04.02-07.20.49:081][327]LogBlueprintUserMessages: [CreationScreenWidget_C_0] 59.0
[2024.04.02-07.20.49:081][327]LogBlueprintUserMessages: [CreationScreenWidget_C_0] 59.0
[2024.04.02-07.20.49:143][329]LogBlueprintUserMessages: [CreationScreenWidget_C_0] 60.0
[2024.04.02-07.20.49:144][329]LogBlueprintUserMessages: [CreationScreenWidget_C_0] 60.0
[2024.04.02-07.20.49:144][329]LogBlueprintUserMessages: [CreationScreenWidget_C_0] 60.0
[2024.04.02-07.20.49:144][329]LogBlueprintUserMessages: [CreationScreenWidget_C_0] 60.0
[2024.04.02-07.20.49:183][331]LogBlueprintUserMessages: [CreationScreenWidget_C_0] 61.0
[2024.04.02-07.20.49:183][331]LogBlueprintUserMessages: [CreationScreenWidget_C_0] 61.0
[2024.04.02-07.20.49:183][331]LogBlueprintUserMessages: [CreationScreenWidget_C_0] 61.0
[2024.04.02-07.20.49:184][331]LogBlueprintUserMessages: [CreationScreenWidget_C_0] 61.0
[2024.04.02-07.20.49:247][333]LogBlueprintUserMessages: [CreationScreenWidget_C_0] 62.0
[2024.04.02-07.20.49:247][333]LogBlueprintUserMessages: [CreationScreenWidget_C_0] 62.0
[2024.04.02-07.20.49:247][333]LogBlueprintUserMessages: [CreationScreenWidget_C_0] 62.0
[2024.04.02-07.20.49:247][333]LogBlueprintUserMessages: [CreationScreenWidget_C_0] 62.0
[2024.04.02-07.20.49:280][334]LogBlueprintUserMessages: [CreationScreenWidget_C_0] 63.0
[2024.04.02-07.20.49:280][334]LogBlueprintUserMessages: [CreationScreenWidget_C_0] 63.0
[2024.04.02-07.20.49:280][334]LogBlueprintUserMessages: [CreationScreenWidget_C_0] 63.0
[2024.04.02-07.20.49:281][334]LogBlueprintUserMessages: [CreationScreenWidget_C_0] 63.0
[2024.04.02-07.20.49:347][337]LogBlueprintUserMessages: [CreationScreenWidget_C_0] 64.0
[2024.04.02-07.20.49:347][337]LogBlueprintUserMessages: [CreationScreenWidget_C_0] 64.0
[2024.04.02-07.20.49:347][337]LogBlueprintUserMessages: [CreationScreenWidget_C_0] 64.0
[2024.04.02-07.20.49:347][337]LogBlueprintUserMessages: [CreationScreenWidget_C_0] 64.0
[2024.04.02-07.20.49:395][339]LogBlueprintUserMessages: [CreationScreenWidget_C_0] 65.0
[2024.04.02-07.20.49:395][339]LogBlueprintUserMessages: [CreationScreenWidget_C_0] 65.0
[2024.04.02-07.20.49:395][339]LogBlueprintUserMessages: [CreationScreenWidget_C_0] 65.0
[2024.04.02-07.20.49:395][339]LogBlueprintUserMessages: [CreationScreenWidget_C_0] 65.0
[2024.04.02-07.20.49:454][341]LogBlueprintUserMessages: [CreationScreenWidget_C_0] 66.0
[2024.04.02-07.20.49:454][341]LogBlueprintUserMessages: [CreationScreenWidget_C_0] 66.0
[2024.04.02-07.20.49:454][341]LogBlueprintUserMessages: [CreationScreenWidget_C_0] 66.0
[2024.04.02-07.20.49:454][341]LogBlueprintUserMessages: [CreationScreenWidget_C_0] 66.0
[2024.04.02-07.20.49:480][342]LogBlueprintUserMessages: [CreationScreenWidget_C_0] 67.0
[2024.04.02-07.20.49:481][342]LogBlueprintUserMessages: [CreationScreenWidget_C_0] 67.0
[2024.04.02-07.20.49:481][342]LogBlueprintUserMessages: [CreationScreenWidget_C_0] 67.0
[2024.04.02-07.20.49:481][342]LogBlueprintUserMessages: [CreationScreenWidget_C_0] 67.0
[2024.04.02-07.20.49:530][344]LogBlueprintUserMessages: [CreationScreenWidget_C_0] 68.0
[2024.04.02-07.20.49:530][344]LogBlueprintUserMessages: [CreationScreenWidget_C_0] 68.0
[2024.04.02-07.20.49:530][344]LogBlueprintUserMessages: [CreationScreenWidget_C_0] 68.0
[2024.04.02-07.20.49:530][344]LogBlueprintUserMessages: [CreationScreenWidget_C_0] 68.0
[2024.04.02-07.20.49:599][347]LogBlueprintUserMessages: [CreationScreenWidget_C_0] 69.0
[2024.04.02-07.20.49:599][347]LogBlueprintUserMessages: [CreationScreenWidget_C_0] 69.0
[2024.04.02-07.20.49:599][347]LogBlueprintUserMessages: [CreationScreenWidget_C_0] 69.0
[2024.04.02-07.20.49:599][347]LogBlueprintUserMessages: [CreationScreenWidget_C_0] 69.0
[2024.04.02-07.20.49:630][348]LogBlueprintUserMessages: [CreationScreenWidget_C_0] 70.0
[2024.04.02-07.20.49:630][348]LogBlueprintUserMessages: [CreationScreenWidget_C_0] 70.0
[2024.04.02-07.20.49:630][348]LogBlueprintUserMessages: [CreationScreenWidget_C_0] 70.0
[2024.04.02-07.20.49:630][348]LogBlueprintUserMessages: [CreationScreenWidget_C_0] 70.0
[2024.04.02-07.20.49:682][350]LogBlueprintUserMessages: [CreationScreenWidget_C_0] 71.0
[2024.04.02-07.20.49:682][350]LogBlueprintUserMessages: [CreationScreenWidget_C_0] 71.0
[2024.04.02-07.20.49:682][350]LogBlueprintUserMessages: [CreationScreenWidget_C_0] 71.0
[2024.04.02-07.20.49:682][350]LogBlueprintUserMessages: [CreationScreenWidget_C_0] 71.0
[2024.04.02-07.20.49:739][352]LogBlueprintUserMessages: [CreationScreenWidget_C_0] 72.0
[2024.04.02-07.20.49:739][352]LogBlueprintUserMessages: [CreationScreenWidget_C_0] 72.0
[2024.04.02-07.20.49:740][352]LogBlueprintUserMessages: [CreationScreenWidget_C_0] 72.0
[2024.04.02-07.20.49:740][352]LogBlueprintUserMessages: [CreationScreenWidget_C_0] 72.0
[2024.04.02-07.20.49:783][354]LogBlueprintUserMessages: [CreationScreenWidget_C_0] 73.0
[2024.04.02-07.20.49:783][354]LogBlueprintUserMessages: [CreationScreenWidget_C_0] 73.0
[2024.04.02-07.20.49:783][354]LogBlueprintUserMessages: [CreationScreenWidget_C_0] 73.0
[2024.04.02-07.20.49:783][354]LogBlueprintUserMessages: [CreationScreenWidget_C_0] 73.0
[2024.04.02-07.20.49:849][356]LogBlueprintUserMessages: [CreationScreenWidget_C_0] 74.0
[2024.04.02-07.20.49:850][356]LogBlueprintUserMessages: [CreationScreenWidget_C_0] 74.0
[2024.04.02-07.20.49:850][356]LogBlueprintUserMessages: [CreationScreenWidget_C_0] 74.0
[2024.04.02-07.20.49:850][356]LogBlueprintUserMessages: [CreationScreenWidget_C_0] 74.0
[2024.04.02-07.20.49:880][357]LogBlueprintUserMessages: [CreationScreenWidget_C_0] 75.0
[2024.04.02-07.20.49:881][357]LogBlueprintUserMessages: [CreationScreenWidget_C_0] 75.0
[2024.04.02-07.20.49:881][357]LogBlueprintUserMessages: [CreationScreenWidget_C_0] 75.0
[2024.04.02-07.20.49:881][357]LogBlueprintUserMessages: [CreationScreenWidget_C_0] 75.0
[2024.04.02-07.20.49:932][359]LogBlueprintUserMessages: [CreationScreenWidget_C_0] 76.0
[2024.04.02-07.20.49:932][359]LogBlueprintUserMessages: [CreationScreenWidget_C_0] 76.0
[2024.04.02-07.20.49:932][359]LogBlueprintUserMessages: [CreationScreenWidget_C_0] 76.0
[2024.04.02-07.20.49:933][359]LogBlueprintUserMessages: [CreationScreenWidget_C_0] 76.0
[2024.04.02-07.20.49:985][361]LogBlueprintUserMessages: [CreationScreenWidget_C_0] 77.0
[2024.04.02-07.20.49:985][361]LogBlueprintUserMessages: [CreationScreenWidget_C_0] 77.0
[2024.04.02-07.20.49:985][361]LogBlueprintUserMessages: [CreationScreenWidget_C_0] 77.0
[2024.04.02-07.20.49:985][361]LogBlueprintUserMessages: [CreationScreenWidget_C_0] 77.0
[2024.04.02-07.20.50:048][363]LogBlueprintUserMessages: [CreationScreenWidget_C_0] 78.0
[2024.04.02-07.20.50:049][363]LogBlueprintUserMessages: [CreationScreenWidget_C_0] 78.0
[2024.04.02-07.20.50:049][363]LogBlueprintUserMessages: [CreationScreenWidget_C_0] 78.0
[2024.04.02-07.20.50:049][363]LogBlueprintUserMessages: [CreationScreenWidget_C_0] 78.0
[2024.04.02-07.20.50:081][364]LogBlueprintUserMessages: [CreationScreenWidget_C_0] 79.0
[2024.04.02-07.20.50:081][364]LogBlueprintUserMessages: [CreationScreenWidget_C_0] 79.0
[2024.04.02-07.20.50:081][364]LogBlueprintUserMessages: [CreationScreenWidget_C_0] 79.0
[2024.04.02-07.20.50:081][364]LogBlueprintUserMessages: [CreationScreenWidget_C_0] 79.0
[2024.04.02-07.20.50:150][367]LogBlueprintUserMessages: [CreationScreenWidget_C_0] 80.0
[2024.04.02-07.20.50:150][367]LogBlueprintUserMessages: [CreationScreenWidget_C_0] 80.0
[2024.04.02-07.20.50:150][367]LogBlueprintUserMessages: [CreationScreenWidget_C_0] 80.0
[2024.04.02-07.20.50:150][367]LogBlueprintUserMessages: [CreationScreenWidget_C_0] 80.0
[2024.04.02-07.20.50:184][368]LogBlueprintUserMessages: [CreationScreenWidget_C_0] 1.0
[2024.04.02-07.20.50:186][368]LogBlueprintUserMessages: [CreationScreenWidget_C_0] 1.0
[2024.04.02-07.20.50:186][368]LogBlueprintUserMessages: [CreationScreenWidget_C_0] 1.0
[2024.04.02-07.20.50:186][368]LogBlueprintUserMessages: [CreationScreenWidget_C_0] 1.0
[2024.04.02-07.20.50:251][370]LogBlueprintUserMessages: [CreationScreenWidget_C_0] 2.0
[2024.04.02-07.20.50:251][370]LogBlueprintUserMessages: [CreationScreenWidget_C_0] 2.0
[2024.04.02-07.20.50:251][370]LogBlueprintUserMessages: [CreationScreenWidget_C_0] 2.0
[2024.04.02-07.20.50:251][370]LogBlueprintUserMessages: [CreationScreenWidget_C_0] 2.0
[2024.04.02-07.20.50:285][371]LogBlueprintUserMessages: [CreationScreenWidget_C_0] 3.0
[2024.04.02-07.20.50:285][371]LogBlueprintUserMessages: [CreationScreenWidget_C_0] 3.0
[2024.04.02-07.20.50:285][371]LogBlueprintUserMessages: [CreationScreenWidget_C_0] 3.0
[2024.04.02-07.20.50:285][371]LogBlueprintUserMessages: [CreationScreenWidget_C_0] 3.0
[2024.04.02-07.20.50:351][373]LogBlueprintUserMessages: [CreationScreenWidget_C_0] 4.0
[2024.04.02-07.20.50:351][373]LogBlueprintUserMessages: [CreationScreenWidget_C_0] 4.0
[2024.04.02-07.20.50:351][373]LogBlueprintUserMessages: [CreationScreenWidget_C_0] 4.0
[2024.04.02-07.20.50:351][373]LogBlueprintUserMessages: [CreationScreenWidget_C_0] 4.0
[2024.04.02-07.20.50:383][374]LogBlueprintUserMessages: [CreationScreenWidget_C_0] 5.0
[2024.04.02-07.20.50:383][374]LogBlueprintUserMessages: [CreationScreenWidget_C_0] 5.0
[2024.04.02-07.20.50:383][374]LogBlueprintUserMessages: [CreationScreenWidget_C_0] 5.0
[2024.04.02-07.20.50:383][374]LogBlueprintUserMessages: [CreationScreenWidget_C_0] 5.0
[2024.04.02-07.20.50:447][376]LogBlueprintUserMessages: [CreationScreenWidget_C_0] 6.0
[2024.04.02-07.20.50:447][376]LogBlueprintUserMessages: [CreationScreenWidget_C_0] 6.0
[2024.04.02-07.20.50:447][376]LogBlueprintUserMessages: [CreationScreenWidget_C_0] 6.0
[2024.04.02-07.20.50:448][376]LogBlueprintUserMessages: [CreationScreenWidget_C_0] 6.0
[2024.04.02-07.20.50:482][377]LogBlueprintUserMessages: [CreationScreenWidget_C_0] 7.0
[2024.04.02-07.20.50:483][377]LogBlueprintUserMessages: [CreationScreenWidget_C_0] 7.0
[2024.04.02-07.20.50:483][377]LogBlueprintUserMessages: [CreationScreenWidget_C_0] 7.0
[2024.04.02-07.20.50:484][377]LogBlueprintUserMessages: [CreationScreenWidget_C_0] 7.0
[2024.04.02-07.20.50:534][379]LogBlueprintUserMessages: [CreationScreenWidget_C_0] 8.0
[2024.04.02-07.20.50:535][379]LogBlueprintUserMessages: [CreationScreenWidget_C_0] 8.0
[2024.04.02-07.20.50:535][379]LogBlueprintUserMessages: [CreationScreenWidget_C_0] 8.0
[2024.04.02-07.20.50:535][379]LogBlueprintUserMessages: [CreationScreenWidget_C_0] 8.0
[2024.04.02-07.20.50:597][381]LogBlueprintUserMessages: [CreationScreenWidget_C_0] 9.0
[2024.04.02-07.20.50:597][381]LogBlueprintUserMessages: [CreationScreenWidget_C_0] 9.0
[2024.04.02-07.20.50:598][381]LogBlueprintUserMessages: [CreationScreenWidget_C_0] 9.0
[2024.04.02-07.20.50:598][381]LogBlueprintUserMessages: [CreationScreenWidget_C_0] 9.0
[2024.04.02-07.20.50:645][383]LogBlueprintUserMessages: [CreationScreenWidget_C_0] 10.0
[2024.04.02-07.20.50:645][383]LogBlueprintUserMessages: [CreationScreenWidget_C_0] 10.0
[2024.04.02-07.20.50:645][383]LogBlueprintUserMessages: [CreationScreenWidget_C_0] 10.0
[2024.04.02-07.20.50:646][383]LogBlueprintUserMessages: [CreationScreenWidget_C_0] 10.0
[2024.04.02-07.20.50:702][385]LogBlueprintUserMessages: [CreationScreenWidget_C_0] 11.0
[2024.04.02-07.20.50:702][385]LogBlueprintUserMessages: [CreationScreenWidget_C_0] 11.0
[2024.04.02-07.20.50:703][385]LogBlueprintUserMessages: [CreationScreenWidget_C_0] 11.0
[2024.04.02-07.20.50:703][385]LogBlueprintUserMessages: [CreationScreenWidget_C_0] 11.0
[2024.04.02-07.20.50:735][386]LogBlueprintUserMessages: [CreationScreenWidget_C_0] 12.0
[2024.04.02-07.20.50:735][386]LogBlueprintUserMessages: [CreationScreenWidget_C_0] 12.0
[2024.04.02-07.20.50:735][386]LogBlueprintUserMessages: [CreationScreenWidget_C_0] 12.0
[2024.04.02-07.20.50:735][386]LogBlueprintUserMessages: [CreationScreenWidget_C_0] 12.0
[2024.04.02-07.20.50:802][388]LogBlueprintUserMessages: [CreationScreenWidget_C_0] 13.0
[2024.04.02-07.20.50:802][388]LogBlueprintUserMessages: [CreationScreenWidget_C_0] 13.0
[2024.04.02-07.20.50:802][388]LogBlueprintUserMessages: [CreationScreenWidget_C_0] 13.0
[2024.04.02-07.20.50:802][388]LogBlueprintUserMessages: [CreationScreenWidget_C_0] 13.0
[2024.04.02-07.20.50:833][389]LogBlueprintUserMessages: [CreationScreenWidget_C_0] 14.0
[2024.04.02-07.20.50:834][389]LogBlueprintUserMessages: [CreationScreenWidget_C_0] 14.0
[2024.04.02-07.20.50:834][389]LogBlueprintUserMessages: [CreationScreenWidget_C_0] 14.0
[2024.04.02-07.20.50:834][389]LogBlueprintUserMessages: [CreationScreenWidget_C_0] 14.0
[2024.04.02-07.20.50:897][391]LogBlueprintUserMessages: [CreationScreenWidget_C_0] 15.0
[2024.04.02-07.20.50:897][391]LogBlueprintUserMessages: [CreationScreenWidget_C_0] 15.0
[2024.04.02-07.20.50:897][391]LogBlueprintUserMessages: [CreationScreenWidget_C_0] 15.0
[2024.04.02-07.20.50:897][391]LogBlueprintUserMessages: [CreationScreenWidget_C_0] 15.0
[2024.04.02-07.20.50:953][393]LogBlueprintUserMessages: [CreationScreenWidget_C_0] 16.0
[2024.04.02-07.20.50:953][393]LogBlueprintUserMessages: [CreationScreenWidget_C_0] 16.0
[2024.04.02-07.20.50:953][393]LogBlueprintUserMessages: [CreationScreenWidget_C_0] 16.0
[2024.04.02-07.20.50:954][393]LogBlueprintUserMessages: [CreationScreenWidget_C_0] 16.0
[2024.04.02-07.20.50:986][394]LogBlueprintUserMessages: [CreationScreenWidget_C_0] 17.0
[2024.04.02-07.20.50:986][394]LogBlueprintUserMessages: [CreationScreenWidget_C_0] 17.0
[2024.04.02-07.20.50:986][394]LogBlueprintUserMessages: [CreationScreenWidget_C_0] 17.0
[2024.04.02-07.20.50:986][394]LogBlueprintUserMessages: [CreationScreenWidget_C_0] 17.0
[2024.04.02-07.20.51:029][396]LogBlueprintUserMessages: [CreationScreenWidget_C_0] 18.0
[2024.04.02-07.20.51:029][396]LogBlueprintUserMessages: [CreationScreenWidget_C_0] 18.0
[2024.04.02-07.20.51:030][396]LogBlueprintUserMessages: [CreationScreenWidget_C_0] 18.0
[2024.04.02-07.20.51:030][396]LogBlueprintUserMessages: [CreationScreenWidget_C_0] 18.0
[2024.04.02-07.20.51:080][398]LogBlueprintUserMessages: [CreationScreenWidget_C_0] 19.0
[2024.04.02-07.20.51:081][398]LogBlueprintUserMessages: [CreationScreenWidget_C_0] 19.0
[2024.04.02-07.20.51:081][398]LogBlueprintUserMessages: [CreationScreenWidget_C_0] 19.0
[2024.04.02-07.20.51:081][398]LogBlueprintUserMessages: [CreationScreenWidget_C_0] 19.0
[2024.04.02-07.20.51:133][400]LogBlueprintUserMessages: [CreationScreenWidget_C_0] 20.0
[2024.04.02-07.20.51:133][400]LogBlueprintUserMessages: [CreationScreenWidget_C_0] 20.0
[2024.04.02-07.20.51:134][400]LogBlueprintUserMessages: [CreationScreenWidget_C_0] 20.0
[2024.04.02-07.20.51:134][400]LogBlueprintUserMessages: [CreationScreenWidget_C_0] 20.0
[2024.04.02-07.20.51:188][402]LogBlueprintUserMessages: [CreationScreenWidget_C_0] 21.0
[2024.04.02-07.20.51:188][402]LogBlueprintUserMessages: [CreationScreenWidget_C_0] 21.0
[2024.04.02-07.20.51:188][402]LogBlueprintUserMessages: [CreationScreenWidget_C_0] 21.0
[2024.04.02-07.20.51:189][402]LogBlueprintUserMessages: [CreationScreenWidget_C_0] 21.0
[2024.04.02-07.20.51:239][404]LogBlueprintUserMessages: [CreationScreenWidget_C_0] 22.0
[2024.04.02-07.20.51:239][404]LogBlueprintUserMessages: [CreationScreenWidget_C_0] 22.0
[2024.04.02-07.20.51:239][404]LogBlueprintUserMessages: [CreationScreenWidget_C_0] 22.0
[2024.04.02-07.20.51:239][404]LogBlueprintUserMessages: [CreationScreenWidget_C_0] 22.0
[2024.04.02-07.20.51:297][406]LogBlueprintUserMessages: [CreationScreenWidget_C_0] 23.0
[2024.04.02-07.20.51:298][406]LogBlueprintUserMessages: [CreationScreenWidget_C_0] 23.0
[2024.04.02-07.20.51:298][406]LogBlueprintUserMessages: [CreationScreenWidget_C_0] 23.0
[2024.04.02-07.20.51:298][406]LogBlueprintUserMessages: [CreationScreenWidget_C_0] 23.0
[2024.04.02-07.20.51:347][408]LogBlueprintUserMessages: [CreationScreenWidget_C_0] 24.0
[2024.04.02-07.20.51:347][408]LogBlueprintUserMessages: [CreationScreenWidget_C_0] 24.0
[2024.04.02-07.20.51:347][408]LogBlueprintUserMessages: [CreationScreenWidget_C_0] 24.0
[2024.04.02-07.20.51:347][408]LogBlueprintUserMessages: [CreationScreenWidget_C_0] 24.0
[2024.04.02-07.20.51:401][410]LogBlueprintUserMessages: [CreationScreenWidget_C_0] 25.0
[2024.04.02-07.20.51:401][410]LogBlueprintUserMessages: [CreationScreenWidget_C_0] 25.0
[2024.04.02-07.20.51:401][410]LogBlueprintUserMessages: [CreationScreenWidget_C_0] 25.0
[2024.04.02-07.20.51:401][410]LogBlueprintUserMessages: [CreationScreenWidget_C_0] 25.0
[2024.04.02-07.20.51:436][411]LogBlueprintUserMessages: [CreationScreenWidget_C_0] 26.0
[2024.04.02-07.20.51:436][411]LogBlueprintUserMessages: [CreationScreenWidget_C_0] 26.0
[2024.04.02-07.20.51:436][411]LogBlueprintUserMessages: [CreationScreenWidget_C_0] 26.0
[2024.04.02-07.20.51:436][411]LogBlueprintUserMessages: [CreationScreenWidget_C_0] 26.0
[2024.04.02-07.20.51:504][413]LogBlueprintUserMessages: [CreationScreenWidget_C_0] 27.0
[2024.04.02-07.20.51:504][413]LogBlueprintUserMessages: [CreationScreenWidget_C_0] 27.0
[2024.04.02-07.20.51:504][413]LogBlueprintUserMessages: [CreationScreenWidget_C_0] 27.0
[2024.04.02-07.20.51:504][413]LogBlueprintUserMessages: [CreationScreenWidget_C_0] 27.0
[2024.04.02-07.20.51:536][414]LogBlueprintUserMessages: [CreationScreenWidget_C_0] 28.0
[2024.04.02-07.20.51:536][414]LogBlueprintUserMessages: [CreationScreenWidget_C_0] 28.0
[2024.04.02-07.20.51:536][414]LogBlueprintUserMessages: [CreationScreenWidget_C_0] 28.0
[2024.04.02-07.20.51:536][414]LogBlueprintUserMessages: [CreationScreenWidget_C_0] 28.0
[2024.04.02-07.20.51:601][416]LogBlueprintUserMessages: [CreationScreenWidget_C_0] 29.0
[2024.04.02-07.20.51:602][416]LogBlueprintUserMessages: [CreationScreenWidget_C_0] 29.0
[2024.04.02-07.20.51:602][416]LogBlueprintUserMessages: [CreationScreenWidget_C_0] 29.0
[2024.04.02-07.20.51:602][416]LogBlueprintUserMessages: [CreationScreenWidget_C_0] 29.0
[2024.04.02-07.20.51:633][417]LogBlueprintUserMessages: [CreationScreenWidget_C_0] 30.0
[2024.04.02-07.20.51:633][417]LogBlueprintUserMessages: [CreationScreenWidget_C_0] 30.0
[2024.04.02-07.20.51:633][417]LogBlueprintUserMessages: [CreationScreenWidget_C_0] 30.0
[2024.04.02-07.20.51:634][417]LogBlueprintUserMessages: [CreationScreenWidget_C_0] 30.0
[2024.04.02-07.20.51:681][418]LogBlueprintUserMessages: [CreationScreenWidget_C_0] 31.0
[2024.04.02-07.20.51:681][418]LogBlueprintUserMessages: [CreationScreenWidget_C_0] 31.0
[2024.04.02-07.20.51:681][418]LogBlueprintUserMessages: [CreationScreenWidget_C_0] 31.0
[2024.04.02-07.20.51:681][418]LogBlueprintUserMessages: [CreationScreenWidget_C_0] 31.0
[2024.04.02-07.20.51:755][421]LogBlueprintUserMessages: [CreationScreenWidget_C_0] 32.0
[2024.04.02-07.20.51:756][421]LogBlueprintUserMessages: [CreationScreenWidget_C_0] 32.0
[2024.04.02-07.20.51:756][421]LogBlueprintUserMessages: [CreationScreenWidget_C_0] 32.0
[2024.04.02-07.20.51:756][421]LogBlueprintUserMessages: [CreationScreenWidget_C_0] 32.0
[2024.04.02-07.20.51:781][422]LogBlueprintUserMessages: [CreationScreenWidget_C_0] 33.0
[2024.04.02-07.20.51:781][422]LogBlueprintUserMessages: [CreationScreenWidget_C_0] 33.0
[2024.04.02-07.20.51:781][422]LogBlueprintUserMessages: [CreationScreenWidget_C_0] 33.0
[2024.04.02-07.20.51:781][422]LogBlueprintUserMessages: [CreationScreenWidget_C_0] 33.0
[2024.04.02-07.20.51:834][424]LogBlueprintUserMessages: [CreationScreenWidget_C_0] 34.0
[2024.04.02-07.20.51:835][424]LogBlueprintUserMessages: [CreationScreenWidget_C_0] 34.0
[2024.04.02-07.20.51:835][424]LogBlueprintUserMessages: [CreationScreenWidget_C_0] 34.0
[2024.04.02-07.20.51:835][424]LogBlueprintUserMessages: [CreationScreenWidget_C_0] 34.0
[2024.04.02-07.20.51:896][426]LogBlueprintUserMessages: [CreationScreenWidget_C_0] 35.0
[2024.04.02-07.20.51:897][426]LogBlueprintUserMessages: [CreationScreenWidget_C_0] 35.0
[2024.04.02-07.20.51:897][426]LogBlueprintUserMessages: [CreationScreenWidget_C_0] 35.0
[2024.04.02-07.20.51:897][426]LogBlueprintUserMessages: [CreationScreenWidget_C_0] 35.0
[2024.04.02-07.20.51:937][428]LogBlueprintUserMessages: [CreationScreenWidget_C_0] 36.0
[2024.04.02-07.20.51:938][428]LogBlueprintUserMessages: [CreationScreenWidget_C_0] 36.0
[2024.04.02-07.20.51:938][428]LogBlueprintUserMessages: [CreationScreenWidget_C_0] 36.0
[2024.04.02-07.20.51:938][428]LogBlueprintUserMessages: [CreationScreenWidget_C_0] 36.0
[2024.04.02-07.20.51:997][430]LogBlueprintUserMessages: [CreationScreenWidget_C_0] 37.0
[2024.04.02-07.20.51:997][430]LogBlueprintUserMessages: [CreationScreenWidget_C_0] 37.0
[2024.04.02-07.20.51:997][430]LogBlueprintUserMessages: [CreationScreenWidget_C_0] 37.0
[2024.04.02-07.20.51:997][430]LogBlueprintUserMessages: [CreationScreenWidget_C_0] 37.0
[2024.04.02-07.20.52:038][432]LogBlueprintUserMessages: [CreationScreenWidget_C_0] 38.0
[2024.04.02-07.20.52:038][432]LogBlueprintUserMessages: [CreationScreenWidget_C_0] 38.0
[2024.04.02-07.20.52:038][432]LogBlueprintUserMessages: [CreationScreenWidget_C_0] 38.0
[2024.04.02-07.20.52:038][432]LogBlueprintUserMessages: [CreationScreenWidget_C_0] 38.0
[2024.04.02-07.20.52:101][434]LogBlueprintUserMessages: [CreationScreenWidget_C_0] 39.0
[2024.04.02-07.20.52:102][434]LogBlueprintUserMessages: [CreationScreenWidget_C_0] 39.0
[2024.04.02-07.20.52:102][434]LogBlueprintUserMessages: [CreationScreenWidget_C_0] 39.0
[2024.04.02-07.20.52:102][434]LogBlueprintUserMessages: [CreationScreenWidget_C_0] 39.0
[2024.04.02-07.20.52:130][435]LogBlueprintUserMessages: [CreationScreenWidget_C_0] 40.0
[2024.04.02-07.20.52:131][435]LogBlueprintUserMessages: [CreationScreenWidget_C_0] 40.0
[2024.04.02-07.20.52:131][435]LogBlueprintUserMessages: [CreationScreenWidget_C_0] 40.0
[2024.04.02-07.20.52:131][435]LogBlueprintUserMessages: [CreationScreenWidget_C_0] 40.0
[2024.04.02-07.20.52:179][437]LogBlueprintUserMessages: [CreationScreenWidget_C_0] 41.0
[2024.04.02-07.20.52:180][437]LogBlueprintUserMessages: [CreationScreenWidget_C_0] 41.0
[2024.04.02-07.20.52:180][437]LogBlueprintUserMessages: [CreationScreenWidget_C_0] 41.0
[2024.04.02-07.20.52:180][437]LogBlueprintUserMessages: [CreationScreenWidget_C_0] 41.0
[2024.04.02-07.20.52:231][439]LogBlueprintUserMessages: [CreationScreenWidget_C_0] 42.0
[2024.04.02-07.20.52:231][439]LogBlueprintUserMessages: [CreationScreenWidget_C_0] 42.0
[2024.04.02-07.20.52:231][439]LogBlueprintUserMessages: [CreationScreenWidget_C_0] 42.0
[2024.04.02-07.20.52:231][439]LogBlueprintUserMessages: [CreationScreenWidget_C_0] 42.0
[2024.04.02-07.20.52:281][441]LogBlueprintUserMessages: [CreationScreenWidget_C_0] 43.0
[2024.04.02-07.20.52:282][441]LogBlueprintUserMessages: [CreationScreenWidget_C_0] 43.0
[2024.04.02-07.20.52:282][441]LogBlueprintUserMessages: [CreationScreenWidget_C_0] 43.0
[2024.04.02-07.20.52:283][441]LogBlueprintUserMessages: [CreationScreenWidget_C_0] 43.0
[2024.04.02-07.20.52:330][443]LogBlueprintUserMessages: [CreationScreenWidget_C_0] 44.0
[2024.04.02-07.20.52:331][443]LogBlueprintUserMessages: [CreationScreenWidget_C_0] 44.0
[2024.04.02-07.20.52:331][443]LogBlueprintUserMessages: [CreationScreenWidget_C_0] 44.0
[2024.04.02-07.20.52:331][443]LogBlueprintUserMessages: [CreationScreenWidget_C_0] 44.0
[2024.04.02-07.20.52:384][445]LogBlueprintUserMessages: [CreationScreenWidget_C_0] 45.0
[2024.04.02-07.20.52:384][445]LogBlueprintUserMessages: [CreationScreenWidget_C_0] 45.0
[2024.04.02-07.20.52:384][445]LogBlueprintUserMessages: [CreationScreenWidget_C_0] 45.0
[2024.04.02-07.20.52:384][445]LogBlueprintUserMessages: [CreationScreenWidget_C_0] 45.0
[2024.04.02-07.20.52:448][447]LogBlueprintUserMessages: [CreationScreenWidget_C_0] 46.0
[2024.04.02-07.20.52:448][447]LogBlueprintUserMessages: [CreationScreenWidget_C_0] 46.0
[2024.04.02-07.20.52:448][447]LogBlueprintUserMessages: [CreationScreenWidget_C_0] 46.0
[2024.04.02-07.20.52:448][447]LogBlueprintUserMessages: [CreationScreenWidget_C_0] 46.0
[2024.04.02-07.20.52:482][448]LogBlueprintUserMessages: [CreationScreenWidget_C_0] 47.0
[2024.04.02-07.20.52:482][448]LogBlueprintUserMessages: [CreationScreenWidget_C_0] 47.0
[2024.04.02-07.20.52:482][448]LogBlueprintUserMessages: [CreationScreenWidget_C_0] 47.0
[2024.04.02-07.20.52:482][448]LogBlueprintUserMessages: [CreationScreenWidget_C_0] 47.0
[2024.04.02-07.20.52:549][450]LogBlueprintUserMessages: [CreationScreenWidget_C_0] 48.0
[2024.04.02-07.20.52:549][450]LogBlueprintUserMessages: [CreationScreenWidget_C_0] 48.0
[2024.04.02-07.20.52:549][450]LogBlueprintUserMessages: [CreationScreenWidget_C_0] 48.0
[2024.04.02-07.20.52:549][450]LogBlueprintUserMessages: [CreationScreenWidget_C_0] 48.0
[2024.04.02-07.20.52:580][451]LogBlueprintUserMessages: [CreationScreenWidget_C_0] 49.0
[2024.04.02-07.20.52:580][451]LogBlueprintUserMessages: [CreationScreenWidget_C_0] 49.0
[2024.04.02-07.20.52:580][451]LogBlueprintUserMessages: [CreationScreenWidget_C_0] 49.0
[2024.04.02-07.20.52:580][451]LogBlueprintUserMessages: [CreationScreenWidget_C_0] 49.0
[2024.04.02-07.20.52:644][453]LogBlueprintUserMessages: [CreationScreenWidget_C_0] 50.0
[2024.04.02-07.20.52:644][453]LogBlueprintUserMessages: [CreationScreenWidget_C_0] 50.0
[2024.04.02-07.20.52:644][453]LogBlueprintUserMessages: [CreationScreenWidget_C_0] 50.0
[2024.04.02-07.20.52:644][453]LogBlueprintUserMessages: [CreationScreenWidget_C_0] 50.0
[2024.04.02-07.20.52:711][456]LogBlueprintUserMessages: [CreationScreenWidget_C_0] 51.0
[2024.04.02-07.20.52:711][456]LogBlueprintUserMessages: [CreationScreenWidget_C_0] 51.0
[2024.04.02-07.20.52:711][456]LogBlueprintUserMessages: [CreationScreenWidget_C_0] 51.0
[2024.04.02-07.20.52:711][456]LogBlueprintUserMessages: [CreationScreenWidget_C_0] 51.0
[2024.04.02-07.20.52:743][457]LogBlueprintUserMessages: [CreationScreenWidget_C_0] 52.0
[2024.04.02-07.20.52:743][457]LogBlueprintUserMessages: [CreationScreenWidget_C_0] 52.0
[2024.04.02-07.20.52:743][457]LogBlueprintUserMessages: [CreationScreenWidget_C_0] 52.0
[2024.04.02-07.20.52:743][457]LogBlueprintUserMessages: [CreationScreenWidget_C_0] 52.0
[2024.04.02-07.20.52:787][459]LogBlueprintUserMessages: [CreationScreenWidget_C_0] 53.0
[2024.04.02-07.20.52:787][459]LogBlueprintUserMessages: [CreationScreenWidget_C_0] 53.0
[2024.04.02-07.20.52:787][459]LogBlueprintUserMessages: [CreationScreenWidget_C_0] 53.0
[2024.04.02-07.20.52:787][459]LogBlueprintUserMessages: [CreationScreenWidget_C_0] 53.0
[2024.04.02-07.20.52:849][461]LogBlueprintUserMessages: [CreationScreenWidget_C_0] 54.0
[2024.04.02-07.20.52:849][461]LogBlueprintUserMessages: [CreationScreenWidget_C_0] 54.0
[2024.04.02-07.20.52:849][461]LogBlueprintUserMessages: [CreationScreenWidget_C_0] 54.0
[2024.04.02-07.20.52:849][461]LogBlueprintUserMessages: [CreationScreenWidget_C_0] 54.0
[2024.04.02-07.20.52:898][463]LogBlueprintUserMessages: [CreationScreenWidget_C_0] 55.0
[2024.04.02-07.20.52:899][463]LogBlueprintUserMessages: [CreationScreenWidget_C_0] 55.0
[2024.04.02-07.20.52:899][463]LogBlueprintUserMessages: [CreationScreenWidget_C_0] 55.0
[2024.04.02-07.20.52:899][463]LogBlueprintUserMessages: [CreationScreenWidget_C_0] 55.0
[2024.04.02-07.20.52:951][465]LogBlueprintUserMessages: [CreationScreenWidget_C_0] 56.0
[2024.04.02-07.20.52:951][465]LogBlueprintUserMessages: [CreationScreenWidget_C_0] 56.0
[2024.04.02-07.20.52:951][465]LogBlueprintUserMessages: [CreationScreenWidget_C_0] 56.0
[2024.04.02-07.20.52:952][465]LogBlueprintUserMessages: [CreationScreenWidget_C_0] 56.0
[2024.04.02-07.20.52:984][466]LogBlueprintUserMessages: [CreationScreenWidget_C_0] 57.0
[2024.04.02-07.20.52:985][466]LogBlueprintUserMessages: [CreationScreenWidget_C_0] 57.0
[2024.04.02-07.20.52:985][466]LogBlueprintUserMessages: [CreationScreenWidget_C_0] 57.0
[2024.04.02-07.20.52:985][466]LogBlueprintUserMessages: [CreationScreenWidget_C_0] 57.0
[2024.04.02-07.20.53:048][468]LogBlueprintUserMessages: [CreationScreenWidget_C_0] 58.0
[2024.04.02-07.20.53:049][468]LogBlueprintUserMessages: [CreationScreenWidget_C_0] 58.0
[2024.04.02-07.20.53:049][468]LogBlueprintUserMessages: [CreationScreenWidget_C_0] 58.0
[2024.04.02-07.20.53:049][468]LogBlueprintUserMessages: [CreationScreenWidget_C_0] 58.0
[2024.04.02-07.20.53:080][469]LogBlueprintUserMessages: [CreationScreenWidget_C_0] 59.0
[2024.04.02-07.20.53:080][469]LogBlueprintUserMessages: [CreationScreenWidget_C_0] 59.0
[2024.04.02-07.20.53:080][469]LogBlueprintUserMessages: [CreationScreenWidget_C_0] 59.0
[2024.04.02-07.20.53:081][469]LogBlueprintUserMessages: [CreationScreenWidget_C_0] 59.0
[2024.04.02-07.20.53:135][471]LogBlueprintUserMessages: [CreationScreenWidget_C_0] 60.0
[2024.04.02-07.20.53:135][471]LogBlueprintUserMessages: [CreationScreenWidget_C_0] 60.0
[2024.04.02-07.20.53:135][471]LogBlueprintUserMessages: [CreationScreenWidget_C_0] 60.0
[2024.04.02-07.20.53:135][471]LogBlueprintUserMessages: [CreationScreenWidget_C_0] 60.0
[2024.04.02-07.20.53:193][473]LogBlueprintUserMessages: [CreationScreenWidget_C_0] 61.0
[2024.04.02-07.20.53:194][473]LogBlueprintUserMessages: [CreationScreenWidget_C_0] 61.0
[2024.04.02-07.20.53:194][473]LogBlueprintUserMessages: [CreationScreenWidget_C_0] 61.0
[2024.04.02-07.20.53:194][473]LogBlueprintUserMessages: [CreationScreenWidget_C_0] 61.0
[2024.04.02-07.20.53:251][475]LogBlueprintUserMessages: [CreationScreenWidget_C_0] 62.0
[2024.04.02-07.20.53:251][475]LogBlueprintUserMessages: [CreationScreenWidget_C_0] 62.0
[2024.04.02-07.20.53:251][475]LogBlueprintUserMessages: [CreationScreenWidget_C_0] 62.0
[2024.04.02-07.20.53:252][475]LogBlueprintUserMessages: [CreationScreenWidget_C_0] 62.0
[2024.04.02-07.20.53:283][476]LogBlueprintUserMessages: [CreationScreenWidget_C_0] 63.0
[2024.04.02-07.20.53:283][476]LogBlueprintUserMessages: [CreationScreenWidget_C_0] 63.0
[2024.04.02-07.20.53:283][476]LogBlueprintUserMessages: [CreationScreenWidget_C_0] 63.0
[2024.04.02-07.20.53:284][476]LogBlueprintUserMessages: [CreationScreenWidget_C_0] 63.0
[2024.04.02-07.20.53:347][478]LogBlueprintUserMessages: [CreationScreenWidget_C_0] 64.0
[2024.04.02-07.20.53:347][478]LogBlueprintUserMessages: [CreationScreenWidget_C_0] 64.0
[2024.04.02-07.20.53:348][478]LogBlueprintUserMessages: [CreationScreenWidget_C_0] 64.0
[2024.04.02-07.20.53:348][478]LogBlueprintUserMessages: [CreationScreenWidget_C_0] 64.0
[2024.04.02-07.20.53:403][480]LogBlueprintUserMessages: [CreationScreenWidget_C_0] 65.0
[2024.04.02-07.20.53:404][480]LogBlueprintUserMessages: [CreationScreenWidget_C_0] 65.0
[2024.04.02-07.20.53:404][480]LogBlueprintUserMessages: [CreationScreenWidget_C_0] 65.0
[2024.04.02-07.20.53:404][480]LogBlueprintUserMessages: [CreationScreenWidget_C_0] 65.0
[2024.04.02-07.20.53:453][482]LogBlueprintUserMessages: [CreationScreenWidget_C_0] 66.0
[2024.04.02-07.20.53:453][482]LogBlueprintUserMessages: [CreationScreenWidget_C_0] 66.0
[2024.04.02-07.20.53:453][482]LogBlueprintUserMessages: [CreationScreenWidget_C_0] 66.0
[2024.04.02-07.20.53:453][482]LogBlueprintUserMessages: [CreationScreenWidget_C_0] 66.0
[2024.04.02-07.20.53:483][483]LogBlueprintUserMessages: [CreationScreenWidget_C_0] 67.0
[2024.04.02-07.20.53:485][483]LogBlueprintUserMessages: [CreationScreenWidget_C_0] 67.0
[2024.04.02-07.20.53:485][483]LogBlueprintUserMessages: [CreationScreenWidget_C_0] 67.0
[2024.04.02-07.20.53:485][483]LogBlueprintUserMessages: [CreationScreenWidget_C_0] 67.0
[2024.04.02-07.20.53:532][485]LogBlueprintUserMessages: [CreationScreenWidget_C_0] 68.0
[2024.04.02-07.20.53:532][485]LogBlueprintUserMessages: [CreationScreenWidget_C_0] 68.0
[2024.04.02-07.20.53:532][485]LogBlueprintUserMessages: [CreationScreenWidget_C_0] 68.0
[2024.04.02-07.20.53:533][485]LogBlueprintUserMessages: [CreationScreenWidget_C_0] 68.0
[2024.04.02-07.20.53:600][487]LogBlueprintUserMessages: [CreationScreenWidget_C_0] 69.0
[2024.04.02-07.20.53:600][487]LogBlueprintUserMessages: [CreationScreenWidget_C_0] 69.0
[2024.04.02-07.20.53:600][487]LogBlueprintUserMessages: [CreationScreenWidget_C_0] 69.0
[2024.04.02-07.20.53:600][487]LogBlueprintUserMessages: [CreationScreenWidget_C_0] 69.0
[2024.04.02-07.20.53:630][488]LogBlueprintUserMessages: [CreationScreenWidget_C_0] 70.0
[2024.04.02-07.20.53:630][488]LogBlueprintUserMessages: [CreationScreenWidget_C_0] 70.0
[2024.04.02-07.20.53:630][488]LogBlueprintUserMessages: [CreationScreenWidget_C_0] 70.0
[2024.04.02-07.20.53:630][488]LogBlueprintUserMessages: [CreationScreenWidget_C_0] 70.0
[2024.04.02-07.20.53:694][490]LogBlueprintUserMessages: [CreationScreenWidget_C_0] 71.0
[2024.04.02-07.20.53:694][490]LogBlueprintUserMessages: [CreationScreenWidget_C_0] 71.0
[2024.04.02-07.20.53:694][490]LogBlueprintUserMessages: [CreationScreenWidget_C_0] 71.0
[2024.04.02-07.20.53:694][490]LogBlueprintUserMessages: [CreationScreenWidget_C_0] 71.0
[2024.04.02-07.20.53:747][492]LogBlueprintUserMessages: [CreationScreenWidget_C_0] 72.0
[2024.04.02-07.20.53:747][492]LogBlueprintUserMessages: [CreationScreenWidget_C_0] 72.0
[2024.04.02-07.20.53:747][492]LogBlueprintUserMessages: [CreationScreenWidget_C_0] 72.0
[2024.04.02-07.20.53:747][492]LogBlueprintUserMessages: [CreationScreenWidget_C_0] 72.0
[2024.04.02-07.20.53:799][494]LogBlueprintUserMessages: [CreationScreenWidget_C_0] 73.0
[2024.04.02-07.20.53:799][494]LogBlueprintUserMessages: [CreationScreenWidget_C_0] 73.0
[2024.04.02-07.20.53:800][494]LogBlueprintUserMessages: [CreationScreenWidget_C_0] 73.0
[2024.04.02-07.20.53:800][494]LogBlueprintUserMessages: [CreationScreenWidget_C_0] 73.0
[2024.04.02-07.20.53:833][495]LogBlueprintUserMessages: [CreationScreenWidget_C_0] 74.0
[2024.04.02-07.20.53:833][495]LogBlueprintUserMessages: [CreationScreenWidget_C_0] 74.0
[2024.04.02-07.20.53:833][495]LogBlueprintUserMessages: [CreationScreenWidget_C_0] 74.0
[2024.04.02-07.20.53:834][495]LogBlueprintUserMessages: [CreationScreenWidget_C_0] 74.0
[2024.04.02-07.20.53:899][497]LogBlueprintUserMessages: [CreationScreenWidget_C_0] 75.0
[2024.04.02-07.20.53:900][497]LogBlueprintUserMessages: [CreationScreenWidget_C_0] 75.0
[2024.04.02-07.20.53:900][497]LogBlueprintUserMessages: [CreationScreenWidget_C_0] 75.0
[2024.04.02-07.20.53:900][497]LogBlueprintUserMessages: [CreationScreenWidget_C_0] 75.0
[2024.04.02-07.20.53:954][499]LogBlueprintUserMessages: [CreationScreenWidget_C_0] 76.0
[2024.04.02-07.20.53:955][499]LogBlueprintUserMessages: [CreationScreenWidget_C_0] 76.0
[2024.04.02-07.20.53:955][499]LogBlueprintUserMessages: [CreationScreenWidget_C_0] 76.0
[2024.04.02-07.20.53:955][499]LogBlueprintUserMessages: [CreationScreenWidget_C_0] 76.0
[2024.04.02-07.20.54:000][501]LogBlueprintUserMessages: [CreationScreenWidget_C_0] 77.0
[2024.04.02-07.20.54:001][501]LogBlueprintUserMessages: [CreationScreenWidget_C_0] 77.0
[2024.04.02-07.20.54:001][501]LogBlueprintUserMessages: [CreationScreenWidget_C_0] 77.0
[2024.04.02-07.20.54:001][501]LogBlueprintUserMessages: [CreationScreenWidget_C_0] 77.0
[2024.04.02-07.20.54:033][502]LogBlueprintUserMessages: [CreationScreenWidget_C_0] 78.0
[2024.04.02-07.20.54:034][502]LogBlueprintUserMessages: [CreationScreenWidget_C_0] 78.0
[2024.04.02-07.20.54:034][502]LogBlueprintUserMessages: [CreationScreenWidget_C_0] 78.0
[2024.04.02-07.20.54:034][502]LogBlueprintUserMessages: [CreationScreenWidget_C_0] 78.0
[2024.04.02-07.20.54:100][504]LogBlueprintUserMessages: [CreationScreenWidget_C_0] 79.0
[2024.04.02-07.20.54:100][504]LogBlueprintUserMessages: [CreationScreenWidget_C_0] 79.0
[2024.04.02-07.20.54:101][504]LogBlueprintUserMessages: [CreationScreenWidget_C_0] 79.0
[2024.04.02-07.20.54:101][504]LogBlueprintUserMessages: [CreationScreenWidget_C_0] 79.0
[2024.04.02-07.20.54:132][505]LogBlueprintUserMessages: [CreationScreenWidget_C_0] 80.0
[2024.04.02-07.20.54:132][505]LogBlueprintUserMessages: [CreationScreenWidget_C_0] 80.0
[2024.04.02-07.20.54:132][505]LogBlueprintUserMessages: [CreationScreenWidget_C_0] 80.0
[2024.04.02-07.20.54:132][505]LogBlueprintUserMessages: [CreationScreenWidget_C_0] 80.0
[2024.04.02-07.20.54:196][507]LogBlueprintUserMessages: [CreationScreenWidget_C_0] 1.0
[2024.04.02-07.20.54:196][507]LogBlueprintUserMessages: [CreationScreenWidget_C_0] 1.0
[2024.04.02-07.20.54:196][507]LogBlueprintUserMessages: [CreationScreenWidget_C_0] 1.0
[2024.04.02-07.20.54:196][507]LogBlueprintUserMessages: [CreationScreenWidget_C_0] 1.0
[2024.04.02-07.20.54:252][509]LogBlueprintUserMessages: [CreationScreenWidget_C_0] 2.0
[2024.04.02-07.20.54:252][509]LogBlueprintUserMessages: [CreationScreenWidget_C_0] 2.0
[2024.04.02-07.20.54:252][509]LogBlueprintUserMessages: [CreationScreenWidget_C_0] 2.0
[2024.04.02-07.20.54:253][509]LogBlueprintUserMessages: [CreationScreenWidget_C_0] 2.0
[2024.04.02-07.20.54:281][510]LogBlueprintUserMessages: [CreationScreenWidget_C_0] 3.0
[2024.04.02-07.20.54:281][510]LogBlueprintUserMessages: [CreationScreenWidget_C_0] 3.0
[2024.04.02-07.20.54:281][510]LogBlueprintUserMessages: [CreationScreenWidget_C_0] 3.0
[2024.04.02-07.20.54:282][510]LogBlueprintUserMessages: [CreationScreenWidget_C_0] 3.0
[2024.04.02-07.20.54:339][512]LogBlueprintUserMessages: [CreationScreenWidget_C_0] 4.0
[2024.04.02-07.20.54:339][512]LogBlueprintUserMessages: [CreationScreenWidget_C_0] 4.0
[2024.04.02-07.20.54:339][512]LogBlueprintUserMessages: [CreationScreenWidget_C_0] 4.0
[2024.04.02-07.20.54:340][512]LogBlueprintUserMessages: [CreationScreenWidget_C_0] 4.0
[2024.04.02-07.20.54:382][514]LogBlueprintUserMessages: [CreationScreenWidget_C_0] 5.0
[2024.04.02-07.20.54:382][514]LogBlueprintUserMessages: [CreationScreenWidget_C_0] 5.0
[2024.04.02-07.20.54:383][514]LogBlueprintUserMessages: [CreationScreenWidget_C_0] 5.0
[2024.04.02-07.20.54:383][514]LogBlueprintUserMessages: [CreationScreenWidget_C_0] 5.0
[2024.04.02-07.20.54:452][516]LogBlueprintUserMessages: [CreationScreenWidget_C_0] 6.0
[2024.04.02-07.20.54:452][516]LogBlueprintUserMessages: [CreationScreenWidget_C_0] 6.0
[2024.04.02-07.20.54:452][516]LogBlueprintUserMessages: [CreationScreenWidget_C_0] 6.0
[2024.04.02-07.20.54:453][516]LogBlueprintUserMessages: [CreationScreenWidget_C_0] 6.0
[2024.04.02-07.20.54:488][517]LogBlueprintUserMessages: [CreationScreenWidget_C_0] 7.0
[2024.04.02-07.20.54:488][517]LogBlueprintUserMessages: [CreationScreenWidget_C_0] 7.0
[2024.04.02-07.20.54:488][517]LogBlueprintUserMessages: [CreationScreenWidget_C_0] 7.0
[2024.04.02-07.20.54:489][517]LogBlueprintUserMessages: [CreationScreenWidget_C_0] 7.0
[2024.04.02-07.20.54:549][519]LogBlueprintUserMessages: [CreationScreenWidget_C_0] 8.0
[2024.04.02-07.20.54:549][519]LogBlueprintUserMessages: [CreationScreenWidget_C_0] 8.0
[2024.04.02-07.20.54:549][519]LogBlueprintUserMessages: [CreationScreenWidget_C_0] 8.0
[2024.04.02-07.20.54:550][519]LogBlueprintUserMessages: [CreationScreenWidget_C_0] 8.0
[2024.04.02-07.20.54:583][520]LogBlueprintUserMessages: [CreationScreenWidget_C_0] 9.0
[2024.04.02-07.20.54:583][520]LogBlueprintUserMessages: [CreationScreenWidget_C_0] 9.0
[2024.04.02-07.20.54:583][520]LogBlueprintUserMessages: [CreationScreenWidget_C_0] 9.0
[2024.04.02-07.20.54:584][520]LogBlueprintUserMessages: [CreationScreenWidget_C_0] 9.0
[2024.04.02-07.20.54:637][522]LogBlueprintUserMessages: [CreationScreenWidget_C_0] 10.0
[2024.04.02-07.20.54:638][522]LogBlueprintUserMessages: [CreationScreenWidget_C_0] 10.0
[2024.04.02-07.20.54:638][522]LogBlueprintUserMessages: [CreationScreenWidget_C_0] 10.0
[2024.04.02-07.20.54:638][522]LogBlueprintUserMessages: [CreationScreenWidget_C_0] 10.0
[2024.04.02-07.20.54:682][524]LogBlueprintUserMessages: [CreationScreenWidget_C_0] 11.0
[2024.04.02-07.20.54:682][524]LogBlueprintUserMessages: [CreationScreenWidget_C_0] 11.0
[2024.04.02-07.20.54:682][524]LogBlueprintUserMessages: [CreationScreenWidget_C_0] 11.0
[2024.04.02-07.20.54:682][524]LogBlueprintUserMessages: [CreationScreenWidget_C_0] 11.0
[2024.04.02-07.20.54:749][526]LogBlueprintUserMessages: [CreationScreenWidget_C_0] 12.0
[2024.04.02-07.20.54:749][526]LogBlueprintUserMessages: [CreationScreenWidget_C_0] 12.0
[2024.04.02-07.20.54:750][526]LogBlueprintUserMessages: [CreationScreenWidget_C_0] 12.0
[2024.04.02-07.20.54:750][526]LogBlueprintUserMessages: [CreationScreenWidget_C_0] 12.0
[2024.04.02-07.20.54:783][527]LogBlueprintUserMessages: [CreationScreenWidget_C_0] 13.0
[2024.04.02-07.20.54:783][527]LogBlueprintUserMessages: [CreationScreenWidget_C_0] 13.0
[2024.04.02-07.20.54:783][527]LogBlueprintUserMessages: [CreationScreenWidget_C_0] 13.0
[2024.04.02-07.20.54:783][527]LogBlueprintUserMessages: [CreationScreenWidget_C_0] 13.0
[2024.04.02-07.20.54:836][529]LogBlueprintUserMessages: [CreationScreenWidget_C_0] 14.0
[2024.04.02-07.20.54:837][529]LogBlueprintUserMessages: [CreationScreenWidget_C_0] 14.0
[2024.04.02-07.20.54:837][529]LogBlueprintUserMessages: [CreationScreenWidget_C_0] 14.0
[2024.04.02-07.20.54:837][529]LogBlueprintUserMessages: [CreationScreenWidget_C_0] 14.0
[2024.04.02-07.20.54:883][531]LogBlueprintUserMessages: [CreationScreenWidget_C_0] 15.0
[2024.04.02-07.20.54:883][531]LogBlueprintUserMessages: [CreationScreenWidget_C_0] 15.0
[2024.04.02-07.20.54:883][531]LogBlueprintUserMessages: [CreationScreenWidget_C_0] 15.0
[2024.04.02-07.20.54:883][531]LogBlueprintUserMessages: [CreationScreenWidget_C_0] 15.0
[2024.04.02-07.20.54:949][533]LogBlueprintUserMessages: [CreationScreenWidget_C_0] 16.0
[2024.04.02-07.20.54:949][533]LogBlueprintUserMessages: [CreationScreenWidget_C_0] 16.0
[2024.04.02-07.20.54:949][533]LogBlueprintUserMessages: [CreationScreenWidget_C_0] 16.0
[2024.04.02-07.20.54:949][533]LogBlueprintUserMessages: [CreationScreenWidget_C_0] 16.0
[2024.04.02-07.20.54:981][534]LogBlueprintUserMessages: [CreationScreenWidget_C_0] 17.0
[2024.04.02-07.20.54:981][534]LogBlueprintUserMessages: [CreationScreenWidget_C_0] 17.0
[2024.04.02-07.20.54:981][534]LogBlueprintUserMessages: [CreationScreenWidget_C_0] 17.0
[2024.04.02-07.20.54:981][534]LogBlueprintUserMessages: [CreationScreenWidget_C_0] 17.0
[2024.04.02-07.20.55:039][536]LogBlueprintUserMessages: [CreationScreenWidget_C_0] 18.0
[2024.04.02-07.20.55:039][536]LogBlueprintUserMessages: [CreationScreenWidget_C_0] 18.0
[2024.04.02-07.20.55:039][536]LogBlueprintUserMessages: [CreationScreenWidget_C_0] 18.0
[2024.04.02-07.20.55:039][536]LogBlueprintUserMessages: [CreationScreenWidget_C_0] 18.0
[2024.04.02-07.20.55:080][538]LogBlueprintUserMessages: [CreationScreenWidget_C_0] 19.0
[2024.04.02-07.20.55:080][538]LogBlueprintUserMessages: [CreationScreenWidget_C_0] 19.0
[2024.04.02-07.20.55:080][538]LogBlueprintUserMessages: [CreationScreenWidget_C_0] 19.0
[2024.04.02-07.20.55:080][538]LogBlueprintUserMessages: [CreationScreenWidget_C_0] 19.0
[2024.04.02-07.20.55:133][540]LogBlueprintUserMessages: [CreationScreenWidget_C_0] 20.0
[2024.04.02-07.20.55:133][540]LogBlueprintUserMessages: [CreationScreenWidget_C_0] 20.0
[2024.04.02-07.20.55:133][540]LogBlueprintUserMessages: [CreationScreenWidget_C_0] 20.0
[2024.04.02-07.20.55:133][540]LogBlueprintUserMessages: [CreationScreenWidget_C_0] 20.0
[2024.04.02-07.20.55:209][542]LogBlueprintUserMessages: [CreationScreenWidget_C_0] 21.0
[2024.04.02-07.20.55:211][542]LogBlueprintUserMessages: [CreationScreenWidget_C_0] 21.0
[2024.04.02-07.20.55:211][542]LogBlueprintUserMessages: [CreationScreenWidget_C_0] 21.0
[2024.04.02-07.20.55:211][542]LogBlueprintUserMessages: [CreationScreenWidget_C_0] 21.0
[2024.04.02-07.20.55:235][543]LogBlueprintUserMessages: [CreationScreenWidget_C_0] 22.0
[2024.04.02-07.20.55:236][543]LogBlueprintUserMessages: [CreationScreenWidget_C_0] 22.0
[2024.04.02-07.20.55:236][543]LogBlueprintUserMessages: [CreationScreenWidget_C_0] 22.0
[2024.04.02-07.20.55:236][543]LogBlueprintUserMessages: [CreationScreenWidget_C_0] 22.0
[2024.04.02-07.20.55:299][545]LogBlueprintUserMessages: [CreationScreenWidget_C_0] 23.0
[2024.04.02-07.20.55:299][545]LogBlueprintUserMessages: [CreationScreenWidget_C_0] 23.0
[2024.04.02-07.20.55:299][545]LogBlueprintUserMessages: [CreationScreenWidget_C_0] 23.0
[2024.04.02-07.20.55:299][545]LogBlueprintUserMessages: [CreationScreenWidget_C_0] 23.0
[2024.04.02-07.20.55:332][546]LogBlueprintUserMessages: [CreationScreenWidget_C_0] 24.0
[2024.04.02-07.20.55:332][546]LogBlueprintUserMessages: [CreationScreenWidget_C_0] 24.0
[2024.04.02-07.20.55:332][546]LogBlueprintUserMessages: [CreationScreenWidget_C_0] 24.0
[2024.04.02-07.20.55:333][546]LogBlueprintUserMessages: [CreationScreenWidget_C_0] 24.0
[2024.04.02-07.20.55:393][548]LogBlueprintUserMessages: [CreationScreenWidget_C_0] 25.0
[2024.04.02-07.20.55:393][548]LogBlueprintUserMessages: [CreationScreenWidget_C_0] 25.0
[2024.04.02-07.20.55:394][548]LogBlueprintUserMessages: [CreationScreenWidget_C_0] 25.0
[2024.04.02-07.20.55:394][548]LogBlueprintUserMessages: [CreationScreenWidget_C_0] 25.0
[2024.04.02-07.20.55:447][550]LogBlueprintUserMessages: [CreationScreenWidget_C_0] 26.0
[2024.04.02-07.20.55:447][550]LogBlueprintUserMessages: [CreationScreenWidget_C_0] 26.0
[2024.04.02-07.20.55:447][550]LogBlueprintUserMessages: [CreationScreenWidget_C_0] 26.0
[2024.04.02-07.20.55:447][550]LogBlueprintUserMessages: [CreationScreenWidget_C_0] 26.0
[2024.04.02-07.20.55:502][552]LogBlueprintUserMessages: [CreationScreenWidget_C_0] 27.0
[2024.04.02-07.20.55:502][552]LogBlueprintUserMessages: [CreationScreenWidget_C_0] 27.0
[2024.04.02-07.20.55:502][552]LogBlueprintUserMessages: [CreationScreenWidget_C_0] 27.0
[2024.04.02-07.20.55:502][552]LogBlueprintUserMessages: [CreationScreenWidget_C_0] 27.0
[2024.04.02-07.20.55:534][553]LogBlueprintUserMessages: [CreationScreenWidget_C_0] 28.0
[2024.04.02-07.20.55:534][553]LogBlueprintUserMessages: [CreationScreenWidget_C_0] 28.0
[2024.04.02-07.20.55:535][553]LogBlueprintUserMessages: [CreationScreenWidget_C_0] 28.0
[2024.04.02-07.20.55:535][553]LogBlueprintUserMessages: [CreationScreenWidget_C_0] 28.0
[2024.04.02-07.20.55:597][555]LogBlueprintUserMessages: [CreationScreenWidget_C_0] 29.0
[2024.04.02-07.20.55:598][555]LogBlueprintUserMessages: [CreationScreenWidget_C_0] 29.0
[2024.04.02-07.20.55:598][555]LogBlueprintUserMessages: [CreationScreenWidget_C_0] 29.0
[2024.04.02-07.20.55:598][555]LogBlueprintUserMessages: [CreationScreenWidget_C_0] 29.0
[2024.04.02-07.20.55:645][557]LogBlueprintUserMessages: [CreationScreenWidget_C_0] 30.0
[2024.04.02-07.20.55:646][557]LogBlueprintUserMessages: [CreationScreenWidget_C_0] 30.0
[2024.04.02-07.20.55:646][557]LogBlueprintUserMessages: [CreationScreenWidget_C_0] 30.0
[2024.04.02-07.20.55:646][557]LogBlueprintUserMessages: [CreationScreenWidget_C_0] 30.0
[2024.04.02-07.20.55:702][559]LogBlueprintUserMessages: [CreationScreenWidget_C_0] 31.0
[2024.04.02-07.20.55:702][559]LogBlueprintUserMessages: [CreationScreenWidget_C_0] 31.0
[2024.04.02-07.20.55:702][559]LogBlueprintUserMessages: [CreationScreenWidget_C_0] 31.0
[2024.04.02-07.20.55:702][559]LogBlueprintUserMessages: [CreationScreenWidget_C_0] 31.0
[2024.04.02-07.20.55:736][560]LogBlueprintUserMessages: [CreationScreenWidget_C_0] 32.0
[2024.04.02-07.20.55:736][560]LogBlueprintUserMessages: [CreationScreenWidget_C_0] 32.0
[2024.04.02-07.20.55:736][560]LogBlueprintUserMessages: [CreationScreenWidget_C_0] 32.0
[2024.04.02-07.20.55:736][560]LogBlueprintUserMessages: [CreationScreenWidget_C_0] 32.0
[2024.04.02-07.20.55:799][562]LogBlueprintUserMessages: [CreationScreenWidget_C_0] 33.0
[2024.04.02-07.20.55:799][562]LogBlueprintUserMessages: [CreationScreenWidget_C_0] 33.0
[2024.04.02-07.20.55:799][562]LogBlueprintUserMessages: [CreationScreenWidget_C_0] 33.0
[2024.04.02-07.20.55:800][562]LogBlueprintUserMessages: [CreationScreenWidget_C_0] 33.0
[2024.04.02-07.20.55:832][563]LogBlueprintUserMessages: [CreationScreenWidget_C_0] 34.0
[2024.04.02-07.20.55:832][563]LogBlueprintUserMessages: [CreationScreenWidget_C_0] 34.0
[2024.04.02-07.20.55:832][563]LogBlueprintUserMessages: [CreationScreenWidget_C_0] 34.0
[2024.04.02-07.20.55:832][563]LogBlueprintUserMessages: [CreationScreenWidget_C_0] 34.0
[2024.04.02-07.20.55:880][565]LogBlueprintUserMessages: [CreationScreenWidget_C_0] 35.0
[2024.04.02-07.20.55:880][565]LogBlueprintUserMessages: [CreationScreenWidget_C_0] 35.0
[2024.04.02-07.20.55:880][565]LogBlueprintUserMessages: [CreationScreenWidget_C_0] 35.0
[2024.04.02-07.20.55:880][565]LogBlueprintUserMessages: [CreationScreenWidget_C_0] 35.0
[2024.04.02-07.20.55:934][567]LogBlueprintUserMessages: [CreationScreenWidget_C_0] 36.0
[2024.04.02-07.20.55:934][567]LogBlueprintUserMessages: [CreationScreenWidget_C_0] 36.0
[2024.04.02-07.20.55:934][567]LogBlueprintUserMessages: [CreationScreenWidget_C_0] 36.0
[2024.04.02-07.20.55:934][567]LogBlueprintUserMessages: [CreationScreenWidget_C_0] 36.0
[2024.04.02-07.20.56:002][569]LogBlueprintUserMessages: [CreationScreenWidget_C_0] 37.0
[2024.04.02-07.20.56:002][569]LogBlueprintUserMessages: [CreationScreenWidget_C_0] 37.0
[2024.04.02-07.20.56:002][569]LogBlueprintUserMessages: [CreationScreenWidget_C_0] 37.0
[2024.04.02-07.20.56:003][569]LogBlueprintUserMessages: [CreationScreenWidget_C_0] 37.0
[2024.04.02-07.20.56:035][570]LogBlueprintUserMessages: [CreationScreenWidget_C_0] 38.0
[2024.04.02-07.20.56:035][570]LogBlueprintUserMessages: [CreationScreenWidget_C_0] 38.0
[2024.04.02-07.20.56:035][570]LogBlueprintUserMessages: [CreationScreenWidget_C_0] 38.0
[2024.04.02-07.20.56:036][570]LogBlueprintUserMessages: [CreationScreenWidget_C_0] 38.0
[2024.04.02-07.20.56:099][572]LogBlueprintUserMessages: [CreationScreenWidget_C_0] 39.0
[2024.04.02-07.20.56:099][572]LogBlueprintUserMessages: [CreationScreenWidget_C_0] 39.0
[2024.04.02-07.20.56:099][572]LogBlueprintUserMessages: [CreationScreenWidget_C_0] 39.0
[2024.04.02-07.20.56:099][572]LogBlueprintUserMessages: [CreationScreenWidget_C_0] 39.0
[2024.04.02-07.20.56:131][573]LogBlueprintUserMessages: [CreationScreenWidget_C_0] 40.0
[2024.04.02-07.20.56:131][573]LogBlueprintUserMessages: [CreationScreenWidget_C_0] 40.0
[2024.04.02-07.20.56:132][573]LogBlueprintUserMessages: [CreationScreenWidget_C_0] 40.0
[2024.04.02-07.20.56:132][573]LogBlueprintUserMessages: [CreationScreenWidget_C_0] 40.0
[2024.04.02-07.20.56:190][575]LogBlueprintUserMessages: [CreationScreenWidget_C_0] 41.0
[2024.04.02-07.20.56:191][575]LogBlueprintUserMessages: [CreationScreenWidget_C_0] 41.0
[2024.04.02-07.20.56:191][575]LogBlueprintUserMessages: [CreationScreenWidget_C_0] 41.0
[2024.04.02-07.20.56:191][575]LogBlueprintUserMessages: [CreationScreenWidget_C_0] 41.0
[2024.04.02-07.20.56:263][577]LogBlueprintUserMessages: [CreationScreenWidget_C_0] 42.0
[2024.04.02-07.20.56:263][577]LogBlueprintUserMessages: [CreationScreenWidget_C_0] 42.0
[2024.04.02-07.20.56:263][577]LogBlueprintUserMessages: [CreationScreenWidget_C_0] 42.0
[2024.04.02-07.20.56:264][577]LogBlueprintUserMessages: [CreationScreenWidget_C_0] 42.0
[2024.04.02-07.20.56:292][578]LogBlueprintUserMessages: [CreationScreenWidget_C_0] 43.0
[2024.04.02-07.20.56:293][578]LogBlueprintUserMessages: [CreationScreenWidget_C_0] 43.0
[2024.04.02-07.20.56:293][578]LogBlueprintUserMessages: [CreationScreenWidget_C_0] 43.0
[2024.04.02-07.20.56:293][578]LogBlueprintUserMessages: [CreationScreenWidget_C_0] 43.0
[2024.04.02-07.20.56:346][580]LogBlueprintUserMessages: [CreationScreenWidget_C_0] 44.0
[2024.04.02-07.20.56:346][580]LogBlueprintUserMessages: [CreationScreenWidget_C_0] 44.0
[2024.04.02-07.20.56:346][580]LogBlueprintUserMessages: [CreationScreenWidget_C_0] 44.0
[2024.04.02-07.20.56:347][580]LogBlueprintUserMessages: [CreationScreenWidget_C_0] 44.0
[2024.04.02-07.20.56:392][582]LogBlueprintUserMessages: [CreationScreenWidget_C_0] 45.0
[2024.04.02-07.20.56:393][582]LogBlueprintUserMessages: [CreationScreenWidget_C_0] 45.0
[2024.04.02-07.20.56:393][582]LogBlueprintUserMessages: [CreationScreenWidget_C_0] 45.0
[2024.04.02-07.20.56:393][582]LogBlueprintUserMessages: [CreationScreenWidget_C_0] 45.0
[2024.04.02-07.20.56:460][584]LogBlueprintUserMessages: [CreationScreenWidget_C_0] 46.0
[2024.04.02-07.20.56:460][584]LogBlueprintUserMessages: [CreationScreenWidget_C_0] 46.0
[2024.04.02-07.20.56:460][584]LogBlueprintUserMessages: [CreationScreenWidget_C_0] 46.0
[2024.04.02-07.20.56:460][584]LogBlueprintUserMessages: [CreationScreenWidget_C_0] 46.0
[2024.04.02-07.20.56:493][585]LogBlueprintUserMessages: [CreationScreenWidget_C_0] 47.0
[2024.04.02-07.20.56:493][585]LogBlueprintUserMessages: [CreationScreenWidget_C_0] 47.0
[2024.04.02-07.20.56:493][585]LogBlueprintUserMessages: [CreationScreenWidget_C_0] 47.0
[2024.04.02-07.20.56:493][585]LogBlueprintUserMessages: [CreationScreenWidget_C_0] 47.0
[2024.04.02-07.20.56:561][587]LogBlueprintUserMessages: [CreationScreenWidget_C_0] 48.0
[2024.04.02-07.20.56:561][587]LogBlueprintUserMessages: [CreationScreenWidget_C_0] 48.0
[2024.04.02-07.20.56:561][587]LogBlueprintUserMessages: [CreationScreenWidget_C_0] 48.0
[2024.04.02-07.20.56:561][587]LogBlueprintUserMessages: [CreationScreenWidget_C_0] 48.0
[2024.04.02-07.20.56:584][588]LogBlueprintUserMessages: [CreationScreenWidget_C_0] 49.0
[2024.04.02-07.20.56:584][588]LogBlueprintUserMessages: [CreationScreenWidget_C_0] 49.0
[2024.04.02-07.20.56:584][588]LogBlueprintUserMessages: [CreationScreenWidget_C_0] 49.0
[2024.04.02-07.20.56:584][588]LogBlueprintUserMessages: [CreationScreenWidget_C_0] 49.0
[2024.04.02-07.20.56:637][590]LogBlueprintUserMessages: [CreationScreenWidget_C_0] 50.0
[2024.04.02-07.20.56:637][590]LogBlueprintUserMessages: [CreationScreenWidget_C_0] 50.0
[2024.04.02-07.20.56:638][590]LogBlueprintUserMessages: [CreationScreenWidget_C_0] 50.0
[2024.04.02-07.20.56:638][590]LogBlueprintUserMessages: [CreationScreenWidget_C_0] 50.0
[2024.04.02-07.20.56:680][592]LogBlueprintUserMessages: [CreationScreenWidget_C_0] 51.0
[2024.04.02-07.20.56:681][592]LogBlueprintUserMessages: [CreationScreenWidget_C_0] 51.0
[2024.04.02-07.20.56:681][592]LogBlueprintUserMessages: [CreationScreenWidget_C_0] 51.0
[2024.04.02-07.20.56:681][592]LogBlueprintUserMessages: [CreationScreenWidget_C_0] 51.0
[2024.04.02-07.20.56:751][594]LogBlueprintUserMessages: [CreationScreenWidget_C_0] 52.0
[2024.04.02-07.20.56:752][594]LogBlueprintUserMessages: [CreationScreenWidget_C_0] 52.0
[2024.04.02-07.20.56:752][594]LogBlueprintUserMessages: [CreationScreenWidget_C_0] 52.0
[2024.04.02-07.20.56:752][594]LogBlueprintUserMessages: [CreationScreenWidget_C_0] 52.0
[2024.04.02-07.20.56:783][595]LogBlueprintUserMessages: [CreationScreenWidget_C_0] 53.0
[2024.04.02-07.20.56:783][595]LogBlueprintUserMessages: [CreationScreenWidget_C_0] 53.0
[2024.04.02-07.20.56:785][595]LogBlueprintUserMessages: [CreationScreenWidget_C_0] 53.0
[2024.04.02-07.20.56:785][595]LogBlueprintUserMessages: [CreationScreenWidget_C_0] 53.0
[2024.04.02-07.20.56:846][597]LogBlueprintUserMessages: [CreationScreenWidget_C_0] 54.0
[2024.04.02-07.20.56:846][597]LogBlueprintUserMessages: [CreationScreenWidget_C_0] 54.0
[2024.04.02-07.20.56:847][597]LogBlueprintUserMessages: [CreationScreenWidget_C_0] 54.0
[2024.04.02-07.20.56:847][597]LogBlueprintUserMessages: [CreationScreenWidget_C_0] 54.0
[2024.04.02-07.20.56:893][599]LogBlueprintUserMessages: [CreationScreenWidget_C_0] 55.0
[2024.04.02-07.20.56:894][599]LogBlueprintUserMessages: [CreationScreenWidget_C_0] 55.0
[2024.04.02-07.20.56:894][599]LogBlueprintUserMessages: [CreationScreenWidget_C_0] 55.0
[2024.04.02-07.20.56:894][599]LogBlueprintUserMessages: [CreationScreenWidget_C_0] 55.0
[2024.04.02-07.20.56:954][601]LogBlueprintUserMessages: [CreationScreenWidget_C_0] 56.0
[2024.04.02-07.20.56:954][601]LogBlueprintUserMessages: [CreationScreenWidget_C_0] 56.0
[2024.04.02-07.20.56:954][601]LogBlueprintUserMessages: [CreationScreenWidget_C_0] 56.0
[2024.04.02-07.20.56:954][601]LogBlueprintUserMessages: [CreationScreenWidget_C_0] 56.0
[2024.04.02-07.20.56:979][602]LogBlueprintUserMessages: [CreationScreenWidget_C_0] 57.0
[2024.04.02-07.20.56:980][602]LogBlueprintUserMessages: [CreationScreenWidget_C_0] 57.0
[2024.04.02-07.20.56:980][602]LogBlueprintUserMessages: [CreationScreenWidget_C_0] 57.0
[2024.04.02-07.20.56:980][602]LogBlueprintUserMessages: [CreationScreenWidget_C_0] 57.0
[2024.04.02-07.20.57:046][605]LogBlueprintUserMessages: [CreationScreenWidget_C_0] 58.0
[2024.04.02-07.20.57:046][605]LogBlueprintUserMessages: [CreationScreenWidget_C_0] 58.0
[2024.04.02-07.20.57:046][605]LogBlueprintUserMessages: [CreationScreenWidget_C_0] 58.0
[2024.04.02-07.20.57:046][605]LogBlueprintUserMessages: [CreationScreenWidget_C_0] 58.0
[2024.04.02-07.20.57:091][607]LogBlueprintUserMessages: [CreationScreenWidget_C_0] 59.0
[2024.04.02-07.20.57:093][607]LogBlueprintUserMessages: [CreationScreenWidget_C_0] 59.0
[2024.04.02-07.20.57:093][607]LogBlueprintUserMessages: [CreationScreenWidget_C_0] 59.0
[2024.04.02-07.20.57:093][607]LogBlueprintUserMessages: [CreationScreenWidget_C_0] 59.0
[2024.04.02-07.20.57:147][609]LogBlueprintUserMessages: [CreationScreenWidget_C_0] 60.0
[2024.04.02-07.20.57:148][609]LogBlueprintUserMessages: [CreationScreenWidget_C_0] 60.0
[2024.04.02-07.20.57:148][609]LogBlueprintUserMessages: [CreationScreenWidget_C_0] 60.0
[2024.04.02-07.20.57:148][609]LogBlueprintUserMessages: [CreationScreenWidget_C_0] 60.0
[2024.04.02-07.20.57:187][611]LogBlueprintUserMessages: [CreationScreenWidget_C_0] 61.0
[2024.04.02-07.20.57:187][611]LogBlueprintUserMessages: [CreationScreenWidget_C_0] 61.0
[2024.04.02-07.20.57:187][611]LogBlueprintUserMessages: [CreationScreenWidget_C_0] 61.0
[2024.04.02-07.20.57:187][611]LogBlueprintUserMessages: [CreationScreenWidget_C_0] 61.0
[2024.04.02-07.20.57:252][613]LogBlueprintUserMessages: [CreationScreenWidget_C_0] 62.0
[2024.04.02-07.20.57:252][613]LogBlueprintUserMessages: [CreationScreenWidget_C_0] 62.0
[2024.04.02-07.20.57:253][613]LogBlueprintUserMessages: [CreationScreenWidget_C_0] 62.0
[2024.04.02-07.20.57:253][613]LogBlueprintUserMessages: [CreationScreenWidget_C_0] 62.0
[2024.04.02-07.20.57:284][614]LogBlueprintUserMessages: [CreationScreenWidget_C_0] 63.0
[2024.04.02-07.20.57:284][614]LogBlueprintUserMessages: [CreationScreenWidget_C_0] 63.0
[2024.04.02-07.20.57:284][614]LogBlueprintUserMessages: [CreationScreenWidget_C_0] 63.0
[2024.04.02-07.20.57:284][614]LogBlueprintUserMessages: [CreationScreenWidget_C_0] 63.0
[2024.04.02-07.20.57:360][616]LogBlueprintUserMessages: [CreationScreenWidget_C_0] 64.0
[2024.04.02-07.20.57:360][616]LogBlueprintUserMessages: [CreationScreenWidget_C_0] 64.0
[2024.04.02-07.20.57:360][616]LogBlueprintUserMessages: [CreationScreenWidget_C_0] 64.0
[2024.04.02-07.20.57:360][616]LogBlueprintUserMessages: [CreationScreenWidget_C_0] 64.0
[2024.04.02-07.20.57:393][617]LogBlueprintUserMessages: [CreationScreenWidget_C_0] 65.0
[2024.04.02-07.20.57:393][617]LogBlueprintUserMessages: [CreationScreenWidget_C_0] 65.0
[2024.04.02-07.20.57:393][617]LogBlueprintUserMessages: [CreationScreenWidget_C_0] 65.0
[2024.04.02-07.20.57:393][617]LogBlueprintUserMessages: [CreationScreenWidget_C_0] 65.0
[2024.04.02-07.20.57:447][619]LogBlueprintUserMessages: [CreationScreenWidget_C_0] 66.0
[2024.04.02-07.20.57:447][619]LogBlueprintUserMessages: [CreationScreenWidget_C_0] 66.0
[2024.04.02-07.20.57:448][619]LogBlueprintUserMessages: [CreationScreenWidget_C_0] 66.0
[2024.04.02-07.20.57:448][619]LogBlueprintUserMessages: [CreationScreenWidget_C_0] 66.0
[2024.04.02-07.20.57:478][620]LogBlueprintUserMessages: [CreationScreenWidget_C_0] 67.0
[2024.04.02-07.20.57:479][620]LogBlueprintUserMessages: [CreationScreenWidget_C_0] 67.0
[2024.04.02-07.20.57:479][620]LogBlueprintUserMessages: [CreationScreenWidget_C_0] 67.0
[2024.04.02-07.20.57:479][620]LogBlueprintUserMessages: [CreationScreenWidget_C_0] 67.0
[2024.04.02-07.20.57:547][623]LogBlueprintUserMessages: [CreationScreenWidget_C_0] 68.0
[2024.04.02-07.20.57:548][623]LogBlueprintUserMessages: [CreationScreenWidget_C_0] 68.0
[2024.04.02-07.20.57:548][623]LogBlueprintUserMessages: [CreationScreenWidget_C_0] 68.0
[2024.04.02-07.20.57:548][623]LogBlueprintUserMessages: [CreationScreenWidget_C_0] 68.0
[2024.04.02-07.20.57:582][624]LogBlueprintUserMessages: [CreationScreenWidget_C_0] 69.0
[2024.04.02-07.20.57:583][624]LogBlueprintUserMessages: [CreationScreenWidget_C_0] 69.0
[2024.04.02-07.20.57:583][624]LogBlueprintUserMessages: [CreationScreenWidget_C_0] 69.0
[2024.04.02-07.20.57:583][624]LogBlueprintUserMessages: [CreationScreenWidget_C_0] 69.0
[2024.04.02-07.20.57:630][626]LogBlueprintUserMessages: [CreationScreenWidget_C_0] 70.0
[2024.04.02-07.20.57:630][626]LogBlueprintUserMessages: [CreationScreenWidget_C_0] 70.0
[2024.04.02-07.20.57:630][626]LogBlueprintUserMessages: [CreationScreenWidget_C_0] 70.0
[2024.04.02-07.20.57:630][626]LogBlueprintUserMessages: [CreationScreenWidget_C_0] 70.0
[2024.04.02-07.20.57:685][628]LogBlueprintUserMessages: [CreationScreenWidget_C_0] 71.0
[2024.04.02-07.20.57:685][628]LogBlueprintUserMessages: [CreationScreenWidget_C_0] 71.0
[2024.04.02-07.20.57:685][628]LogBlueprintUserMessages: [CreationScreenWidget_C_0] 71.0
[2024.04.02-07.20.57:685][628]LogBlueprintUserMessages: [CreationScreenWidget_C_0] 71.0
[2024.04.02-07.20.57:749][630]LogBlueprintUserMessages: [CreationScreenWidget_C_0] 72.0
[2024.04.02-07.20.57:750][630]LogBlueprintUserMessages: [CreationScreenWidget_C_0] 72.0
[2024.04.02-07.20.57:750][630]LogBlueprintUserMessages: [CreationScreenWidget_C_0] 72.0
[2024.04.02-07.20.57:750][630]LogBlueprintUserMessages: [CreationScreenWidget_C_0] 72.0
[2024.04.02-07.20.57:782][631]LogBlueprintUserMessages: [CreationScreenWidget_C_0] 73.0
[2024.04.02-07.20.57:783][631]LogBlueprintUserMessages: [CreationScreenWidget_C_0] 73.0
[2024.04.02-07.20.57:783][631]LogBlueprintUserMessages: [CreationScreenWidget_C_0] 73.0
[2024.04.02-07.20.57:783][631]LogBlueprintUserMessages: [CreationScreenWidget_C_0] 73.0
[2024.04.02-07.20.57:845][633]LogBlueprintUserMessages: [CreationScreenWidget_C_0] 74.0
[2024.04.02-07.20.57:845][633]LogBlueprintUserMessages: [CreationScreenWidget_C_0] 74.0
[2024.04.02-07.20.57:846][633]LogBlueprintUserMessages: [CreationScreenWidget_C_0] 74.0
[2024.04.02-07.20.57:846][633]LogBlueprintUserMessages: [CreationScreenWidget_C_0] 74.0
[2024.04.02-07.20.57:898][635]LogBlueprintUserMessages: [CreationScreenWidget_C_0] 75.0
[2024.04.02-07.20.57:898][635]LogBlueprintUserMessages: [CreationScreenWidget_C_0] 75.0
[2024.04.02-07.20.57:898][635]LogBlueprintUserMessages: [CreationScreenWidget_C_0] 75.0
[2024.04.02-07.20.57:898][635]LogBlueprintUserMessages: [CreationScreenWidget_C_0] 75.0
[2024.04.02-07.20.57:929][636]LogBlueprintUserMessages: [CreationScreenWidget_C_0] 76.0
[2024.04.02-07.20.57:929][636]LogBlueprintUserMessages: [CreationScreenWidget_C_0] 76.0
[2024.04.02-07.20.57:929][636]LogBlueprintUserMessages: [CreationScreenWidget_C_0] 76.0
[2024.04.02-07.20.57:930][636]LogBlueprintUserMessages: [CreationScreenWidget_C_0] 76.0
[2024.04.02-07.20.57:995][638]LogBlueprintUserMessages: [CreationScreenWidget_C_0] 77.0
[2024.04.02-07.20.57:995][638]LogBlueprintUserMessages: [CreationScreenWidget_C_0] 77.0
[2024.04.02-07.20.57:995][638]LogBlueprintUserMessages: [CreationScreenWidget_C_0] 77.0
[2024.04.02-07.20.57:996][638]LogBlueprintUserMessages: [CreationScreenWidget_C_0] 77.0
[2024.04.02-07.20.58:048][640]LogBlueprintUserMessages: [CreationScreenWidget_C_0] 78.0
[2024.04.02-07.20.58:048][640]LogBlueprintUserMessages: [CreationScreenWidget_C_0] 78.0
[2024.04.02-07.20.58:048][640]LogBlueprintUserMessages: [CreationScreenWidget_C_0] 78.0
[2024.04.02-07.20.58:048][640]LogBlueprintUserMessages: [CreationScreenWidget_C_0] 78.0
[2024.04.02-07.20.58:087][642]LogBlueprintUserMessages: [CreationScreenWidget_C_0] 79.0
[2024.04.02-07.20.58:087][642]LogBlueprintUserMessages: [CreationScreenWidget_C_0] 79.0
[2024.04.02-07.20.58:087][642]LogBlueprintUserMessages: [CreationScreenWidget_C_0] 79.0
[2024.04.02-07.20.58:087][642]LogBlueprintUserMessages: [CreationScreenWidget_C_0] 79.0
[2024.04.02-07.20.58:143][644]LogBlueprintUserMessages: [CreationScreenWidget_C_0] 80.0
[2024.04.02-07.20.58:143][644]LogBlueprintUserMessages: [CreationScreenWidget_C_0] 80.0
[2024.04.02-07.20.58:143][644]LogBlueprintUserMessages: [CreationScreenWidget_C_0] 80.0
[2024.04.02-07.20.58:143][644]LogBlueprintUserMessages: [CreationScreenWidget_C_0] 80.0
[2024.04.02-07.20.58:197][646]LogBlueprintUserMessages: [CreationScreenWidget_C_0] 1.0
[2024.04.02-07.20.58:197][646]LogBlueprintUserMessages: [CreationScreenWidget_C_0] 1.0
[2024.04.02-07.20.58:197][646]LogBlueprintUserMessages: [CreationScreenWidget_C_0] 1.0
[2024.04.02-07.20.58:197][646]LogBlueprintUserMessages: [CreationScreenWidget_C_0] 1.0
[2024.04.02-07.20.58:229][647]LogBlueprintUserMessages: [CreationScreenWidget_C_0] 2.0
[2024.04.02-07.20.58:230][647]LogBlueprintUserMessages: [CreationScreenWidget_C_0] 2.0
[2024.04.02-07.20.58:230][647]LogBlueprintUserMessages: [CreationScreenWidget_C_0] 2.0
[2024.04.02-07.20.58:230][647]LogBlueprintUserMessages: [CreationScreenWidget_C_0] 2.0
[2024.04.02-07.20.58:297][649]LogBlueprintUserMessages: [CreationScreenWidget_C_0] 3.0
[2024.04.02-07.20.58:298][649]LogBlueprintUserMessages: [CreationScreenWidget_C_0] 3.0
[2024.04.02-07.20.58:298][649]LogBlueprintUserMessages: [CreationScreenWidget_C_0] 3.0
[2024.04.02-07.20.58:298][649]LogBlueprintUserMessages: [CreationScreenWidget_C_0] 3.0
[2024.04.02-07.20.58:329][650]LogBlueprintUserMessages: [CreationScreenWidget_C_0] 4.0
[2024.04.02-07.20.58:329][650]LogBlueprintUserMessages: [CreationScreenWidget_C_0] 4.0
[2024.04.02-07.20.58:330][650]LogBlueprintUserMessages: [CreationScreenWidget_C_0] 4.0
[2024.04.02-07.20.58:330][650]LogBlueprintUserMessages: [CreationScreenWidget_C_0] 4.0
[2024.04.02-07.20.58:379][652]LogBlueprintUserMessages: [CreationScreenWidget_C_0] 5.0
[2024.04.02-07.20.58:380][652]LogBlueprintUserMessages: [CreationScreenWidget_C_0] 5.0
[2024.04.02-07.20.58:380][652]LogBlueprintUserMessages: [CreationScreenWidget_C_0] 5.0
[2024.04.02-07.20.58:380][652]LogBlueprintUserMessages: [CreationScreenWidget_C_0] 5.0
[2024.04.02-07.20.58:429][654]LogBlueprintUserMessages: [CreationScreenWidget_C_0] 6.0
[2024.04.02-07.20.58:430][654]LogBlueprintUserMessages: [CreationScreenWidget_C_0] 6.0
[2024.04.02-07.20.58:430][654]LogBlueprintUserMessages: [CreationScreenWidget_C_0] 6.0
[2024.04.02-07.20.58:430][654]LogBlueprintUserMessages: [CreationScreenWidget_C_0] 6.0
[2024.04.02-07.20.58:479][656]LogBlueprintUserMessages: [CreationScreenWidget_C_0] 7.0
[2024.04.02-07.20.58:480][656]LogBlueprintUserMessages: [CreationScreenWidget_C_0] 7.0
[2024.04.02-07.20.58:480][656]LogBlueprintUserMessages: [CreationScreenWidget_C_0] 7.0
[2024.04.02-07.20.58:480][656]LogBlueprintUserMessages: [CreationScreenWidget_C_0] 7.0
[2024.04.02-07.20.58:549][659]LogBlueprintUserMessages: [CreationScreenWidget_C_0] 8.0
[2024.04.02-07.20.58:550][659]LogBlueprintUserMessages: [CreationScreenWidget_C_0] 8.0
[2024.04.02-07.20.58:550][659]LogBlueprintUserMessages: [CreationScreenWidget_C_0] 8.0
[2024.04.02-07.20.58:550][659]LogBlueprintUserMessages: [CreationScreenWidget_C_0] 8.0
[2024.04.02-07.20.58:582][660]LogBlueprintUserMessages: [CreationScreenWidget_C_0] 9.0
[2024.04.02-07.20.58:582][660]LogBlueprintUserMessages: [CreationScreenWidget_C_0] 9.0
[2024.04.02-07.20.58:583][660]LogBlueprintUserMessages: [CreationScreenWidget_C_0] 9.0
[2024.04.02-07.20.58:583][660]LogBlueprintUserMessages: [CreationScreenWidget_C_0] 9.0
[2024.04.02-07.20.58:636][662]LogBlueprintUserMessages: [CreationScreenWidget_C_0] 10.0
[2024.04.02-07.20.58:636][662]LogBlueprintUserMessages: [CreationScreenWidget_C_0] 10.0
[2024.04.02-07.20.58:636][662]LogBlueprintUserMessages: [CreationScreenWidget_C_0] 10.0
[2024.04.02-07.20.58:636][662]LogBlueprintUserMessages: [CreationScreenWidget_C_0] 10.0
[2024.04.02-07.20.58:693][664]LogBlueprintUserMessages: [CreationScreenWidget_C_0] 11.0
[2024.04.02-07.20.58:693][664]LogBlueprintUserMessages: [CreationScreenWidget_C_0] 11.0
[2024.04.02-07.20.58:693][664]LogBlueprintUserMessages: [CreationScreenWidget_C_0] 11.0
[2024.04.02-07.20.58:693][664]LogBlueprintUserMessages: [CreationScreenWidget_C_0] 11.0
[2024.04.02-07.20.58:754][666]LogBlueprintUserMessages: [CreationScreenWidget_C_0] 12.0
[2024.04.02-07.20.58:755][666]LogBlueprintUserMessages: [CreationScreenWidget_C_0] 12.0
[2024.04.02-07.20.58:755][666]LogBlueprintUserMessages: [CreationScreenWidget_C_0] 12.0
[2024.04.02-07.20.58:755][666]LogBlueprintUserMessages: [CreationScreenWidget_C_0] 12.0
[2024.04.02-07.20.58:779][667]LogBlueprintUserMessages: [CreationScreenWidget_C_0] 13.0
[2024.04.02-07.20.58:779][667]LogBlueprintUserMessages: [CreationScreenWidget_C_0] 13.0
[2024.04.02-07.20.58:779][667]LogBlueprintUserMessages: [CreationScreenWidget_C_0] 13.0
[2024.04.02-07.20.58:779][667]LogBlueprintUserMessages: [CreationScreenWidget_C_0] 13.0
[2024.04.02-07.20.58:847][670]LogBlueprintUserMessages: [CreationScreenWidget_C_0] 14.0
[2024.04.02-07.20.58:848][670]LogBlueprintUserMessages: [CreationScreenWidget_C_0] 14.0
[2024.04.02-07.20.58:848][670]LogBlueprintUserMessages: [CreationScreenWidget_C_0] 14.0
[2024.04.02-07.20.58:848][670]LogBlueprintUserMessages: [CreationScreenWidget_C_0] 14.0
[2024.04.02-07.20.58:897][672]LogBlueprintUserMessages: [CreationScreenWidget_C_0] 15.0
[2024.04.02-07.20.58:897][672]LogBlueprintUserMessages: [CreationScreenWidget_C_0] 15.0
[2024.04.02-07.20.58:897][672]LogBlueprintUserMessages: [CreationScreenWidget_C_0] 15.0
[2024.04.02-07.20.58:897][672]LogBlueprintUserMessages: [CreationScreenWidget_C_0] 15.0
[2024.04.02-07.20.58:946][674]LogBlueprintUserMessages: [CreationScreenWidget_C_0] 16.0
[2024.04.02-07.20.58:946][674]LogBlueprintUserMessages: [CreationScreenWidget_C_0] 16.0
[2024.04.02-07.20.58:947][674]LogBlueprintUserMessages: [CreationScreenWidget_C_0] 16.0
[2024.04.02-07.20.58:947][674]LogBlueprintUserMessages: [CreationScreenWidget_C_0] 16.0
[2024.04.02-07.20.59:000][676]LogBlueprintUserMessages: [CreationScreenWidget_C_0] 17.0
[2024.04.02-07.20.59:000][676]LogBlueprintUserMessages: [CreationScreenWidget_C_0] 17.0
[2024.04.02-07.20.59:000][676]LogBlueprintUserMessages: [CreationScreenWidget_C_0] 17.0
[2024.04.02-07.20.59:000][676]LogBlueprintUserMessages: [CreationScreenWidget_C_0] 17.0
[2024.04.02-07.20.59:032][677]LogBlueprintUserMessages: [CreationScreenWidget_C_0] 18.0
[2024.04.02-07.20.59:032][677]LogBlueprintUserMessages: [CreationScreenWidget_C_0] 18.0
[2024.04.02-07.20.59:032][677]LogBlueprintUserMessages: [CreationScreenWidget_C_0] 18.0
[2024.04.02-07.20.59:033][677]LogBlueprintUserMessages: [CreationScreenWidget_C_0] 18.0
[2024.04.02-07.20.59:096][679]LogBlueprintUserMessages: [CreationScreenWidget_C_0] 19.0
[2024.04.02-07.20.59:096][679]LogBlueprintUserMessages: [CreationScreenWidget_C_0] 19.0
[2024.04.02-07.20.59:096][679]LogBlueprintUserMessages: [CreationScreenWidget_C_0] 19.0
[2024.04.02-07.20.59:096][679]LogBlueprintUserMessages: [CreationScreenWidget_C_0] 19.0
[2024.04.02-07.20.59:151][681]LogBlueprintUserMessages: [CreationScreenWidget_C_0] 20.0
[2024.04.02-07.20.59:152][681]LogBlueprintUserMessages: [CreationScreenWidget_C_0] 20.0
[2024.04.02-07.20.59:152][681]LogBlueprintUserMessages: [CreationScreenWidget_C_0] 20.0
[2024.04.02-07.20.59:152][681]LogBlueprintUserMessages: [CreationScreenWidget_C_0] 20.0
[2024.04.02-07.20.59:199][683]LogBlueprintUserMessages: [CreationScreenWidget_C_0] 21.0
[2024.04.02-07.20.59:200][683]LogBlueprintUserMessages: [CreationScreenWidget_C_0] 21.0
[2024.04.02-07.20.59:200][683]LogBlueprintUserMessages: [CreationScreenWidget_C_0] 21.0
[2024.04.02-07.20.59:200][683]LogBlueprintUserMessages: [CreationScreenWidget_C_0] 21.0
[2024.04.02-07.20.59:232][684]LogBlueprintUserMessages: [CreationScreenWidget_C_0] 22.0
[2024.04.02-07.20.59:232][684]LogBlueprintUserMessages: [CreationScreenWidget_C_0] 22.0
[2024.04.02-07.20.59:233][684]LogBlueprintUserMessages: [CreationScreenWidget_C_0] 22.0
[2024.04.02-07.20.59:233][684]LogBlueprintUserMessages: [CreationScreenWidget_C_0] 22.0
[2024.04.02-07.20.59:300][686]LogBlueprintUserMessages: [CreationScreenWidget_C_0] 23.0
[2024.04.02-07.20.59:300][686]LogBlueprintUserMessages: [CreationScreenWidget_C_0] 23.0
[2024.04.02-07.20.59:300][686]LogBlueprintUserMessages: [CreationScreenWidget_C_0] 23.0
[2024.04.02-07.20.59:300][686]LogBlueprintUserMessages: [CreationScreenWidget_C_0] 23.0
[2024.04.02-07.20.59:333][687]LogBlueprintUserMessages: [CreationScreenWidget_C_0] 24.0
[2024.04.02-07.20.59:334][687]LogBlueprintUserMessages: [CreationScreenWidget_C_0] 24.0
[2024.04.02-07.20.59:334][687]LogBlueprintUserMessages: [CreationScreenWidget_C_0] 24.0
[2024.04.02-07.20.59:334][687]LogBlueprintUserMessages: [CreationScreenWidget_C_0] 24.0
[2024.04.02-07.20.59:396][689]LogBlueprintUserMessages: [CreationScreenWidget_C_0] 25.0
[2024.04.02-07.20.59:396][689]LogBlueprintUserMessages: [CreationScreenWidget_C_0] 25.0
[2024.04.02-07.20.59:396][689]LogBlueprintUserMessages: [CreationScreenWidget_C_0] 25.0
[2024.04.02-07.20.59:396][689]LogBlueprintUserMessages: [CreationScreenWidget_C_0] 25.0
[2024.04.02-07.20.59:436][691]LogBlueprintUserMessages: [CreationScreenWidget_C_0] 26.0
[2024.04.02-07.20.59:436][691]LogBlueprintUserMessages: [CreationScreenWidget_C_0] 26.0
[2024.04.02-07.20.59:437][691]LogBlueprintUserMessages: [CreationScreenWidget_C_0] 26.0
[2024.04.02-07.20.59:437][691]LogBlueprintUserMessages: [CreationScreenWidget_C_0] 26.0
[2024.04.02-07.20.59:499][693]LogBlueprintUserMessages: [CreationScreenWidget_C_0] 27.0
[2024.04.02-07.20.59:500][693]LogBlueprintUserMessages: [CreationScreenWidget_C_0] 27.0
[2024.04.02-07.20.59:500][693]LogBlueprintUserMessages: [CreationScreenWidget_C_0] 27.0
[2024.04.02-07.20.59:500][693]LogBlueprintUserMessages: [CreationScreenWidget_C_0] 27.0
[2024.04.02-07.20.59:541][694]LogBlueprintUserMessages: [CreationScreenWidget_C_0] 28.0
[2024.04.02-07.20.59:541][694]LogBlueprintUserMessages: [CreationScreenWidget_C_0] 28.0
[2024.04.02-07.20.59:543][694]LogBlueprintUserMessages: [CreationScreenWidget_C_0] 28.0
[2024.04.02-07.20.59:543][694]LogBlueprintUserMessages: [CreationScreenWidget_C_0] 28.0
[2024.04.02-07.20.59:583][696]LogBlueprintUserMessages: [CreationScreenWidget_C_0] 29.0
[2024.04.02-07.20.59:583][696]LogBlueprintUserMessages: [CreationScreenWidget_C_0] 29.0
[2024.04.02-07.20.59:583][696]LogBlueprintUserMessages: [CreationScreenWidget_C_0] 29.0
[2024.04.02-07.20.59:583][696]LogBlueprintUserMessages: [CreationScreenWidget_C_0] 29.0
[2024.04.02-07.20.59:647][698]LogBlueprintUserMessages: [CreationScreenWidget_C_0] 30.0
[2024.04.02-07.20.59:648][698]LogBlueprintUserMessages: [CreationScreenWidget_C_0] 30.0
[2024.04.02-07.20.59:648][698]LogBlueprintUserMessages: [CreationScreenWidget_C_0] 30.0
[2024.04.02-07.20.59:648][698]LogBlueprintUserMessages: [CreationScreenWidget_C_0] 30.0
[2024.04.02-07.20.59:678][699]LogBlueprintUserMessages: [CreationScreenWidget_C_0] 31.0
[2024.04.02-07.20.59:678][699]LogBlueprintUserMessages: [CreationScreenWidget_C_0] 31.0
[2024.04.02-07.20.59:678][699]LogBlueprintUserMessages: [CreationScreenWidget_C_0] 31.0
[2024.04.02-07.20.59:678][699]LogBlueprintUserMessages: [CreationScreenWidget_C_0] 31.0
[2024.04.02-07.20.59:734][701]LogBlueprintUserMessages: [CreationScreenWidget_C_0] 32.0
[2024.04.02-07.20.59:734][701]LogBlueprintUserMessages: [CreationScreenWidget_C_0] 32.0
[2024.04.02-07.20.59:734][701]LogBlueprintUserMessages: [CreationScreenWidget_C_0] 32.0
[2024.04.02-07.20.59:736][701]LogBlueprintUserMessages: [CreationScreenWidget_C_0] 32.0
[2024.04.02-07.20.59:798][703]LogBlueprintUserMessages: [CreationScreenWidget_C_0] 33.0
[2024.04.02-07.20.59:799][703]LogBlueprintUserMessages: [CreationScreenWidget_C_0] 33.0
[2024.04.02-07.20.59:799][703]LogBlueprintUserMessages: [CreationScreenWidget_C_0] 33.0
[2024.04.02-07.20.59:799][703]LogBlueprintUserMessages: [CreationScreenWidget_C_0] 33.0
[2024.04.02-07.20.59:831][704]LogBlueprintUserMessages: [CreationScreenWidget_C_0] 34.0
[2024.04.02-07.20.59:832][704]LogBlueprintUserMessages: [CreationScreenWidget_C_0] 34.0
[2024.04.02-07.20.59:832][704]LogBlueprintUserMessages: [CreationScreenWidget_C_0] 34.0
[2024.04.02-07.20.59:832][704]LogBlueprintUserMessages: [CreationScreenWidget_C_0] 34.0
[2024.04.02-07.20.59:891][706]LogBlueprintUserMessages: [CreationScreenWidget_C_0] 35.0
[2024.04.02-07.20.59:891][706]LogBlueprintUserMessages: [CreationScreenWidget_C_0] 35.0
[2024.04.02-07.20.59:891][706]LogBlueprintUserMessages: [CreationScreenWidget_C_0] 35.0
[2024.04.02-07.20.59:891][706]LogBlueprintUserMessages: [CreationScreenWidget_C_0] 35.0
[2024.04.02-07.20.59:945][708]LogBlueprintUserMessages: [CreationScreenWidget_C_0] 36.0
[2024.04.02-07.20.59:945][708]LogBlueprintUserMessages: [CreationScreenWidget_C_0] 36.0
[2024.04.02-07.20.59:945][708]LogBlueprintUserMessages: [CreationScreenWidget_C_0] 36.0
[2024.04.02-07.20.59:945][708]LogBlueprintUserMessages: [CreationScreenWidget_C_0] 36.0
[2024.04.02-07.21.00:001][710]LogBlueprintUserMessages: [CreationScreenWidget_C_0] 37.0
[2024.04.02-07.21.00:001][710]LogBlueprintUserMessages: [CreationScreenWidget_C_0] 37.0
[2024.04.02-07.21.00:001][710]LogBlueprintUserMessages: [CreationScreenWidget_C_0] 37.0
[2024.04.02-07.21.00:001][710]LogBlueprintUserMessages: [CreationScreenWidget_C_0] 37.0
[2024.04.02-07.21.00:035][711]LogBlueprintUserMessages: [CreationScreenWidget_C_0] 38.0
[2024.04.02-07.21.00:035][711]LogBlueprintUserMessages: [CreationScreenWidget_C_0] 38.0
[2024.04.02-07.21.00:036][711]LogBlueprintUserMessages: [CreationScreenWidget_C_0] 38.0
[2024.04.02-07.21.00:036][711]LogBlueprintUserMessages: [CreationScreenWidget_C_0] 38.0
[2024.04.02-07.21.00:085][713]LogBlueprintUserMessages: [CreationScreenWidget_C_0] 39.0
[2024.04.02-07.21.00:085][713]LogBlueprintUserMessages: [CreationScreenWidget_C_0] 39.0
[2024.04.02-07.21.00:085][713]LogBlueprintUserMessages: [CreationScreenWidget_C_0] 39.0
[2024.04.02-07.21.00:085][713]LogBlueprintUserMessages: [CreationScreenWidget_C_0] 39.0
[2024.04.02-07.21.00:150][715]LogBlueprintUserMessages: [CreationScreenWidget_C_0] 40.0
[2024.04.02-07.21.00:151][715]LogBlueprintUserMessages: [CreationScreenWidget_C_0] 40.0
[2024.04.02-07.21.00:151][715]LogBlueprintUserMessages: [CreationScreenWidget_C_0] 40.0
[2024.04.02-07.21.00:151][715]LogBlueprintUserMessages: [CreationScreenWidget_C_0] 40.0
[2024.04.02-07.21.00:180][716]LogBlueprintUserMessages: [CreationScreenWidget_C_0] 41.0
[2024.04.02-07.21.00:180][716]LogBlueprintUserMessages: [CreationScreenWidget_C_0] 41.0
[2024.04.02-07.21.00:180][716]LogBlueprintUserMessages: [CreationScreenWidget_C_0] 41.0
[2024.04.02-07.21.00:180][716]LogBlueprintUserMessages: [CreationScreenWidget_C_0] 41.0
[2024.04.02-07.21.00:248][718]LogBlueprintUserMessages: [CreationScreenWidget_C_0] 42.0
[2024.04.02-07.21.00:249][718]LogBlueprintUserMessages: [CreationScreenWidget_C_0] 42.0
[2024.04.02-07.21.00:249][718]LogBlueprintUserMessages: [CreationScreenWidget_C_0] 42.0
[2024.04.02-07.21.00:249][718]LogBlueprintUserMessages: [CreationScreenWidget_C_0] 42.0
[2024.04.02-07.21.00:283][719]LogBlueprintUserMessages: [CreationScreenWidget_C_0] 43.0
[2024.04.02-07.21.00:283][719]LogBlueprintUserMessages: [CreationScreenWidget_C_0] 43.0
[2024.04.02-07.21.00:284][719]LogBlueprintUserMessages: [CreationScreenWidget_C_0] 43.0
[2024.04.02-07.21.00:284][719]LogBlueprintUserMessages: [CreationScreenWidget_C_0] 43.0
[2024.04.02-07.21.00:348][721]LogBlueprintUserMessages: [CreationScreenWidget_C_0] 44.0
[2024.04.02-07.21.00:348][721]LogBlueprintUserMessages: [CreationScreenWidget_C_0] 44.0
[2024.04.02-07.21.00:348][721]LogBlueprintUserMessages: [CreationScreenWidget_C_0] 44.0
[2024.04.02-07.21.00:348][721]LogBlueprintUserMessages: [CreationScreenWidget_C_0] 44.0
[2024.04.02-07.21.00:398][723]LogBlueprintUserMessages: [CreationScreenWidget_C_0] 45.0
[2024.04.02-07.21.00:398][723]LogBlueprintUserMessages: [CreationScreenWidget_C_0] 45.0
[2024.04.02-07.21.00:398][723]LogBlueprintUserMessages: [CreationScreenWidget_C_0] 45.0
[2024.04.02-07.21.00:398][723]LogBlueprintUserMessages: [CreationScreenWidget_C_0] 45.0
[2024.04.02-07.21.00:447][725]LogBlueprintUserMessages: [CreationScreenWidget_C_0] 46.0
[2024.04.02-07.21.00:447][725]LogBlueprintUserMessages: [CreationScreenWidget_C_0] 46.0
[2024.04.02-07.21.00:447][725]LogBlueprintUserMessages: [CreationScreenWidget_C_0] 46.0
[2024.04.02-07.21.00:447][725]LogBlueprintUserMessages: [CreationScreenWidget_C_0] 46.0
[2024.04.02-07.21.00:501][727]LogBlueprintUserMessages: [CreationScreenWidget_C_0] 47.0
[2024.04.02-07.21.00:501][727]LogBlueprintUserMessages: [CreationScreenWidget_C_0] 47.0
[2024.04.02-07.21.00:501][727]LogBlueprintUserMessages: [CreationScreenWidget_C_0] 47.0
[2024.04.02-07.21.00:501][727]LogBlueprintUserMessages: [CreationScreenWidget_C_0] 47.0
[2024.04.02-07.21.00:535][728]LogBlueprintUserMessages: [CreationScreenWidget_C_0] 48.0
[2024.04.02-07.21.00:535][728]LogBlueprintUserMessages: [CreationScreenWidget_C_0] 48.0
[2024.04.02-07.21.00:535][728]LogBlueprintUserMessages: [CreationScreenWidget_C_0] 48.0
[2024.04.02-07.21.00:535][728]LogBlueprintUserMessages: [CreationScreenWidget_C_0] 48.0
[2024.04.02-07.21.00:600][730]LogBlueprintUserMessages: [CreationScreenWidget_C_0] 49.0
[2024.04.02-07.21.00:600][730]LogBlueprintUserMessages: [CreationScreenWidget_C_0] 49.0
[2024.04.02-07.21.00:600][730]LogBlueprintUserMessages: [CreationScreenWidget_C_0] 49.0
[2024.04.02-07.21.00:600][730]LogBlueprintUserMessages: [CreationScreenWidget_C_0] 49.0
[2024.04.02-07.21.00:642][731]LogBlueprintUserMessages: [CreationScreenWidget_C_0] 50.0
[2024.04.02-07.21.00:642][731]LogBlueprintUserMessages: [CreationScreenWidget_C_0] 50.0
[2024.04.02-07.21.00:643][731]LogBlueprintUserMessages: [CreationScreenWidget_C_0] 50.0
[2024.04.02-07.21.00:643][731]LogBlueprintUserMessages: [CreationScreenWidget_C_0] 50.0
[2024.04.02-07.21.00:698][733]LogBlueprintUserMessages: [CreationScreenWidget_C_0] 51.0
[2024.04.02-07.21.00:698][733]LogBlueprintUserMessages: [CreationScreenWidget_C_0] 51.0
[2024.04.02-07.21.00:698][733]LogBlueprintUserMessages: [CreationScreenWidget_C_0] 51.0
[2024.04.02-07.21.00:698][733]LogBlueprintUserMessages: [CreationScreenWidget_C_0] 51.0
[2024.04.02-07.21.00:751][735]LogBlueprintUserMessages: [CreationScreenWidget_C_0] 52.0
[2024.04.02-07.21.00:751][735]LogBlueprintUserMessages: [CreationScreenWidget_C_0] 52.0
[2024.04.02-07.21.00:752][735]LogBlueprintUserMessages: [CreationScreenWidget_C_0] 52.0
[2024.04.02-07.21.00:752][735]LogBlueprintUserMessages: [CreationScreenWidget_C_0] 52.0
[2024.04.02-07.21.00:785][736]LogBlueprintUserMessages: [CreationScreenWidget_C_0] 53.0
[2024.04.02-07.21.00:786][736]LogBlueprintUserMessages: [CreationScreenWidget_C_0] 53.0
[2024.04.02-07.21.00:786][736]LogBlueprintUserMessages: [CreationScreenWidget_C_0] 53.0
[2024.04.02-07.21.00:786][736]LogBlueprintUserMessages: [CreationScreenWidget_C_0] 53.0
[2024.04.02-07.21.00:849][738]LogBlueprintUserMessages: [CreationScreenWidget_C_0] 54.0
[2024.04.02-07.21.00:849][738]LogBlueprintUserMessages: [CreationScreenWidget_C_0] 54.0
[2024.04.02-07.21.00:849][738]LogBlueprintUserMessages: [CreationScreenWidget_C_0] 54.0
[2024.04.02-07.21.00:849][738]LogBlueprintUserMessages: [CreationScreenWidget_C_0] 54.0
[2024.04.02-07.21.00:880][739]LogBlueprintUserMessages: [CreationScreenWidget_C_0] 55.0
[2024.04.02-07.21.00:880][739]LogBlueprintUserMessages: [CreationScreenWidget_C_0] 55.0
[2024.04.02-07.21.00:881][739]LogBlueprintUserMessages: [CreationScreenWidget_C_0] 55.0
[2024.04.02-07.21.00:881][739]LogBlueprintUserMessages: [CreationScreenWidget_C_0] 55.0
[2024.04.02-07.21.00:941][741]LogBlueprintUserMessages: [CreationScreenWidget_C_0] 56.0
[2024.04.02-07.21.00:941][741]LogBlueprintUserMessages: [CreationScreenWidget_C_0] 56.0
[2024.04.02-07.21.00:941][741]LogBlueprintUserMessages: [CreationScreenWidget_C_0] 56.0
[2024.04.02-07.21.00:941][741]LogBlueprintUserMessages: [CreationScreenWidget_C_0] 56.0
[2024.04.02-07.21.01:004][743]LogBlueprintUserMessages: [CreationScreenWidget_C_0] 57.0
[2024.04.02-07.21.01:004][743]LogBlueprintUserMessages: [CreationScreenWidget_C_0] 57.0
[2024.04.02-07.21.01:004][743]LogBlueprintUserMessages: [CreationScreenWidget_C_0] 57.0
[2024.04.02-07.21.01:004][743]LogBlueprintUserMessages: [CreationScreenWidget_C_0] 57.0
[2024.04.02-07.21.01:030][744]LogBlueprintUserMessages: [CreationScreenWidget_C_0] 58.0
[2024.04.02-07.21.01:031][744]LogBlueprintUserMessages: [CreationScreenWidget_C_0] 58.0
[2024.04.02-07.21.01:031][744]LogBlueprintUserMessages: [CreationScreenWidget_C_0] 58.0
[2024.04.02-07.21.01:031][744]LogBlueprintUserMessages: [CreationScreenWidget_C_0] 58.0
[2024.04.02-07.21.01:098][746]LogBlueprintUserMessages: [CreationScreenWidget_C_0] 59.0
[2024.04.02-07.21.01:098][746]LogBlueprintUserMessages: [CreationScreenWidget_C_0] 59.0
[2024.04.02-07.21.01:099][746]LogBlueprintUserMessages: [CreationScreenWidget_C_0] 59.0
[2024.04.02-07.21.01:099][746]LogBlueprintUserMessages: [CreationScreenWidget_C_0] 59.0
[2024.04.02-07.21.01:129][747]LogBlueprintUserMessages: [CreationScreenWidget_C_0] 60.0
[2024.04.02-07.21.01:130][747]LogBlueprintUserMessages: [CreationScreenWidget_C_0] 60.0
[2024.04.02-07.21.01:130][747]LogBlueprintUserMessages: [CreationScreenWidget_C_0] 60.0
[2024.04.02-07.21.01:130][747]LogBlueprintUserMessages: [CreationScreenWidget_C_0] 60.0
[2024.04.02-07.21.01:178][749]LogBlueprintUserMessages: [CreationScreenWidget_C_0] 61.0
[2024.04.02-07.21.01:179][749]LogBlueprintUserMessages: [CreationScreenWidget_C_0] 61.0
[2024.04.02-07.21.01:179][749]LogBlueprintUserMessages: [CreationScreenWidget_C_0] 61.0
[2024.04.02-07.21.01:179][749]LogBlueprintUserMessages: [CreationScreenWidget_C_0] 61.0
[2024.04.02-07.21.01:228][751]LogBlueprintUserMessages: [CreationScreenWidget_C_0] 62.0
[2024.04.02-07.21.01:229][751]LogBlueprintUserMessages: [CreationScreenWidget_C_0] 62.0
[2024.04.02-07.21.01:229][751]LogBlueprintUserMessages: [CreationScreenWidget_C_0] 62.0
[2024.04.02-07.21.01:229][751]LogBlueprintUserMessages: [CreationScreenWidget_C_0] 62.0
[2024.04.02-07.21.01:278][753]LogBlueprintUserMessages: [CreationScreenWidget_C_0] 63.0
[2024.04.02-07.21.01:278][753]LogBlueprintUserMessages: [CreationScreenWidget_C_0] 63.0
[2024.04.02-07.21.01:279][753]LogBlueprintUserMessages: [CreationScreenWidget_C_0] 63.0
[2024.04.02-07.21.01:279][753]LogBlueprintUserMessages: [CreationScreenWidget_C_0] 63.0
[2024.04.02-07.21.01:330][755]LogBlueprintUserMessages: [CreationScreenWidget_C_0] 64.0
[2024.04.02-07.21.01:330][755]LogBlueprintUserMessages: [CreationScreenWidget_C_0] 64.0
[2024.04.02-07.21.01:331][755]LogBlueprintUserMessages: [CreationScreenWidget_C_0] 64.0
[2024.04.02-07.21.01:331][755]LogBlueprintUserMessages: [CreationScreenWidget_C_0] 64.0
[2024.04.02-07.21.01:379][757]LogBlueprintUserMessages: [CreationScreenWidget_C_0] 65.0
[2024.04.02-07.21.01:379][757]LogBlueprintUserMessages: [CreationScreenWidget_C_0] 65.0
[2024.04.02-07.21.01:379][757]LogBlueprintUserMessages: [CreationScreenWidget_C_0] 65.0
[2024.04.02-07.21.01:379][757]LogBlueprintUserMessages: [CreationScreenWidget_C_0] 65.0
[2024.04.02-07.21.01:429][759]LogBlueprintUserMessages: [CreationScreenWidget_C_0] 66.0
[2024.04.02-07.21.01:429][759]LogBlueprintUserMessages: [CreationScreenWidget_C_0] 66.0
[2024.04.02-07.21.01:429][759]LogBlueprintUserMessages: [CreationScreenWidget_C_0] 66.0
[2024.04.02-07.21.01:429][759]LogBlueprintUserMessages: [CreationScreenWidget_C_0] 66.0
[2024.04.02-07.21.01:487][761]LogBlueprintUserMessages: [CreationScreenWidget_C_0] 67.0
[2024.04.02-07.21.01:487][761]LogBlueprintUserMessages: [CreationScreenWidget_C_0] 67.0
[2024.04.02-07.21.01:487][761]LogBlueprintUserMessages: [CreationScreenWidget_C_0] 67.0
[2024.04.02-07.21.01:487][761]LogBlueprintUserMessages: [CreationScreenWidget_C_0] 67.0
[2024.04.02-07.21.01:536][763]LogBlueprintUserMessages: [CreationScreenWidget_C_0] 68.0
[2024.04.02-07.21.01:536][763]LogBlueprintUserMessages: [CreationScreenWidget_C_0] 68.0
[2024.04.02-07.21.01:536][763]LogBlueprintUserMessages: [CreationScreenWidget_C_0] 68.0
[2024.04.02-07.21.01:537][763]LogBlueprintUserMessages: [CreationScreenWidget_C_0] 68.0
[2024.04.02-07.21.01:585][765]LogBlueprintUserMessages: [CreationScreenWidget_C_0] 69.0
[2024.04.02-07.21.01:585][765]LogBlueprintUserMessages: [CreationScreenWidget_C_0] 69.0
[2024.04.02-07.21.01:585][765]LogBlueprintUserMessages: [CreationScreenWidget_C_0] 69.0
[2024.04.02-07.21.01:585][765]LogBlueprintUserMessages: [CreationScreenWidget_C_0] 69.0
[2024.04.02-07.21.01:634][767]LogBlueprintUserMessages: [CreationScreenWidget_C_0] 70.0
[2024.04.02-07.21.01:634][767]LogBlueprintUserMessages: [CreationScreenWidget_C_0] 70.0
[2024.04.02-07.21.01:634][767]LogBlueprintUserMessages: [CreationScreenWidget_C_0] 70.0
[2024.04.02-07.21.01:634][767]LogBlueprintUserMessages: [CreationScreenWidget_C_0] 70.0
[2024.04.02-07.21.01:696][769]LogBlueprintUserMessages: [CreationScreenWidget_C_0] 71.0
[2024.04.02-07.21.01:697][769]LogBlueprintUserMessages: [CreationScreenWidget_C_0] 71.0
[2024.04.02-07.21.01:697][769]LogBlueprintUserMessages: [CreationScreenWidget_C_0] 71.0
[2024.04.02-07.21.01:697][769]LogBlueprintUserMessages: [CreationScreenWidget_C_0] 71.0
[2024.04.02-07.21.01:730][770]LogBlueprintUserMessages: [CreationScreenWidget_C_0] 72.0
[2024.04.02-07.21.01:730][770]LogBlueprintUserMessages: [CreationScreenWidget_C_0] 72.0
[2024.04.02-07.21.01:730][770]LogBlueprintUserMessages: [CreationScreenWidget_C_0] 72.0
[2024.04.02-07.21.01:731][770]LogBlueprintUserMessages: [CreationScreenWidget_C_0] 72.0
[2024.04.02-07.21.01:797][772]LogBlueprintUserMessages: [CreationScreenWidget_C_0] 73.0
[2024.04.02-07.21.01:798][772]LogBlueprintUserMessages: [CreationScreenWidget_C_0] 73.0
[2024.04.02-07.21.01:798][772]LogBlueprintUserMessages: [CreationScreenWidget_C_0] 73.0
[2024.04.02-07.21.01:798][772]LogBlueprintUserMessages: [CreationScreenWidget_C_0] 73.0
[2024.04.02-07.21.01:845][774]LogBlueprintUserMessages: [CreationScreenWidget_C_0] 74.0
[2024.04.02-07.21.01:846][774]LogBlueprintUserMessages: [CreationScreenWidget_C_0] 74.0
[2024.04.02-07.21.01:846][774]LogBlueprintUserMessages: [CreationScreenWidget_C_0] 74.0
[2024.04.02-07.21.01:846][774]LogBlueprintUserMessages: [CreationScreenWidget_C_0] 74.0
[2024.04.02-07.21.01:886][776]LogBlueprintUserMessages: [CreationScreenWidget_C_0] 75.0
[2024.04.02-07.21.01:886][776]LogBlueprintUserMessages: [CreationScreenWidget_C_0] 75.0
[2024.04.02-07.21.01:886][776]LogBlueprintUserMessages: [CreationScreenWidget_C_0] 75.0
[2024.04.02-07.21.01:886][776]LogBlueprintUserMessages: [CreationScreenWidget_C_0] 75.0
[2024.04.02-07.21.01:933][778]LogBlueprintUserMessages: [CreationScreenWidget_C_0] 76.0
[2024.04.02-07.21.01:933][778]LogBlueprintUserMessages: [CreationScreenWidget_C_0] 76.0
[2024.04.02-07.21.01:933][778]LogBlueprintUserMessages: [CreationScreenWidget_C_0] 76.0
[2024.04.02-07.21.01:934][778]LogBlueprintUserMessages: [CreationScreenWidget_C_0] 76.0
[2024.04.02-07.21.02:007][780]LogBlueprintUserMessages: [CreationScreenWidget_C_0] 77.0
[2024.04.02-07.21.02:008][780]LogBlueprintUserMessages: [CreationScreenWidget_C_0] 77.0
[2024.04.02-07.21.02:008][780]LogBlueprintUserMessages: [CreationScreenWidget_C_0] 77.0
[2024.04.02-07.21.02:008][780]LogBlueprintUserMessages: [CreationScreenWidget_C_0] 77.0
[2024.04.02-07.21.02:042][781]LogBlueprintUserMessages: [CreationScreenWidget_C_0] 78.0
[2024.04.02-07.21.02:043][781]LogBlueprintUserMessages: [CreationScreenWidget_C_0] 78.0
[2024.04.02-07.21.02:043][781]LogBlueprintUserMessages: [CreationScreenWidget_C_0] 78.0
[2024.04.02-07.21.02:043][781]LogBlueprintUserMessages: [CreationScreenWidget_C_0] 78.0
[2024.04.02-07.21.02:078][782]LogBlueprintUserMessages: [CreationScreenWidget_C_0] 79.0
[2024.04.02-07.21.02:078][782]LogBlueprintUserMessages: [CreationScreenWidget_C_0] 79.0
[2024.04.02-07.21.02:079][782]LogBlueprintUserMessages: [CreationScreenWidget_C_0] 79.0
[2024.04.02-07.21.02:079][782]LogBlueprintUserMessages: [CreationScreenWidget_C_0] 79.0
[2024.04.02-07.21.02:147][785]LogBlueprintUserMessages: [CreationScreenWidget_C_0] 80.0
[2024.04.02-07.21.02:148][785]LogBlueprintUserMessages: [CreationScreenWidget_C_0] 80.0
[2024.04.02-07.21.02:148][785]LogBlueprintUserMessages: [CreationScreenWidget_C_0] 80.0
[2024.04.02-07.21.02:148][785]LogBlueprintUserMessages: [CreationScreenWidget_C_0] 80.0
[2024.04.02-07.21.02:178][786]LogBlueprintUserMessages: [CreationScreenWidget_C_0] 1.0
[2024.04.02-07.21.02:178][786]LogBlueprintUserMessages: [CreationScreenWidget_C_0] 1.0
[2024.04.02-07.21.02:178][786]LogBlueprintUserMessages: [CreationScreenWidget_C_0] 1.0
[2024.04.02-07.21.02:178][786]LogBlueprintUserMessages: [CreationScreenWidget_C_0] 1.0
[2024.04.02-07.21.02:233][788]LogBlueprintUserMessages: [CreationScreenWidget_C_0] 2.0
[2024.04.02-07.21.02:233][788]LogBlueprintUserMessages: [CreationScreenWidget_C_0] 2.0
[2024.04.02-07.21.02:234][788]LogBlueprintUserMessages: [CreationScreenWidget_C_0] 2.0
[2024.04.02-07.21.02:234][788]LogBlueprintUserMessages: [CreationScreenWidget_C_0] 2.0
[2024.04.02-07.21.02:299][790]LogBlueprintUserMessages: [CreationScreenWidget_C_0] 3.0
[2024.04.02-07.21.02:299][790]LogBlueprintUserMessages: [CreationScreenWidget_C_0] 3.0
[2024.04.02-07.21.02:299][790]LogBlueprintUserMessages: [CreationScreenWidget_C_0] 3.0
[2024.04.02-07.21.02:299][790]LogBlueprintUserMessages: [CreationScreenWidget_C_0] 3.0
[2024.04.02-07.21.02:333][791]LogBlueprintUserMessages: [CreationScreenWidget_C_0] 4.0
[2024.04.02-07.21.02:333][791]LogBlueprintUserMessages: [CreationScreenWidget_C_0] 4.0
[2024.04.02-07.21.02:334][791]LogBlueprintUserMessages: [CreationScreenWidget_C_0] 4.0
[2024.04.02-07.21.02:334][791]LogBlueprintUserMessages: [CreationScreenWidget_C_0] 4.0
[2024.04.02-07.21.02:396][793]LogBlueprintUserMessages: [CreationScreenWidget_C_0] 5.0
[2024.04.02-07.21.02:396][793]LogBlueprintUserMessages: [CreationScreenWidget_C_0] 5.0
[2024.04.02-07.21.02:397][793]LogBlueprintUserMessages: [CreationScreenWidget_C_0] 5.0
[2024.04.02-07.21.02:397][793]LogBlueprintUserMessages: [CreationScreenWidget_C_0] 5.0
[2024.04.02-07.21.02:428][794]LogBlueprintUserMessages: [CreationScreenWidget_C_0] 6.0
[2024.04.02-07.21.02:429][794]LogBlueprintUserMessages: [CreationScreenWidget_C_0] 6.0
[2024.04.02-07.21.02:429][794]LogBlueprintUserMessages: [CreationScreenWidget_C_0] 6.0
[2024.04.02-07.21.02:429][794]LogBlueprintUserMessages: [CreationScreenWidget_C_0] 6.0
[2024.04.02-07.21.02:486][796]LogBlueprintUserMessages: [CreationScreenWidget_C_0] 7.0
[2024.04.02-07.21.02:487][796]LogBlueprintUserMessages: [CreationScreenWidget_C_0] 7.0
[2024.04.02-07.21.02:487][796]LogBlueprintUserMessages: [CreationScreenWidget_C_0] 7.0
[2024.04.02-07.21.02:487][796]LogBlueprintUserMessages: [CreationScreenWidget_C_0] 7.0
[2024.04.02-07.21.02:529][798]LogBlueprintUserMessages: [CreationScreenWidget_C_0] 8.0
[2024.04.02-07.21.02:529][798]LogBlueprintUserMessages: [CreationScreenWidget_C_0] 8.0
[2024.04.02-07.21.02:529][798]LogBlueprintUserMessages: [CreationScreenWidget_C_0] 8.0
[2024.04.02-07.21.02:530][798]LogBlueprintUserMessages: [CreationScreenWidget_C_0] 8.0
[2024.04.02-07.21.02:595][800]LogBlueprintUserMessages: [CreationScreenWidget_C_0] 9.0
[2024.04.02-07.21.02:596][800]LogBlueprintUserMessages: [CreationScreenWidget_C_0] 9.0
[2024.04.02-07.21.02:596][800]LogBlueprintUserMessages: [CreationScreenWidget_C_0] 9.0
[2024.04.02-07.21.02:596][800]LogBlueprintUserMessages: [CreationScreenWidget_C_0] 9.0
[2024.04.02-07.21.02:636][802]LogBlueprintUserMessages: [CreationScreenWidget_C_0] 10.0
[2024.04.02-07.21.02:636][802]LogBlueprintUserMessages: [CreationScreenWidget_C_0] 10.0
[2024.04.02-07.21.02:636][802]LogBlueprintUserMessages: [CreationScreenWidget_C_0] 10.0
[2024.04.02-07.21.02:637][802]LogBlueprintUserMessages: [CreationScreenWidget_C_0] 10.0
[2024.04.02-07.21.02:700][804]LogBlueprintUserMessages: [CreationScreenWidget_C_0] 11.0
[2024.04.02-07.21.02:700][804]LogBlueprintUserMessages: [CreationScreenWidget_C_0] 11.0
[2024.04.02-07.21.02:700][804]LogBlueprintUserMessages: [CreationScreenWidget_C_0] 11.0
[2024.04.02-07.21.02:700][804]LogBlueprintUserMessages: [CreationScreenWidget_C_0] 11.0
[2024.04.02-07.21.02:733][805]LogBlueprintUserMessages: [CreationScreenWidget_C_0] 12.0
[2024.04.02-07.21.02:733][805]LogBlueprintUserMessages: [CreationScreenWidget_C_0] 12.0
[2024.04.02-07.21.02:733][805]LogBlueprintUserMessages: [CreationScreenWidget_C_0] 12.0
[2024.04.02-07.21.02:733][805]LogBlueprintUserMessages: [CreationScreenWidget_C_0] 12.0
[2024.04.02-07.21.02:799][807]LogBlueprintUserMessages: [CreationScreenWidget_C_0] 13.0
[2024.04.02-07.21.02:799][807]LogBlueprintUserMessages: [CreationScreenWidget_C_0] 13.0
[2024.04.02-07.21.02:800][807]LogBlueprintUserMessages: [CreationScreenWidget_C_0] 13.0
[2024.04.02-07.21.02:800][807]LogBlueprintUserMessages: [CreationScreenWidget_C_0] 13.0
[2024.04.02-07.21.02:831][808]LogBlueprintUserMessages: [CreationScreenWidget_C_0] 14.0
[2024.04.02-07.21.02:831][808]LogBlueprintUserMessages: [CreationScreenWidget_C_0] 14.0
[2024.04.02-07.21.02:831][808]LogBlueprintUserMessages: [CreationScreenWidget_C_0] 14.0
[2024.04.02-07.21.02:832][808]LogBlueprintUserMessages: [CreationScreenWidget_C_0] 14.0
[2024.04.02-07.21.02:884][810]LogBlueprintUserMessages: [CreationScreenWidget_C_0] 15.0
[2024.04.02-07.21.02:886][810]LogBlueprintUserMessages: [CreationScreenWidget_C_0] 15.0
[2024.04.02-07.21.02:886][810]LogBlueprintUserMessages: [CreationScreenWidget_C_0] 15.0
[2024.04.02-07.21.02:886][810]LogBlueprintUserMessages: [CreationScreenWidget_C_0] 15.0
[2024.04.02-07.21.02:931][812]LogBlueprintUserMessages: [CreationScreenWidget_C_0] 16.0
[2024.04.02-07.21.02:931][812]LogBlueprintUserMessages: [CreationScreenWidget_C_0] 16.0
[2024.04.02-07.21.02:931][812]LogBlueprintUserMessages: [CreationScreenWidget_C_0] 16.0
[2024.04.02-07.21.02:931][812]LogBlueprintUserMessages: [CreationScreenWidget_C_0] 16.0
[2024.04.02-07.21.02:995][814]LogBlueprintUserMessages: [CreationScreenWidget_C_0] 17.0
[2024.04.02-07.21.02:995][814]LogBlueprintUserMessages: [CreationScreenWidget_C_0] 17.0
[2024.04.02-07.21.02:995][814]LogBlueprintUserMessages: [CreationScreenWidget_C_0] 17.0
[2024.04.02-07.21.02:995][814]LogBlueprintUserMessages: [CreationScreenWidget_C_0] 17.0
[2024.04.02-07.21.03:028][815]LogBlueprintUserMessages: [CreationScreenWidget_C_0] 18.0
[2024.04.02-07.21.03:028][815]LogBlueprintUserMessages: [CreationScreenWidget_C_0] 18.0
[2024.04.02-07.21.03:028][815]LogBlueprintUserMessages: [CreationScreenWidget_C_0] 18.0
[2024.04.02-07.21.03:028][815]LogBlueprintUserMessages: [CreationScreenWidget_C_0] 18.0
[2024.04.02-07.21.03:094][817]LogBlueprintUserMessages: [CreationScreenWidget_C_0] 19.0
[2024.04.02-07.21.03:094][817]LogBlueprintUserMessages: [CreationScreenWidget_C_0] 19.0
[2024.04.02-07.21.03:096][817]LogBlueprintUserMessages: [CreationScreenWidget_C_0] 19.0
[2024.04.02-07.21.03:096][817]LogBlueprintUserMessages: [CreationScreenWidget_C_0] 19.0
[2024.04.02-07.21.03:141][819]LogBlueprintUserMessages: [CreationScreenWidget_C_0] 20.0
[2024.04.02-07.21.03:141][819]LogBlueprintUserMessages: [CreationScreenWidget_C_0] 20.0
[2024.04.02-07.21.03:141][819]LogBlueprintUserMessages: [CreationScreenWidget_C_0] 20.0
[2024.04.02-07.21.03:141][819]LogBlueprintUserMessages: [CreationScreenWidget_C_0] 20.0
[2024.04.02-07.21.03:196][821]LogBlueprintUserMessages: [CreationScreenWidget_C_0] 21.0
[2024.04.02-07.21.03:197][821]LogBlueprintUserMessages: [CreationScreenWidget_C_0] 21.0
[2024.04.02-07.21.03:197][821]LogBlueprintUserMessages: [CreationScreenWidget_C_0] 21.0
[2024.04.02-07.21.03:197][821]LogBlueprintUserMessages: [CreationScreenWidget_C_0] 21.0
[2024.04.02-07.21.03:237][823]LogBlueprintUserMessages: [CreationScreenWidget_C_0] 22.0
[2024.04.02-07.21.03:237][823]LogBlueprintUserMessages: [CreationScreenWidget_C_0] 22.0
[2024.04.02-07.21.03:237][823]LogBlueprintUserMessages: [CreationScreenWidget_C_0] 22.0
[2024.04.02-07.21.03:237][823]LogBlueprintUserMessages: [CreationScreenWidget_C_0] 22.0
[2024.04.02-07.21.03:300][825]LogBlueprintUserMessages: [CreationScreenWidget_C_0] 23.0
[2024.04.02-07.21.03:300][825]LogBlueprintUserMessages: [CreationScreenWidget_C_0] 23.0
[2024.04.02-07.21.03:300][825]LogBlueprintUserMessages: [CreationScreenWidget_C_0] 23.0
[2024.04.02-07.21.03:300][825]LogBlueprintUserMessages: [CreationScreenWidget_C_0] 23.0
[2024.04.02-07.21.03:332][826]LogBlueprintUserMessages: [CreationScreenWidget_C_0] 24.0
[2024.04.02-07.21.03:332][826]LogBlueprintUserMessages: [CreationScreenWidget_C_0] 24.0
[2024.04.02-07.21.03:332][826]LogBlueprintUserMessages: [CreationScreenWidget_C_0] 24.0
[2024.04.02-07.21.03:332][826]LogBlueprintUserMessages: [CreationScreenWidget_C_0] 24.0
[2024.04.02-07.21.03:393][828]LogBlueprintUserMessages: [CreationScreenWidget_C_0] 25.0
[2024.04.02-07.21.03:393][828]LogBlueprintUserMessages: [CreationScreenWidget_C_0] 25.0
[2024.04.02-07.21.03:393][828]LogBlueprintUserMessages: [CreationScreenWidget_C_0] 25.0
[2024.04.02-07.21.03:393][828]LogBlueprintUserMessages: [CreationScreenWidget_C_0] 25.0
[2024.04.02-07.21.03:448][830]LogBlueprintUserMessages: [CreationScreenWidget_C_0] 26.0
[2024.04.02-07.21.03:448][830]LogBlueprintUserMessages: [CreationScreenWidget_C_0] 26.0
[2024.04.02-07.21.03:448][830]LogBlueprintUserMessages: [CreationScreenWidget_C_0] 26.0
[2024.04.02-07.21.03:449][830]LogBlueprintUserMessages: [CreationScreenWidget_C_0] 26.0
[2024.04.02-07.21.03:478][831]LogBlueprintUserMessages: [CreationScreenWidget_C_0] 27.0
[2024.04.02-07.21.03:479][831]LogBlueprintUserMessages: [CreationScreenWidget_C_0] 27.0
[2024.04.02-07.21.03:479][831]LogBlueprintUserMessages: [CreationScreenWidget_C_0] 27.0
[2024.04.02-07.21.03:479][831]LogBlueprintUserMessages: [CreationScreenWidget_C_0] 27.0
[2024.04.02-07.21.03:545][833]LogBlueprintUserMessages: [CreationScreenWidget_C_0] 28.0
[2024.04.02-07.21.03:545][833]LogBlueprintUserMessages: [CreationScreenWidget_C_0] 28.0
[2024.04.02-07.21.03:545][833]LogBlueprintUserMessages: [CreationScreenWidget_C_0] 28.0
[2024.04.02-07.21.03:545][833]LogBlueprintUserMessages: [CreationScreenWidget_C_0] 28.0
[2024.04.02-07.21.03:578][834]LogBlueprintUserMessages: [CreationScreenWidget_C_0] 29.0
[2024.04.02-07.21.03:579][834]LogBlueprintUserMessages: [CreationScreenWidget_C_0] 29.0
[2024.04.02-07.21.03:579][834]LogBlueprintUserMessages: [CreationScreenWidget_C_0] 29.0
[2024.04.02-07.21.03:579][834]LogBlueprintUserMessages: [CreationScreenWidget_C_0] 29.0
[2024.04.02-07.21.03:628][836]LogBlueprintUserMessages: [CreationScreenWidget_C_0] 30.0
[2024.04.02-07.21.03:628][836]LogBlueprintUserMessages: [CreationScreenWidget_C_0] 30.0
[2024.04.02-07.21.03:628][836]LogBlueprintUserMessages: [CreationScreenWidget_C_0] 30.0
[2024.04.02-07.21.03:628][836]LogBlueprintUserMessages: [CreationScreenWidget_C_0] 30.0
[2024.04.02-07.21.03:709][839]LogBlueprintUserMessages: [CreationScreenWidget_C_0] 31.0
[2024.04.02-07.21.03:709][839]LogBlueprintUserMessages: [CreationScreenWidget_C_0] 31.0
[2024.04.02-07.21.03:709][839]LogBlueprintUserMessages: [CreationScreenWidget_C_0] 31.0
[2024.04.02-07.21.03:709][839]LogBlueprintUserMessages: [CreationScreenWidget_C_0] 31.0
[2024.04.02-07.21.03:745][840]LogBlueprintUserMessages: [CreationScreenWidget_C_0] 32.0
[2024.04.02-07.21.03:745][840]LogBlueprintUserMessages: [CreationScreenWidget_C_0] 32.0
[2024.04.02-07.21.03:745][840]LogBlueprintUserMessages: [CreationScreenWidget_C_0] 32.0
[2024.04.02-07.21.03:745][840]LogBlueprintUserMessages: [CreationScreenWidget_C_0] 32.0
[2024.04.02-07.21.03:796][842]LogBlueprintUserMessages: [CreationScreenWidget_C_0] 33.0
[2024.04.02-07.21.03:796][842]LogBlueprintUserMessages: [CreationScreenWidget_C_0] 33.0
[2024.04.02-07.21.03:797][842]LogBlueprintUserMessages: [CreationScreenWidget_C_0] 33.0
[2024.04.02-07.21.03:797][842]LogBlueprintUserMessages: [CreationScreenWidget_C_0] 33.0
[2024.04.02-07.21.03:830][843]LogBlueprintUserMessages: [CreationScreenWidget_C_0] 34.0
[2024.04.02-07.21.03:830][843]LogBlueprintUserMessages: [CreationScreenWidget_C_0] 34.0
[2024.04.02-07.21.03:830][843]LogBlueprintUserMessages: [CreationScreenWidget_C_0] 34.0
[2024.04.02-07.21.03:830][843]LogBlueprintUserMessages: [CreationScreenWidget_C_0] 34.0
[2024.04.02-07.21.03:888][845]LogBlueprintUserMessages: [CreationScreenWidget_C_0] 35.0
[2024.04.02-07.21.03:888][845]LogBlueprintUserMessages: [CreationScreenWidget_C_0] 35.0
[2024.04.02-07.21.03:888][845]LogBlueprintUserMessages: [CreationScreenWidget_C_0] 35.0
[2024.04.02-07.21.03:888][845]LogBlueprintUserMessages: [CreationScreenWidget_C_0] 35.0
[2024.04.02-07.21.03:935][847]LogBlueprintUserMessages: [CreationScreenWidget_C_0] 36.0
[2024.04.02-07.21.03:936][847]LogBlueprintUserMessages: [CreationScreenWidget_C_0] 36.0
[2024.04.02-07.21.03:936][847]LogBlueprintUserMessages: [CreationScreenWidget_C_0] 36.0
[2024.04.02-07.21.03:936][847]LogBlueprintUserMessages: [CreationScreenWidget_C_0] 36.0
[2024.04.02-07.21.03:983][849]LogBlueprintUserMessages: [CreationScreenWidget_C_0] 37.0
[2024.04.02-07.21.03:983][849]LogBlueprintUserMessages: [CreationScreenWidget_C_0] 37.0
[2024.04.02-07.21.03:983][849]LogBlueprintUserMessages: [CreationScreenWidget_C_0] 37.0
[2024.04.02-07.21.03:983][849]LogBlueprintUserMessages: [CreationScreenWidget_C_0] 37.0
[2024.04.02-07.21.04:059][851]LogBlueprintUserMessages: [CreationScreenWidget_C_0] 38.0
[2024.04.02-07.21.04:059][851]LogBlueprintUserMessages: [CreationScreenWidget_C_0] 38.0
[2024.04.02-07.21.04:059][851]LogBlueprintUserMessages: [CreationScreenWidget_C_0] 38.0
[2024.04.02-07.21.04:059][851]LogBlueprintUserMessages: [CreationScreenWidget_C_0] 38.0
[2024.04.02-07.21.04:084][852]LogBlueprintUserMessages: [CreationScreenWidget_C_0] 39.0
[2024.04.02-07.21.04:084][852]LogBlueprintUserMessages: [CreationScreenWidget_C_0] 39.0
[2024.04.02-07.21.04:084][852]LogBlueprintUserMessages: [CreationScreenWidget_C_0] 39.0
[2024.04.02-07.21.04:086][852]LogBlueprintUserMessages: [CreationScreenWidget_C_0] 39.0
[2024.04.02-07.21.04:148][854]LogBlueprintUserMessages: [CreationScreenWidget_C_0] 40.0
[2024.04.02-07.21.04:148][854]LogBlueprintUserMessages: [CreationScreenWidget_C_0] 40.0
[2024.04.02-07.21.04:148][854]LogBlueprintUserMessages: [CreationScreenWidget_C_0] 40.0
[2024.04.02-07.21.04:148][854]LogBlueprintUserMessages: [CreationScreenWidget_C_0] 40.0
[2024.04.02-07.21.04:179][855]LogBlueprintUserMessages: [CreationScreenWidget_C_0] 41.0
[2024.04.02-07.21.04:179][855]LogBlueprintUserMessages: [CreationScreenWidget_C_0] 41.0
[2024.04.02-07.21.04:179][855]LogBlueprintUserMessages: [CreationScreenWidget_C_0] 41.0
[2024.04.02-07.21.04:179][855]LogBlueprintUserMessages: [CreationScreenWidget_C_0] 41.0
[2024.04.02-07.21.04:246][857]LogBlueprintUserMessages: [CreationScreenWidget_C_0] 42.0
[2024.04.02-07.21.04:246][857]LogBlueprintUserMessages: [CreationScreenWidget_C_0] 42.0
[2024.04.02-07.21.04:247][857]LogBlueprintUserMessages: [CreationScreenWidget_C_0] 42.0
[2024.04.02-07.21.04:247][857]LogBlueprintUserMessages: [CreationScreenWidget_C_0] 42.0
[2024.04.02-07.21.04:278][858]LogBlueprintUserMessages: [CreationScreenWidget_C_0] 43.0
[2024.04.02-07.21.04:279][858]LogBlueprintUserMessages: [CreationScreenWidget_C_0] 43.0
[2024.04.02-07.21.04:279][858]LogBlueprintUserMessages: [CreationScreenWidget_C_0] 43.0
[2024.04.02-07.21.04:279][858]LogBlueprintUserMessages: [CreationScreenWidget_C_0] 43.0
[2024.04.02-07.21.04:335][860]LogBlueprintUserMessages: [CreationScreenWidget_C_0] 44.0
[2024.04.02-07.21.04:335][860]LogBlueprintUserMessages: [CreationScreenWidget_C_0] 44.0
[2024.04.02-07.21.04:335][860]LogBlueprintUserMessages: [CreationScreenWidget_C_0] 44.0
[2024.04.02-07.21.04:335][860]LogBlueprintUserMessages: [CreationScreenWidget_C_0] 44.0
[2024.04.02-07.21.04:384][862]LogBlueprintUserMessages: [CreationScreenWidget_C_0] 45.0
[2024.04.02-07.21.04:384][862]LogBlueprintUserMessages: [CreationScreenWidget_C_0] 45.0
[2024.04.02-07.21.04:384][862]LogBlueprintUserMessages: [CreationScreenWidget_C_0] 45.0
[2024.04.02-07.21.04:384][862]LogBlueprintUserMessages: [CreationScreenWidget_C_0] 45.0
[2024.04.02-07.21.04:445][864]LogBlueprintUserMessages: [CreationScreenWidget_C_0] 46.0
[2024.04.02-07.21.04:445][864]LogBlueprintUserMessages: [CreationScreenWidget_C_0] 46.0
[2024.04.02-07.21.04:445][864]LogBlueprintUserMessages: [CreationScreenWidget_C_0] 46.0
[2024.04.02-07.21.04:445][864]LogBlueprintUserMessages: [CreationScreenWidget_C_0] 46.0
[2024.04.02-07.21.04:500][866]LogBlueprintUserMessages: [CreationScreenWidget_C_0] 47.0
[2024.04.02-07.21.04:500][866]LogBlueprintUserMessages: [CreationScreenWidget_C_0] 47.0
[2024.04.02-07.21.04:501][866]LogBlueprintUserMessages: [CreationScreenWidget_C_0] 47.0
[2024.04.02-07.21.04:501][866]LogBlueprintUserMessages: [CreationScreenWidget_C_0] 47.0
[2024.04.02-07.21.04:532][867]LogBlueprintUserMessages: [CreationScreenWidget_C_0] 48.0
[2024.04.02-07.21.04:533][867]LogBlueprintUserMessages: [CreationScreenWidget_C_0] 48.0
[2024.04.02-07.21.04:533][867]LogBlueprintUserMessages: [CreationScreenWidget_C_0] 48.0
[2024.04.02-07.21.04:533][867]LogBlueprintUserMessages: [CreationScreenWidget_C_0] 48.0
[2024.04.02-07.21.04:599][869]LogBlueprintUserMessages: [CreationScreenWidget_C_0] 49.0
[2024.04.02-07.21.04:599][869]LogBlueprintUserMessages: [CreationScreenWidget_C_0] 49.0
[2024.04.02-07.21.04:599][869]LogBlueprintUserMessages: [CreationScreenWidget_C_0] 49.0
[2024.04.02-07.21.04:599][869]LogBlueprintUserMessages: [CreationScreenWidget_C_0] 49.0
[2024.04.02-07.21.04:632][870]LogBlueprintUserMessages: [CreationScreenWidget_C_0] 50.0
[2024.04.02-07.21.04:632][870]LogBlueprintUserMessages: [CreationScreenWidget_C_0] 50.0
[2024.04.02-07.21.04:632][870]LogBlueprintUserMessages: [CreationScreenWidget_C_0] 50.0
[2024.04.02-07.21.04:632][870]LogBlueprintUserMessages: [CreationScreenWidget_C_0] 50.0
[2024.04.02-07.21.04:694][872]LogBlueprintUserMessages: [CreationScreenWidget_C_0] 51.0
[2024.04.02-07.21.04:694][872]LogBlueprintUserMessages: [CreationScreenWidget_C_0] 51.0
[2024.04.02-07.21.04:695][872]LogBlueprintUserMessages: [CreationScreenWidget_C_0] 51.0
[2024.04.02-07.21.04:695][872]LogBlueprintUserMessages: [CreationScreenWidget_C_0] 51.0
[2024.04.02-07.21.04:737][874]LogBlueprintUserMessages: [CreationScreenWidget_C_0] 52.0
[2024.04.02-07.21.04:737][874]LogBlueprintUserMessages: [CreationScreenWidget_C_0] 52.0
[2024.04.02-07.21.04:737][874]LogBlueprintUserMessages: [CreationScreenWidget_C_0] 52.0
[2024.04.02-07.21.04:737][874]LogBlueprintUserMessages: [CreationScreenWidget_C_0] 52.0
[2024.04.02-07.21.04:795][876]LogBlueprintUserMessages: [CreationScreenWidget_C_0] 53.0
[2024.04.02-07.21.04:795][876]LogBlueprintUserMessages: [CreationScreenWidget_C_0] 53.0
[2024.04.02-07.21.04:795][876]LogBlueprintUserMessages: [CreationScreenWidget_C_0] 53.0
[2024.04.02-07.21.04:795][876]LogBlueprintUserMessages: [CreationScreenWidget_C_0] 53.0
[2024.04.02-07.21.04:837][878]LogBlueprintUserMessages: [CreationScreenWidget_C_0] 54.0
[2024.04.02-07.21.04:837][878]LogBlueprintUserMessages: [CreationScreenWidget_C_0] 54.0
[2024.04.02-07.21.04:838][878]LogBlueprintUserMessages: [CreationScreenWidget_C_0] 54.0
[2024.04.02-07.21.04:838][878]LogBlueprintUserMessages: [CreationScreenWidget_C_0] 54.0
[2024.04.02-07.21.04:895][880]LogBlueprintUserMessages: [CreationScreenWidget_C_0] 55.0
[2024.04.02-07.21.04:895][880]LogBlueprintUserMessages: [CreationScreenWidget_C_0] 55.0
[2024.04.02-07.21.04:895][880]LogBlueprintUserMessages: [CreationScreenWidget_C_0] 55.0
[2024.04.02-07.21.04:895][880]LogBlueprintUserMessages: [CreationScreenWidget_C_0] 55.0
[2024.04.02-07.21.04:942][882]LogBlueprintUserMessages: [CreationScreenWidget_C_0] 56.0
[2024.04.02-07.21.04:943][882]LogBlueprintUserMessages: [CreationScreenWidget_C_0] 56.0
[2024.04.02-07.21.04:943][882]LogBlueprintUserMessages: [CreationScreenWidget_C_0] 56.0
[2024.04.02-07.21.04:943][882]LogBlueprintUserMessages: [CreationScreenWidget_C_0] 56.0
[2024.04.02-07.21.04:999][884]LogBlueprintUserMessages: [CreationScreenWidget_C_0] 57.0
[2024.04.02-07.21.05:000][884]LogBlueprintUserMessages: [CreationScreenWidget_C_0] 57.0
[2024.04.02-07.21.05:000][884]LogBlueprintUserMessages: [CreationScreenWidget_C_0] 57.0
[2024.04.02-07.21.05:000][884]LogBlueprintUserMessages: [CreationScreenWidget_C_0] 57.0
[2024.04.02-07.21.05:033][885]LogBlueprintUserMessages: [CreationScreenWidget_C_0] 58.0
[2024.04.02-07.21.05:033][885]LogBlueprintUserMessages: [CreationScreenWidget_C_0] 58.0
[2024.04.02-07.21.05:033][885]LogBlueprintUserMessages: [CreationScreenWidget_C_0] 58.0
[2024.04.02-07.21.05:033][885]LogBlueprintUserMessages: [CreationScreenWidget_C_0] 58.0
[2024.04.02-07.21.05:108][887]LogBlueprintUserMessages: [CreationScreenWidget_C_0] 59.0
[2024.04.02-07.21.05:109][887]LogBlueprintUserMessages: [CreationScreenWidget_C_0] 59.0
[2024.04.02-07.21.05:109][887]LogBlueprintUserMessages: [CreationScreenWidget_C_0] 59.0
[2024.04.02-07.21.05:109][887]LogBlueprintUserMessages: [CreationScreenWidget_C_0] 59.0
[2024.04.02-07.21.05:132][888]LogBlueprintUserMessages: [CreationScreenWidget_C_0] 60.0
[2024.04.02-07.21.05:132][888]LogBlueprintUserMessages: [CreationScreenWidget_C_0] 60.0
[2024.04.02-07.21.05:132][888]LogBlueprintUserMessages: [CreationScreenWidget_C_0] 60.0
[2024.04.02-07.21.05:133][888]LogBlueprintUserMessages: [CreationScreenWidget_C_0] 60.0
[2024.04.02-07.21.05:185][890]LogBlueprintUserMessages: [CreationScreenWidget_C_0] 61.0
[2024.04.02-07.21.05:185][890]LogBlueprintUserMessages: [CreationScreenWidget_C_0] 61.0
[2024.04.02-07.21.05:185][890]LogBlueprintUserMessages: [CreationScreenWidget_C_0] 61.0
[2024.04.02-07.21.05:185][890]LogBlueprintUserMessages: [CreationScreenWidget_C_0] 61.0
[2024.04.02-07.21.05:233][892]LogBlueprintUserMessages: [CreationScreenWidget_C_0] 62.0
[2024.04.02-07.21.05:233][892]LogBlueprintUserMessages: [CreationScreenWidget_C_0] 62.0
[2024.04.02-07.21.05:233][892]LogBlueprintUserMessages: [CreationScreenWidget_C_0] 62.0
[2024.04.02-07.21.05:233][892]LogBlueprintUserMessages: [CreationScreenWidget_C_0] 62.0
[2024.04.02-07.21.05:300][894]LogBlueprintUserMessages: [CreationScreenWidget_C_0] 63.0
[2024.04.02-07.21.05:300][894]LogBlueprintUserMessages: [CreationScreenWidget_C_0] 63.0
[2024.04.02-07.21.05:300][894]LogBlueprintUserMessages: [CreationScreenWidget_C_0] 63.0
[2024.04.02-07.21.05:300][894]LogBlueprintUserMessages: [CreationScreenWidget_C_0] 63.0
[2024.04.02-07.21.05:333][895]LogBlueprintUserMessages: [CreationScreenWidget_C_0] 64.0
[2024.04.02-07.21.05:333][895]LogBlueprintUserMessages: [CreationScreenWidget_C_0] 64.0
[2024.04.02-07.21.05:334][895]LogBlueprintUserMessages: [CreationScreenWidget_C_0] 64.0
[2024.04.02-07.21.05:334][895]LogBlueprintUserMessages: [CreationScreenWidget_C_0] 64.0
[2024.04.02-07.21.05:397][897]LogBlueprintUserMessages: [CreationScreenWidget_C_0] 65.0
[2024.04.02-07.21.05:397][897]LogBlueprintUserMessages: [CreationScreenWidget_C_0] 65.0
[2024.04.02-07.21.05:397][897]LogBlueprintUserMessages: [CreationScreenWidget_C_0] 65.0
[2024.04.02-07.21.05:397][897]LogBlueprintUserMessages: [CreationScreenWidget_C_0] 65.0
[2024.04.02-07.21.05:429][898]LogBlueprintUserMessages: [CreationScreenWidget_C_0] 66.0
[2024.04.02-07.21.05:429][898]LogBlueprintUserMessages: [CreationScreenWidget_C_0] 66.0
[2024.04.02-07.21.05:429][898]LogBlueprintUserMessages: [CreationScreenWidget_C_0] 66.0
[2024.04.02-07.21.05:429][898]LogBlueprintUserMessages: [CreationScreenWidget_C_0] 66.0
[2024.04.02-07.21.05:478][900]LogBlueprintUserMessages: [CreationScreenWidget_C_0] 67.0
[2024.04.02-07.21.05:479][900]LogBlueprintUserMessages: [CreationScreenWidget_C_0] 67.0
[2024.04.02-07.21.05:479][900]LogBlueprintUserMessages: [CreationScreenWidget_C_0] 67.0
[2024.04.02-07.21.05:479][900]LogBlueprintUserMessages: [CreationScreenWidget_C_0] 67.0
[2024.04.02-07.21.05:529][902]LogBlueprintUserMessages: [CreationScreenWidget_C_0] 68.0
[2024.04.02-07.21.05:530][902]LogBlueprintUserMessages: [CreationScreenWidget_C_0] 68.0
[2024.04.02-07.21.05:530][902]LogBlueprintUserMessages: [CreationScreenWidget_C_0] 68.0
[2024.04.02-07.21.05:530][902]LogBlueprintUserMessages: [CreationScreenWidget_C_0] 68.0
[2024.04.02-07.21.05:595][904]LogBlueprintUserMessages: [CreationScreenWidget_C_0] 69.0
[2024.04.02-07.21.05:596][904]LogBlueprintUserMessages: [CreationScreenWidget_C_0] 69.0
[2024.04.02-07.21.05:596][904]LogBlueprintUserMessages: [CreationScreenWidget_C_0] 69.0
[2024.04.02-07.21.05:596][904]LogBlueprintUserMessages: [CreationScreenWidget_C_0] 69.0
[2024.04.02-07.21.05:646][906]LogBlueprintUserMessages: [CreationScreenWidget_C_0] 70.0
[2024.04.02-07.21.05:646][906]LogBlueprintUserMessages: [CreationScreenWidget_C_0] 70.0
[2024.04.02-07.21.05:646][906]LogBlueprintUserMessages: [CreationScreenWidget_C_0] 70.0
[2024.04.02-07.21.05:646][906]LogBlueprintUserMessages: [CreationScreenWidget_C_0] 70.0
[2024.04.02-07.21.05:700][908]LogBlueprintUserMessages: [CreationScreenWidget_C_0] 71.0
[2024.04.02-07.21.05:700][908]LogBlueprintUserMessages: [CreationScreenWidget_C_0] 71.0
[2024.04.02-07.21.05:700][908]LogBlueprintUserMessages: [CreationScreenWidget_C_0] 71.0
[2024.04.02-07.21.05:700][908]LogBlueprintUserMessages: [CreationScreenWidget_C_0] 71.0
[2024.04.02-07.21.05:733][909]LogBlueprintUserMessages: [CreationScreenWidget_C_0] 72.0
[2024.04.02-07.21.05:733][909]LogBlueprintUserMessages: [CreationScreenWidget_C_0] 72.0
[2024.04.02-07.21.05:734][909]LogBlueprintUserMessages: [CreationScreenWidget_C_0] 72.0
[2024.04.02-07.21.05:734][909]LogBlueprintUserMessages: [CreationScreenWidget_C_0] 72.0
[2024.04.02-07.21.05:786][911]LogBlueprintUserMessages: [CreationScreenWidget_C_0] 73.0
[2024.04.02-07.21.05:786][911]LogBlueprintUserMessages: [CreationScreenWidget_C_0] 73.0
[2024.04.02-07.21.05:786][911]LogBlueprintUserMessages: [CreationScreenWidget_C_0] 73.0
[2024.04.02-07.21.05:786][911]LogBlueprintUserMessages: [CreationScreenWidget_C_0] 73.0
[2024.04.02-07.21.05:830][913]LogBlueprintUserMessages: [CreationScreenWidget_C_0] 74.0
[2024.04.02-07.21.05:832][913]LogBlueprintUserMessages: [CreationScreenWidget_C_0] 74.0
[2024.04.02-07.21.05:832][913]LogBlueprintUserMessages: [CreationScreenWidget_C_0] 74.0
[2024.04.02-07.21.05:832][913]LogBlueprintUserMessages: [CreationScreenWidget_C_0] 74.0
[2024.04.02-07.21.05:895][915]LogBlueprintUserMessages: [CreationScreenWidget_C_0] 75.0
[2024.04.02-07.21.05:896][915]LogBlueprintUserMessages: [CreationScreenWidget_C_0] 75.0
[2024.04.02-07.21.05:896][915]LogBlueprintUserMessages: [CreationScreenWidget_C_0] 75.0
[2024.04.02-07.21.05:896][915]LogBlueprintUserMessages: [CreationScreenWidget_C_0] 75.0
[2024.04.02-07.21.05:928][916]LogBlueprintUserMessages: [CreationScreenWidget_C_0] 76.0
[2024.04.02-07.21.05:928][916]LogBlueprintUserMessages: [CreationScreenWidget_C_0] 76.0
[2024.04.02-07.21.05:928][916]LogBlueprintUserMessages: [CreationScreenWidget_C_0] 76.0
[2024.04.02-07.21.05:928][916]LogBlueprintUserMessages: [CreationScreenWidget_C_0] 76.0
[2024.04.02-07.21.06:005][919]LogBlueprintUserMessages: [CreationScreenWidget_C_0] 77.0
[2024.04.02-07.21.06:005][919]LogBlueprintUserMessages: [CreationScreenWidget_C_0] 77.0
[2024.04.02-07.21.06:005][919]LogBlueprintUserMessages: [CreationScreenWidget_C_0] 77.0
[2024.04.02-07.21.06:005][919]LogBlueprintUserMessages: [CreationScreenWidget_C_0] 77.0
[2024.04.02-07.21.06:030][920]LogBlueprintUserMessages: [CreationScreenWidget_C_0] 78.0
[2024.04.02-07.21.06:030][920]LogBlueprintUserMessages: [CreationScreenWidget_C_0] 78.0
[2024.04.02-07.21.06:030][920]LogBlueprintUserMessages: [CreationScreenWidget_C_0] 78.0
[2024.04.02-07.21.06:030][920]LogBlueprintUserMessages: [CreationScreenWidget_C_0] 78.0
[2024.04.02-07.21.06:097][922]LogBlueprintUserMessages: [CreationScreenWidget_C_0] 79.0
[2024.04.02-07.21.06:098][922]LogBlueprintUserMessages: [CreationScreenWidget_C_0] 79.0
[2024.04.02-07.21.06:098][922]LogBlueprintUserMessages: [CreationScreenWidget_C_0] 79.0
[2024.04.02-07.21.06:098][922]LogBlueprintUserMessages: [CreationScreenWidget_C_0] 79.0
[2024.04.02-07.21.06:130][923]LogBlueprintUserMessages: [CreationScreenWidget_C_0] 80.0
[2024.04.02-07.21.06:130][923]LogBlueprintUserMessages: [CreationScreenWidget_C_0] 80.0
[2024.04.02-07.21.06:131][923]LogBlueprintUserMessages: [CreationScreenWidget_C_0] 80.0
[2024.04.02-07.21.06:131][923]LogBlueprintUserMessages: [CreationScreenWidget_C_0] 80.0
[2024.04.02-07.21.06:190][925]LogSlate: Window 'TwoDSSG Preview [NetMode: Standalone]  (64-bit/Windows) ' being destroyed
[2024.04.02-07.21.06:229][925]LogWorld: BeginTearingDown for /Game/GameSystem/Maps/UEDPIE_0_CharacterCreation
[2024.04.02-07.21.06:229][925]LogWorld: UWorld::CleanupWorld for CharacterCreation, bSessionEnded=true, bCleanupResources=true
[2024.04.02-07.21.06:230][925]LogSlate: InvalidateAllWidgets triggered.  All widgets were invalidated
[2024.04.02-07.21.06:246][925]LogPlayLevel: Display: Shutting down PIE online subsystems
[2024.04.02-07.21.06:253][925]LogSlate: InvalidateAllWidgets triggered.  All widgets were invalidated
[2024.04.02-07.21.06:292][925]LogAudioMixer: FMixerPlatformXAudio2::StopAudioStream() called
[2024.04.02-07.21.06:296][925]LogAudioMixer: FMixerPlatformXAudio2::StopAudioStream() called
[2024.04.02-07.21.06:305][925]LogUObjectHash: Compacting FUObjectHashTables data took   2.34ms
[2024.04.02-07.21.06:339][926]LogPlayLevel: Display: Destroying online subsystem :Context_4
[2024.04.02-07.21.07:865][983]LogSlate: Took 0.005551 seconds to synchronously load lazily loaded font '../../../Engine/Content/Slate/Fonts/Roboto-Italic.ttf' (157K)
[2024.04.02-07.21.33:555][198]LogTemp: Repeating last play command: New Editor Window (PIE)
[2024.04.02-07.21.33:562][198]BlueprintLog: New page: Pre-Play auto-recompile
[2024.04.02-07.21.33:565][198]LogPlayLevel: [PlayLevel] Compiling CreationScreenWidget before play...
[2024.04.02-07.21.33:651][198]LogUObjectHash: Compacting FUObjectHashTables data took   2.87ms
[2024.04.02-07.21.33:654][198]LogPlayLevel: PlayLevel: Blueprint regeneration took 91 ms (1 blueprints)
[2024.04.02-07.21.33:654][198]PIE: New page: PIE session: CharacterCreation (Apr 2, 2024, 1:21:33 PM)
[2024.04.02-07.21.33:655][198]LogPlayLevel: Creating play world package: /Game/GameSystem/Maps/UEDPIE_0_CharacterCreation
[2024.04.02-07.21.33:656][198]LogPlayLevel: PIE: StaticDuplicateObject took: (0.000932s)
[2024.04.02-07.21.33:657][198]LogAIModule: Creating AISystem for world CharacterCreation
[2024.04.02-07.21.33:657][198]LogPlayLevel: PIE: World Init took: (0.001096s)
[2024.04.02-07.21.33:657][198]LogPlayLevel: PIE: Created PIE world by copying editor world from /Game/GameSystem/Maps/CharacterCreation.CharacterCreation to /Game/GameSystem/Maps/UEDPIE_0_CharacterCreation.CharacterCreation (0.002458s)
[2024.04.02-07.21.33:686][198]LogUObjectHash: Compacting FUObjectHashTables data took   2.43ms
[2024.04.02-07.21.33:687][198]LogAudio: Display: Creating Audio Device:                 Id: 4, Scope: Unique, Realtime: True
[2024.04.02-07.21.33:687][198]LogAudioMixer: Display: Audio Mixer Platform Settings:
[2024.04.02-07.21.33:688][198]LogAudioMixer: Display: 	Sample Rate:						  48000
[2024.04.02-07.21.33:688][198]LogAudioMixer: Display: 	Callback Buffer Frame Size Requested: 1024
[2024.04.02-07.21.33:689][198]LogAudioMixer: Display: 	Callback Buffer Frame Size To Use:	  1024
[2024.04.02-07.21.33:689][198]LogAudioMixer: Display: 	Number of buffers to queue:			  2
[2024.04.02-07.21.33:689][198]LogAudioMixer: Display: 	Max Channels (voices):				  32
[2024.04.02-07.21.33:690][198]LogAudioMixer: Display: 	Number of Async Source Workers:		  0
[2024.04.02-07.21.33:690][198]LogAudio: Display: AudioDevice MaxSources: 32
[2024.04.02-07.21.33:691][198]LogAudio: Display: Audio Spatialization Plugin: None (built-in).
[2024.04.02-07.21.33:691][198]LogAudio: Display: Audio Reverb Plugin: None (built-in).
[2024.04.02-07.21.33:691][198]LogAudio: Display: Audio Occlusion Plugin: None (built-in).
[2024.04.02-07.21.33:693][198]LogAudioMixer: Display: Initializing audio mixer.
[2024.04.02-07.21.33:696][198]LogAudioMixer: Display: 0: FrontLeft
[2024.04.02-07.21.33:696][198]LogAudioMixer: Display: 1: FrontRight
[2024.04.02-07.21.33:748][198]LogAudioMixer: Display: Using Audio Device Speakers (Realtek(R) Audio)
[2024.04.02-07.21.33:749][198]LogAudioMixer: Display: Initializing Sound Submixes...
[2024.04.02-07.21.33:749][198]LogAudioMixer: Display: Creating Master Submix 'MasterSubmixDefault'
[2024.04.02-07.21.33:750][198]LogAudioMixer: Display: Creating Master Submix 'MasterReverbSubmixDefault'
[2024.04.02-07.21.33:751][198]LogAudioMixer: Display: Creating Master Submix 'MasterEQSubmixDefault'
[2024.04.02-07.21.33:751][198]LogAudioMixer: FMixerPlatformXAudio2::StartAudioStream() called
[2024.04.02-07.21.33:751][198]LogAudioMixer: Display: Output buffers initialized: Frames=1024, Channels=2, Samples=2048
[2024.04.02-07.21.33:756][198]LogAudioMixer: Display: Starting AudioMixerPlatformInterface::RunInternal()
[2024.04.02-07.21.33:757][198]LogAudioMixer: Display: FMixerPlatformXAudio2::SubmitBuffer() called for the first time
[2024.04.02-07.21.33:757][198]LogInit: FAudioDevice initialized.
[2024.04.02-07.21.33:758][198]LogAudio: Display: Audio Device (ID: 4) registered with world 'CharacterCreation'.
[2024.04.02-07.21.33:759][198]LogInit: Loading Cursor '../../../../Users/Sagi/Documents/GitHub/TwoDSSG/Content/Slate/MouseDefault.png'.
[2024.04.02-07.21.33:761][198]LogInit: Loading Cursor '../../../../Users/Sagi/Documents/GitHub/TwoDSSG/Content/Slate/ClickedMouse3.png'.
[2024.04.02-07.21.33:762][198]LogInit: Loading Cursor '../../../../Users/Sagi/Documents/GitHub/TwoDSSG/Content/Slate/ClickedMouse1.png'.
[2024.04.02-07.21.33:763][198]LogInit: Loading Cursor '../../../../Users/Sagi/Documents/GitHub/TwoDSSG/Content/Slate/ClickedMouse2.png'.
[2024.04.02-07.21.33:814][198]LogSlate: Updating window title bar state: overlay mode, drag disabled, window buttons hidden, title bar hidden
[2024.04.02-07.21.33:816][198]LogLoad: Game class is 'BP_Login_GM_C'
[2024.04.02-07.21.33:819][198]LogWorld: Bringing World /Game/GameSystem/Maps/UEDPIE_0_CharacterCreation.CharacterCreation up for play (max tick rate 60) at 2024.04.02-10.21.33
[2024.04.02-07.21.33:820][198]LogWorld: Bringing up level for play took: 0.001277
[2024.04.02-07.21.33:821][198]LogOnline: OSS: Creating online subsystem instance for: :Context_5
[2024.04.02-07.21.33:835][198]LogBlueprintUserMessages: [selectionScreenCharacter_bp_C_0] valid in bp
[2024.04.02-07.21.33:839][198]PIE: Server logged in
[2024.04.02-07.21.33:842][198]PIE: Play in editor total start time 0.28 seconds.
[2024.04.02-07.22.15:107][744]LogSlate: Window 'TwoDSSG Preview [NetMode: Standalone]  (64-bit/Windows) ' being destroyed
[2024.04.02-07.22.15:145][744]LogWorld: BeginTearingDown for /Game/GameSystem/Maps/UEDPIE_0_CharacterCreation
[2024.04.02-07.22.15:145][744]LogWorld: UWorld::CleanupWorld for CharacterCreation, bSessionEnded=true, bCleanupResources=true
[2024.04.02-07.22.15:145][744]LogSlate: InvalidateAllWidgets triggered.  All widgets were invalidated
[2024.04.02-07.22.15:156][744]LogPlayLevel: Display: Shutting down PIE online subsystems
[2024.04.02-07.22.15:161][744]LogSlate: InvalidateAllWidgets triggered.  All widgets were invalidated
[2024.04.02-07.22.15:188][744]LogAudioMixer: FMixerPlatformXAudio2::StopAudioStream() called
[2024.04.02-07.22.15:191][744]LogAudioMixer: FMixerPlatformXAudio2::StopAudioStream() called
[2024.04.02-07.22.15:205][744]LogUObjectHash: Compacting FUObjectHashTables data took   3.31ms
[2024.04.02-07.22.15:233][745]LogPlayLevel: Display: Destroying online subsystem :Context_5
[2024.04.02-07.22.23:553][155]LogAWSCore: VeryVerbose: [UnrealLogSystem::::LogStream] event-loop [4580] id=0000014506D3BF10: running scheduled tasks.

[2024.04.02-07.22.23:553][155]LogAWSCore: VeryVerbose: [UnrealLogSystem::::LogStream] event-loop [4580] id=0000014506D3BF10: no more scheduled tasks using default timeout.

[2024.04.02-07.22.23:553][155]LogAWSCore: VeryVerbose: [UnrealLogSystem::::LogStream] event-loop [4580] id=0000014506D3BF10: waiting for a maximum of 100000 ms

[2024.04.02-07.22.23:553][155]LogAWSCore: VeryVerbose: [UnrealLogSystem::::LogStream] event-loop [6116] id=0000014506D3BF60: running scheduled tasks.

[2024.04.02-07.22.23:553][155]LogAWSCore: VeryVerbose: [UnrealLogSystem::::LogStream] event-loop [6116] id=0000014506D3BF60: no more scheduled tasks using default timeout.

[2024.04.02-07.22.23:553][155]LogAWSCore: VeryVerbose: [UnrealLogSystem::::LogStream] event-loop [6116] id=0000014506D3BF60: waiting for a maximum of 100000 ms

[2024.04.02-07.22.23:553][155]LogAWSCore: VeryVerbose: [UnrealLogSystem::::LogStream] event-loop [1832] id=0000014506D3D400: running scheduled tasks.

[2024.04.02-07.22.23:553][155]LogAWSCore: VeryVerbose: [UnrealLogSystem::::LogStream] event-loop [1832] id=0000014506D3D400: no more scheduled tasks using default timeout.

[2024.04.02-07.22.23:554][155]LogAWSCore: VeryVerbose: [UnrealLogSystem::::LogStream] event-loop [1832] id=0000014506D3D400: waiting for a maximum of 100000 ms

[2024.04.02-07.22.23:554][155]LogAWSCore: VeryVerbose: [UnrealLogSystem::::LogStream] event-loop [14064] id=0000014506D3CD20: running scheduled tasks.

[2024.04.02-07.22.23:554][155]LogAWSCore: VeryVerbose: [UnrealLogSystem::::LogStream] event-loop [14064] id=0000014506D3CD20: no more scheduled tasks using default timeout.

[2024.04.02-07.22.23:554][155]LogAWSCore: VeryVerbose: [UnrealLogSystem::::LogStream] event-loop [14064] id=0000014506D3CD20: waiting for a maximum of 100000 ms

[2024.04.02-07.22.23:554][155]LogAWSCore: VeryVerbose: [UnrealLogSystem::::LogStream] event-loop [28592] id=0000014506D3D7C0: running scheduled tasks.

[2024.04.02-07.22.23:554][155]LogAWSCore: VeryVerbose: [UnrealLogSystem::::LogStream] event-loop [28592] id=0000014506D3D7C0: no more scheduled tasks using default timeout.

[2024.04.02-07.22.23:554][155]LogAWSCore: VeryVerbose: [UnrealLogSystem::::LogStream] event-loop [28592] id=0000014506D3D7C0: waiting for a maximum of 100000 ms

[2024.04.02-07.22.23:554][155]LogAWSCore: VeryVerbose: [UnrealLogSystem::::LogStream] event-loop [27244] id=0000014506D3D720: running scheduled tasks.

[2024.04.02-07.22.23:555][155]LogAWSCore: VeryVerbose: [UnrealLogSystem::::LogStream] event-loop [27244] id=0000014506D3D720: no more scheduled tasks using default timeout.

[2024.04.02-07.22.23:555][155]LogAWSCore: VeryVerbose: [UnrealLogSystem::::LogStream] event-loop [27244] id=0000014506D3D720: waiting for a maximum of 100000 ms

[2024.04.02-07.22.23:555][155]LogAWSCore: VeryVerbose: [UnrealLogSystem::::LogStream] event-loop [16956] id=0000014506D3D2C0: running scheduled tasks.

[2024.04.02-07.22.23:555][155]LogAWSCore: VeryVerbose: [UnrealLogSystem::::LogStream] event-loop [16956] id=0000014506D3D2C0: no more scheduled tasks using default timeout.

[2024.04.02-07.22.23:555][155]LogAWSCore: VeryVerbose: [UnrealLogSystem::::LogStream] event-loop [16956] id=0000014506D3D2C0: waiting for a maximum of 100000 ms

[2024.04.02-07.22.23:555][155]LogAWSCore: VeryVerbose: [UnrealLogSystem::::LogStream] event-loop [12712] id=0000014506D3C5F0: running scheduled tasks.

[2024.04.02-07.22.23:555][155]LogAWSCore: VeryVerbose: [UnrealLogSystem::::LogStream] event-loop [12712] id=0000014506D3C5F0: no more scheduled tasks using default timeout.

[2024.04.02-07.22.23:555][155]LogAWSCore: VeryVerbose: [UnrealLogSystem::::LogStream] event-loop [12712] id=0000014506D3C5F0: waiting for a maximum of 100000 ms

[2024.04.02-07.23.00:336][962]LogTemp: Repeating last play command: New Editor Window (PIE)
[2024.04.02-07.23.00:343][962]BlueprintLog: New page: Pre-Play auto-recompile
[2024.04.02-07.23.00:345][962]LogPlayLevel: [PlayLevel] Compiling CreationScreenWidget before play...
[2024.04.02-07.23.00:453][962]LogUObjectHash: Compacting FUObjectHashTables data took   2.50ms
[2024.04.02-07.23.00:454][962]LogPlayLevel: PlayLevel: Blueprint regeneration took 111 ms (1 blueprints)
[2024.04.02-07.23.00:455][962]PIE: New page: PIE session: CharacterCreation (Apr 2, 2024, 1:23:00 PM)
[2024.04.02-07.23.00:456][962]LogPlayLevel: Creating play world package: /Game/GameSystem/Maps/UEDPIE_0_CharacterCreation
[2024.04.02-07.23.00:457][962]LogPlayLevel: PIE: StaticDuplicateObject took: (0.000915s)
[2024.04.02-07.23.00:458][962]LogAIModule: Creating AISystem for world CharacterCreation
[2024.04.02-07.23.00:458][962]LogPlayLevel: PIE: World Init took: (0.001120s)
[2024.04.02-07.23.00:459][962]LogPlayLevel: PIE: Created PIE world by copying editor world from /Game/GameSystem/Maps/CharacterCreation.CharacterCreation to /Game/GameSystem/Maps/UEDPIE_0_CharacterCreation.CharacterCreation (0.002698s)
[2024.04.02-07.23.00:484][962]LogUObjectHash: Compacting FUObjectHashTables data took   2.27ms
[2024.04.02-07.23.00:485][962]LogAudio: Display: Creating Audio Device:                 Id: 5, Scope: Unique, Realtime: True
[2024.04.02-07.23.00:485][962]LogAudioMixer: Display: Audio Mixer Platform Settings:
[2024.04.02-07.23.00:486][962]LogAudioMixer: Display: 	Sample Rate:						  48000
[2024.04.02-07.23.00:486][962]LogAudioMixer: Display: 	Callback Buffer Frame Size Requested: 1024
[2024.04.02-07.23.00:487][962]LogAudioMixer: Display: 	Callback Buffer Frame Size To Use:	  1024
[2024.04.02-07.23.00:487][962]LogAudioMixer: Display: 	Number of buffers to queue:			  2
[2024.04.02-07.23.00:487][962]LogAudioMixer: Display: 	Max Channels (voices):				  32
[2024.04.02-07.23.00:487][962]LogAudioMixer: Display: 	Number of Async Source Workers:		  0
[2024.04.02-07.23.00:488][962]LogAudio: Display: AudioDevice MaxSources: 32
[2024.04.02-07.23.00:489][962]LogAudio: Display: Audio Spatialization Plugin: None (built-in).
[2024.04.02-07.23.00:489][962]LogAudio: Display: Audio Reverb Plugin: None (built-in).
[2024.04.02-07.23.00:490][962]LogAudio: Display: Audio Occlusion Plugin: None (built-in).
[2024.04.02-07.23.00:490][962]LogAudioMixer: Display: Initializing audio mixer.
[2024.04.02-07.23.00:493][962]LogAudioMixer: Display: 0: FrontLeft
[2024.04.02-07.23.00:493][962]LogAudioMixer: Display: 1: FrontRight
[2024.04.02-07.23.00:538][962]LogAudioMixer: Display: Using Audio Device Speakers (Realtek(R) Audio)
[2024.04.02-07.23.00:539][962]LogAudioMixer: Display: Initializing Sound Submixes...
[2024.04.02-07.23.00:539][962]LogAudioMixer: Display: Creating Master Submix 'MasterSubmixDefault'
[2024.04.02-07.23.00:540][962]LogAudioMixer: Display: Creating Master Submix 'MasterReverbSubmixDefault'
[2024.04.02-07.23.00:541][962]LogAudioMixer: Display: Creating Master Submix 'MasterEQSubmixDefault'
[2024.04.02-07.23.00:541][962]LogAudioMixer: FMixerPlatformXAudio2::StartAudioStream() called
[2024.04.02-07.23.00:541][962]LogAudioMixer: Display: Output buffers initialized: Frames=1024, Channels=2, Samples=2048
[2024.04.02-07.23.00:545][962]LogAudioMixer: Display: Starting AudioMixerPlatformInterface::RunInternal()
[2024.04.02-07.23.00:545][962]LogAudioMixer: Display: FMixerPlatformXAudio2::SubmitBuffer() called for the first time
[2024.04.02-07.23.00:545][962]LogInit: FAudioDevice initialized.
[2024.04.02-07.23.00:546][962]LogAudio: Display: Audio Device (ID: 5) registered with world 'CharacterCreation'.
[2024.04.02-07.23.00:547][962]LogInit: Loading Cursor '../../../../Users/Sagi/Documents/GitHub/TwoDSSG/Content/Slate/MouseDefault.png'.
[2024.04.02-07.23.00:548][962]LogInit: Loading Cursor '../../../../Users/Sagi/Documents/GitHub/TwoDSSG/Content/Slate/ClickedMouse3.png'.
[2024.04.02-07.23.00:550][962]LogInit: Loading Cursor '../../../../Users/Sagi/Documents/GitHub/TwoDSSG/Content/Slate/ClickedMouse1.png'.
[2024.04.02-07.23.00:551][962]LogInit: Loading Cursor '../../../../Users/Sagi/Documents/GitHub/TwoDSSG/Content/Slate/ClickedMouse2.png'.
[2024.04.02-07.23.00:603][962]LogSlate: Updating window title bar state: overlay mode, drag disabled, window buttons hidden, title bar hidden
[2024.04.02-07.23.00:605][962]LogLoad: Game class is 'BP_Login_GM_C'
[2024.04.02-07.23.00:609][962]LogWorld: Bringing World /Game/GameSystem/Maps/UEDPIE_0_CharacterCreation.CharacterCreation up for play (max tick rate 60) at 2024.04.02-10.23.00
[2024.04.02-07.23.00:610][962]LogWorld: Bringing up level for play took: 0.001882
[2024.04.02-07.23.00:611][962]LogOnline: OSS: Creating online subsystem instance for: :Context_6
[2024.04.02-07.23.00:621][962]LogBlueprintUserMessages: [selectionScreenCharacter_bp_C_0] valid in bp
[2024.04.02-07.23.00:626][962]PIE: Server logged in
[2024.04.02-07.23.00:631][962]PIE: Play in editor total start time 0.288 seconds.
[2024.04.02-07.23.20:494][704]LogSlate: Window 'TwoDSSG Preview [NetMode: Standalone]  (64-bit/Windows) ' being destroyed
[2024.04.02-07.23.20:524][704]LogWorld: BeginTearingDown for /Game/GameSystem/Maps/UEDPIE_0_CharacterCreation
[2024.04.02-07.23.20:525][704]LogWorld: UWorld::CleanupWorld for CharacterCreation, bSessionEnded=true, bCleanupResources=true
[2024.04.02-07.23.20:525][704]LogSlate: InvalidateAllWidgets triggered.  All widgets were invalidated
[2024.04.02-07.23.20:540][704]LogPlayLevel: Display: Shutting down PIE online subsystems
[2024.04.02-07.23.20:546][704]LogSlate: InvalidateAllWidgets triggered.  All widgets were invalidated
[2024.04.02-07.23.20:573][704]LogAudioMixer: FMixerPlatformXAudio2::StopAudioStream() called
[2024.04.02-07.23.20:576][704]LogAudioMixer: FMixerPlatformXAudio2::StopAudioStream() called
[2024.04.02-07.23.20:587][704]LogUObjectHash: Compacting FUObjectHashTables data took   2.15ms
[2024.04.02-07.23.20:614][705]LogPlayLevel: Display: Destroying online subsystem :Context_6
[2024.04.02-07.23.53:191][331]LogTemp: Repeating last play command: New Editor Window (PIE)
[2024.04.02-07.23.53:198][331]BlueprintLog: New page: Pre-Play auto-recompile
[2024.04.02-07.23.53:199][331]LogPlayLevel: [PlayLevel] Compiling CreationScreenWidget before play...
[2024.04.02-07.23.53:305][331]LogUObjectHash: Compacting FUObjectHashTables data took   2.98ms
[2024.04.02-07.23.53:306][331]LogPlayLevel: PlayLevel: Blueprint regeneration took 107 ms (1 blueprints)
[2024.04.02-07.23.53:306][331]PIE: New page: PIE session: CharacterCreation (Apr 2, 2024, 1:23:53 PM)
[2024.04.02-07.23.53:307][331]LogPlayLevel: Creating play world package: /Game/GameSystem/Maps/UEDPIE_0_CharacterCreation
[2024.04.02-07.23.53:308][331]LogPlayLevel: PIE: StaticDuplicateObject took: (0.001253s)
[2024.04.02-07.23.53:309][331]LogAIModule: Creating AISystem for world CharacterCreation
[2024.04.02-07.23.53:309][331]LogPlayLevel: PIE: World Init took: (0.001034s)
[2024.04.02-07.23.53:310][331]LogPlayLevel: PIE: Created PIE world by copying editor world from /Game/GameSystem/Maps/CharacterCreation.CharacterCreation to /Game/GameSystem/Maps/UEDPIE_0_CharacterCreation.CharacterCreation (0.002664s)
[2024.04.02-07.23.53:335][331]LogUObjectHash: Compacting FUObjectHashTables data took   2.29ms
[2024.04.02-07.23.53:336][331]LogAudio: Display: Creating Audio Device:                 Id: 6, Scope: Unique, Realtime: True
[2024.04.02-07.23.53:336][331]LogAudioMixer: Display: Audio Mixer Platform Settings:
[2024.04.02-07.23.53:337][331]LogAudioMixer: Display: 	Sample Rate:						  48000
[2024.04.02-07.23.53:337][331]LogAudioMixer: Display: 	Callback Buffer Frame Size Requested: 1024
[2024.04.02-07.23.53:337][331]LogAudioMixer: Display: 	Callback Buffer Frame Size To Use:	  1024
[2024.04.02-07.23.53:338][331]LogAudioMixer: Display: 	Number of buffers to queue:			  2
[2024.04.02-07.23.53:338][331]LogAudioMixer: Display: 	Max Channels (voices):				  32
[2024.04.02-07.23.53:339][331]LogAudioMixer: Display: 	Number of Async Source Workers:		  0
[2024.04.02-07.23.53:339][331]LogAudio: Display: AudioDevice MaxSources: 32
[2024.04.02-07.23.53:340][331]LogAudio: Display: Audio Spatialization Plugin: None (built-in).
[2024.04.02-07.23.53:340][331]LogAudio: Display: Audio Reverb Plugin: None (built-in).
[2024.04.02-07.23.53:341][331]LogAudio: Display: Audio Occlusion Plugin: None (built-in).
[2024.04.02-07.23.53:341][331]LogAudioMixer: Display: Initializing audio mixer.
[2024.04.02-07.23.53:344][331]LogAudioMixer: Display: 0: FrontLeft
[2024.04.02-07.23.53:344][331]LogAudioMixer: Display: 1: FrontRight
[2024.04.02-07.23.53:390][331]LogAudioMixer: Display: Using Audio Device Speakers (Realtek(R) Audio)
[2024.04.02-07.23.53:390][331]LogAudioMixer: Display: Initializing Sound Submixes...
[2024.04.02-07.23.53:391][331]LogAudioMixer: Display: Creating Master Submix 'MasterSubmixDefault'
[2024.04.02-07.23.53:391][331]LogAudioMixer: Display: Creating Master Submix 'MasterReverbSubmixDefault'
[2024.04.02-07.23.53:392][331]LogAudioMixer: Display: Creating Master Submix 'MasterEQSubmixDefault'
[2024.04.02-07.23.53:393][331]LogAudioMixer: FMixerPlatformXAudio2::StartAudioStream() called
[2024.04.02-07.23.53:393][331]LogAudioMixer: Display: Output buffers initialized: Frames=1024, Channels=2, Samples=2048
[2024.04.02-07.23.53:397][331]LogAudioMixer: Display: Starting AudioMixerPlatformInterface::RunInternal()
[2024.04.02-07.23.53:398][331]LogAudioMixer: Display: FMixerPlatformXAudio2::SubmitBuffer() called for the first time
[2024.04.02-07.23.53:398][331]LogInit: FAudioDevice initialized.
[2024.04.02-07.23.53:398][331]LogAudio: Display: Audio Device (ID: 6) registered with world 'CharacterCreation'.
[2024.04.02-07.23.53:399][331]LogInit: Loading Cursor '../../../../Users/Sagi/Documents/GitHub/TwoDSSG/Content/Slate/MouseDefault.png'.
[2024.04.02-07.23.53:400][331]LogInit: Loading Cursor '../../../../Users/Sagi/Documents/GitHub/TwoDSSG/Content/Slate/ClickedMouse3.png'.
[2024.04.02-07.23.53:402][331]LogInit: Loading Cursor '../../../../Users/Sagi/Documents/GitHub/TwoDSSG/Content/Slate/ClickedMouse1.png'.
[2024.04.02-07.23.53:402][331]LogInit: Loading Cursor '../../../../Users/Sagi/Documents/GitHub/TwoDSSG/Content/Slate/ClickedMouse2.png'.
[2024.04.02-07.23.53:465][331]LogSlate: Updating window title bar state: overlay mode, drag disabled, window buttons hidden, title bar hidden
[2024.04.02-07.23.53:467][331]LogLoad: Game class is 'BP_Login_GM_C'
[2024.04.02-07.23.53:473][331]LogWorld: Bringing World /Game/GameSystem/Maps/UEDPIE_0_CharacterCreation.CharacterCreation up for play (max tick rate 60) at 2024.04.02-10.23.53
[2024.04.02-07.23.53:474][331]LogWorld: Bringing up level for play took: 0.002346
[2024.04.02-07.23.53:475][331]LogOnline: OSS: Creating online subsystem instance for: :Context_7
[2024.04.02-07.23.53:495][331]LogBlueprintUserMessages: [selectionScreenCharacter_bp_C_0] valid in bp
[2024.04.02-07.23.53:500][331]PIE: Server logged in
[2024.04.02-07.23.53:503][331]PIE: Play in editor total start time 0.306 seconds.
[2024.04.02-07.24.03:553][707]LogAWSCore: VeryVerbose: [UnrealLogSystem::::LogStream] event-loop [4580] id=0000014506D3BF10: running scheduled tasks.

[2024.04.02-07.24.03:553][707]LogAWSCore: VeryVerbose: [UnrealLogSystem::::LogStream] event-loop [4580] id=0000014506D3BF10: no more scheduled tasks using default timeout.

[2024.04.02-07.24.03:553][707]LogAWSCore: VeryVerbose: [UnrealLogSystem::::LogStream] event-loop [4580] id=0000014506D3BF10: waiting for a maximum of 100000 ms

[2024.04.02-07.24.03:553][707]LogAWSCore: VeryVerbose: [UnrealLogSystem::::LogStream] event-loop [6116] id=0000014506D3BF60: running scheduled tasks.

[2024.04.02-07.24.03:553][707]LogAWSCore: VeryVerbose: [UnrealLogSystem::::LogStream] event-loop [6116] id=0000014506D3BF60: no more scheduled tasks using default timeout.

[2024.04.02-07.24.03:554][707]LogAWSCore: VeryVerbose: [UnrealLogSystem::::LogStream] event-loop [6116] id=0000014506D3BF60: waiting for a maximum of 100000 ms

[2024.04.02-07.24.03:554][707]LogAWSCore: VeryVerbose: [UnrealLogSystem::::LogStream] event-loop [1832] id=0000014506D3D400: running scheduled tasks.

[2024.04.02-07.24.03:554][707]LogAWSCore: VeryVerbose: [UnrealLogSystem::::LogStream] event-loop [1832] id=0000014506D3D400: no more scheduled tasks using default timeout.

[2024.04.02-07.24.03:554][707]LogAWSCore: VeryVerbose: [UnrealLogSystem::::LogStream] event-loop [1832] id=0000014506D3D400: waiting for a maximum of 100000 ms

[2024.04.02-07.24.03:554][707]LogAWSCore: VeryVerbose: [UnrealLogSystem::::LogStream] event-loop [14064] id=0000014506D3CD20: running scheduled tasks.

[2024.04.02-07.24.03:564][708]LogAWSCore: VeryVerbose: [UnrealLogSystem::::LogStream] event-loop [14064] id=0000014506D3CD20: no more scheduled tasks using default timeout.

[2024.04.02-07.24.03:565][708]LogAWSCore: VeryVerbose: [UnrealLogSystem::::LogStream] event-loop [14064] id=0000014506D3CD20: waiting for a maximum of 100000 ms

[2024.04.02-07.24.03:565][708]LogAWSCore: VeryVerbose: [UnrealLogSystem::::LogStream] event-loop [28592] id=0000014506D3D7C0: running scheduled tasks.

[2024.04.02-07.24.03:565][708]LogAWSCore: VeryVerbose: [UnrealLogSystem::::LogStream] event-loop [28592] id=0000014506D3D7C0: no more scheduled tasks using default timeout.

[2024.04.02-07.24.03:565][708]LogAWSCore: VeryVerbose: [UnrealLogSystem::::LogStream] event-loop [28592] id=0000014506D3D7C0: waiting for a maximum of 100000 ms

[2024.04.02-07.24.03:565][708]LogAWSCore: VeryVerbose: [UnrealLogSystem::::LogStream] event-loop [27244] id=0000014506D3D720: running scheduled tasks.

[2024.04.02-07.24.03:565][708]LogAWSCore: VeryVerbose: [UnrealLogSystem::::LogStream] event-loop [27244] id=0000014506D3D720: no more scheduled tasks using default timeout.

[2024.04.02-07.24.03:565][708]LogAWSCore: VeryVerbose: [UnrealLogSystem::::LogStream] event-loop [27244] id=0000014506D3D720: waiting for a maximum of 100000 ms

[2024.04.02-07.24.03:565][708]LogAWSCore: VeryVerbose: [UnrealLogSystem::::LogStream] event-loop [16956] id=0000014506D3D2C0: running scheduled tasks.

[2024.04.02-07.24.03:566][708]LogAWSCore: VeryVerbose: [UnrealLogSystem::::LogStream] event-loop [16956] id=0000014506D3D2C0: no more scheduled tasks using default timeout.

[2024.04.02-07.24.03:566][708]LogAWSCore: VeryVerbose: [UnrealLogSystem::::LogStream] event-loop [16956] id=0000014506D3D2C0: waiting for a maximum of 100000 ms

[2024.04.02-07.24.03:566][708]LogAWSCore: VeryVerbose: [UnrealLogSystem::::LogStream] event-loop [12712] id=0000014506D3C5F0: running scheduled tasks.

[2024.04.02-07.24.03:566][708]LogAWSCore: VeryVerbose: [UnrealLogSystem::::LogStream] event-loop [12712] id=0000014506D3C5F0: no more scheduled tasks using default timeout.

[2024.04.02-07.24.03:566][708]LogAWSCore: VeryVerbose: [UnrealLogSystem::::LogStream] event-loop [12712] id=0000014506D3C5F0: waiting for a maximum of 100000 ms

[2024.04.02-07.24.21:214][373]LogSlate: Window 'TwoDSSG Preview [NetMode: Standalone]  (64-bit/Windows) ' being destroyed
[2024.04.02-07.24.21:262][373]LogWorld: BeginTearingDown for /Game/GameSystem/Maps/UEDPIE_0_CharacterCreation
[2024.04.02-07.24.21:262][373]LogWorld: UWorld::CleanupWorld for CharacterCreation, bSessionEnded=true, bCleanupResources=true
[2024.04.02-07.24.21:262][373]LogSlate: InvalidateAllWidgets triggered.  All widgets were invalidated
[2024.04.02-07.24.21:277][373]LogPlayLevel: Display: Shutting down PIE online subsystems
[2024.04.02-07.24.21:284][373]LogSlate: InvalidateAllWidgets triggered.  All widgets were invalidated
[2024.04.02-07.24.21:313][373]LogAudioMixer: FMixerPlatformXAudio2::StopAudioStream() called
[2024.04.02-07.24.21:317][373]LogAudioMixer: FMixerPlatformXAudio2::StopAudioStream() called
[2024.04.02-07.24.21:329][373]LogUObjectHash: Compacting FUObjectHashTables data took   2.73ms
[2024.04.02-07.24.21:356][374]LogPlayLevel: Display: Destroying online subsystem :Context_7
[2024.04.02-07.24.33:687][988]LogTemp: Repeating last play command: New Editor Window (PIE)
[2024.04.02-07.24.33:693][988]BlueprintLog: New page: Pre-Play auto-recompile
[2024.04.02-07.24.33:694][988]LogPlayLevel: [PlayLevel] Compiling CreationScreenWidget before play...
[2024.04.02-07.24.33:797][988]LogUObjectHash: Compacting FUObjectHashTables data took   2.99ms
[2024.04.02-07.24.33:799][988]LogPlayLevel: PlayLevel: Blueprint regeneration took 105 ms (1 blueprints)
[2024.04.02-07.24.33:799][988]PIE: New page: PIE session: CharacterCreation (Apr 2, 2024, 1:24:33 PM)
[2024.04.02-07.24.33:800][988]LogPlayLevel: Creating play world package: /Game/GameSystem/Maps/UEDPIE_0_CharacterCreation
[2024.04.02-07.24.33:801][988]LogPlayLevel: PIE: StaticDuplicateObject took: (0.000945s)
[2024.04.02-07.24.33:803][988]LogAIModule: Creating AISystem for world CharacterCreation
[2024.04.02-07.24.33:804][988]LogPlayLevel: PIE: World Init took: (0.001213s)
[2024.04.02-07.24.33:804][988]LogPlayLevel: PIE: Created PIE world by copying editor world from /Game/GameSystem/Maps/CharacterCreation.CharacterCreation to /Game/GameSystem/Maps/UEDPIE_0_CharacterCreation.CharacterCreation (0.002807s)
[2024.04.02-07.24.33:831][988]LogUObjectHash: Compacting FUObjectHashTables data took   2.66ms
[2024.04.02-07.24.33:831][988]LogAudio: Display: Creating Audio Device:                 Id: 7, Scope: Unique, Realtime: True
[2024.04.02-07.24.33:831][988]LogAudioMixer: Display: Audio Mixer Platform Settings:
[2024.04.02-07.24.33:831][988]LogAudioMixer: Display: 	Sample Rate:						  48000
[2024.04.02-07.24.33:831][988]LogAudioMixer: Display: 	Callback Buffer Frame Size Requested: 1024
[2024.04.02-07.24.33:833][988]LogAudioMixer: Display: 	Callback Buffer Frame Size To Use:	  1024
[2024.04.02-07.24.33:833][988]LogAudioMixer: Display: 	Number of buffers to queue:			  2
[2024.04.02-07.24.33:833][988]LogAudioMixer: Display: 	Max Channels (voices):				  32
[2024.04.02-07.24.33:833][988]LogAudioMixer: Display: 	Number of Async Source Workers:		  0
[2024.04.02-07.24.33:833][988]LogAudio: Display: AudioDevice MaxSources: 32
[2024.04.02-07.24.33:833][988]LogAudio: Display: Audio Spatialization Plugin: None (built-in).
[2024.04.02-07.24.33:834][988]LogAudio: Display: Audio Reverb Plugin: None (built-in).
[2024.04.02-07.24.33:834][988]LogAudio: Display: Audio Occlusion Plugin: None (built-in).
[2024.04.02-07.24.33:834][988]LogAudioMixer: Display: Initializing audio mixer.
[2024.04.02-07.24.33:836][988]LogAudioMixer: Display: 0: FrontLeft
[2024.04.02-07.24.33:837][988]LogAudioMixer: Display: 1: FrontRight
[2024.04.02-07.24.33:880][988]LogAudioMixer: Display: Using Audio Device Speakers (Realtek(R) Audio)
[2024.04.02-07.24.33:882][988]LogAudioMixer: Display: Initializing Sound Submixes...
[2024.04.02-07.24.33:882][988]LogAudioMixer: Display: Creating Master Submix 'MasterSubmixDefault'
[2024.04.02-07.24.33:882][988]LogAudioMixer: Display: Creating Master Submix 'MasterReverbSubmixDefault'
[2024.04.02-07.24.33:883][988]LogAudioMixer: Display: Creating Master Submix 'MasterEQSubmixDefault'
[2024.04.02-07.24.33:883][988]LogAudioMixer: FMixerPlatformXAudio2::StartAudioStream() called
[2024.04.02-07.24.33:884][988]LogAudioMixer: Display: Output buffers initialized: Frames=1024, Channels=2, Samples=2048
[2024.04.02-07.24.33:887][988]LogAudioMixer: Display: Starting AudioMixerPlatformInterface::RunInternal()
[2024.04.02-07.24.33:888][988]LogAudioMixer: Display: FMixerPlatformXAudio2::SubmitBuffer() called for the first time
[2024.04.02-07.24.33:888][988]LogInit: FAudioDevice initialized.
[2024.04.02-07.24.33:888][988]LogAudio: Display: Audio Device (ID: 7) registered with world 'CharacterCreation'.
[2024.04.02-07.24.33:889][988]LogInit: Loading Cursor '../../../../Users/Sagi/Documents/GitHub/TwoDSSG/Content/Slate/MouseDefault.png'.
[2024.04.02-07.24.33:890][988]LogInit: Loading Cursor '../../../../Users/Sagi/Documents/GitHub/TwoDSSG/Content/Slate/ClickedMouse3.png'.
[2024.04.02-07.24.33:891][988]LogInit: Loading Cursor '../../../../Users/Sagi/Documents/GitHub/TwoDSSG/Content/Slate/ClickedMouse1.png'.
[2024.04.02-07.24.33:891][988]LogInit: Loading Cursor '../../../../Users/Sagi/Documents/GitHub/TwoDSSG/Content/Slate/ClickedMouse2.png'.
[2024.04.02-07.24.33:959][988]LogSlate: Updating window title bar state: overlay mode, drag disabled, window buttons hidden, title bar hidden
[2024.04.02-07.24.33:960][988]LogLoad: Game class is 'BP_Login_GM_C'
[2024.04.02-07.24.33:964][988]LogWorld: Bringing World /Game/GameSystem/Maps/UEDPIE_0_CharacterCreation.CharacterCreation up for play (max tick rate 60) at 2024.04.02-10.24.33
[2024.04.02-07.24.33:966][988]LogWorld: Bringing up level for play took: 0.003113
[2024.04.02-07.24.33:966][988]LogOnline: OSS: Creating online subsystem instance for: :Context_8
[2024.04.02-07.24.33:986][988]LogBlueprintUserMessages: [selectionScreenCharacter_bp_C_0] valid in bp
[2024.04.02-07.24.33:990][988]PIE: Server logged in
[2024.04.02-07.24.33:993][988]PIE: Play in editor total start time 0.301 seconds.
[2024.04.02-07.24.39:259][179]LogSlate: Window 'TwoDSSG Preview [NetMode: Standalone]  (64-bit/Windows) ' being destroyed
[2024.04.02-07.24.39:290][179]LogWorld: BeginTearingDown for /Game/GameSystem/Maps/UEDPIE_0_CharacterCreation
[2024.04.02-07.24.39:290][179]LogWorld: UWorld::CleanupWorld for CharacterCreation, bSessionEnded=true, bCleanupResources=true
[2024.04.02-07.24.39:291][179]LogSlate: InvalidateAllWidgets triggered.  All widgets were invalidated
[2024.04.02-07.24.39:309][179]LogPlayLevel: Display: Shutting down PIE online subsystems
[2024.04.02-07.24.39:315][179]LogSlate: InvalidateAllWidgets triggered.  All widgets were invalidated
[2024.04.02-07.24.39:341][179]LogAudio: Display: Audio Device unregistered from world 'None'.
[2024.04.02-07.24.39:341][179]LogAudioMixer: FMixerPlatformXAudio2::StopAudioStream() called
[2024.04.02-07.24.39:343][179]LogAudioMixer: FMixerPlatformXAudio2::StopAudioStream() called
[2024.04.02-07.24.39:355][179]LogUObjectHash: Compacting FUObjectHashTables data took   2.67ms
[2024.04.02-07.24.39:383][180]LogPlayLevel: Display: Destroying online subsystem :Context_8
[2024.04.02-07.24.40:914][245]LogTemp: Repeating last play command: New Editor Window (PIE)
[2024.04.02-07.24.40:921][245]LogPlayLevel: PlayLevel: No blueprints needed recompiling
[2024.04.02-07.24.40:921][245]PIE: New page: PIE session: CharacterCreation (Apr 2, 2024, 1:24:40 PM)
[2024.04.02-07.24.40:922][245]LogPlayLevel: Creating play world package: /Game/GameSystem/Maps/UEDPIE_0_CharacterCreation
[2024.04.02-07.24.40:923][245]LogPlayLevel: PIE: StaticDuplicateObject took: (0.001139s)
[2024.04.02-07.24.40:924][245]LogAIModule: Creating AISystem for world CharacterCreation
[2024.04.02-07.24.40:925][245]LogPlayLevel: PIE: World Init took: (0.001495s)
[2024.04.02-07.24.40:925][245]LogPlayLevel: PIE: Created PIE world by copying editor world from /Game/GameSystem/Maps/CharacterCreation.CharacterCreation to /Game/GameSystem/Maps/UEDPIE_0_CharacterCreation.CharacterCreation (0.003321s)
[2024.04.02-07.24.40:954][245]LogUObjectHash: Compacting FUObjectHashTables data took   2.41ms
[2024.04.02-07.24.40:956][245]LogAudio: Display: Creating Audio Device:                 Id: 8, Scope: Unique, Realtime: True
[2024.04.02-07.24.40:957][245]LogAudioMixer: Display: Audio Mixer Platform Settings:
[2024.04.02-07.24.40:957][245]LogAudioMixer: Display: 	Sample Rate:						  48000
[2024.04.02-07.24.40:958][245]LogAudioMixer: Display: 	Callback Buffer Frame Size Requested: 1024
[2024.04.02-07.24.40:958][245]LogAudioMixer: Display: 	Callback Buffer Frame Size To Use:	  1024
[2024.04.02-07.24.40:958][245]LogAudioMixer: Display: 	Number of buffers to queue:			  2
[2024.04.02-07.24.40:959][245]LogAudioMixer: Display: 	Max Channels (voices):				  32
[2024.04.02-07.24.40:959][245]LogAudioMixer: Display: 	Number of Async Source Workers:		  0
[2024.04.02-07.24.40:960][245]LogAudio: Display: AudioDevice MaxSources: 32
[2024.04.02-07.24.40:961][245]LogAudio: Display: Audio Spatialization Plugin: None (built-in).
[2024.04.02-07.24.40:961][245]LogAudio: Display: Audio Reverb Plugin: None (built-in).
[2024.04.02-07.24.40:961][245]LogAudio: Display: Audio Occlusion Plugin: None (built-in).
[2024.04.02-07.24.40:962][245]LogAudioMixer: Display: Initializing audio mixer.
[2024.04.02-07.24.40:965][245]LogAudioMixer: Display: 0: FrontLeft
[2024.04.02-07.24.40:965][245]LogAudioMixer: Display: 1: FrontRight
[2024.04.02-07.24.41:013][245]LogAudioMixer: Display: Using Audio Device Speakers (Realtek(R) Audio)
[2024.04.02-07.24.41:014][245]LogAudioMixer: Display: Initializing Sound Submixes...
[2024.04.02-07.24.41:014][245]LogAudioMixer: Display: Creating Master Submix 'MasterSubmixDefault'
[2024.04.02-07.24.41:015][245]LogAudioMixer: Display: Creating Master Submix 'MasterReverbSubmixDefault'
[2024.04.02-07.24.41:016][245]LogAudioMixer: Display: Creating Master Submix 'MasterEQSubmixDefault'
[2024.04.02-07.24.41:016][245]LogAudioMixer: FMixerPlatformXAudio2::StartAudioStream() called
[2024.04.02-07.24.41:016][245]LogAudioMixer: Display: Output buffers initialized: Frames=1024, Channels=2, Samples=2048
[2024.04.02-07.24.41:020][245]LogAudioMixer: Display: Starting AudioMixerPlatformInterface::RunInternal()
[2024.04.02-07.24.41:021][245]LogAudioMixer: Display: FMixerPlatformXAudio2::SubmitBuffer() called for the first time
[2024.04.02-07.24.41:021][245]LogInit: FAudioDevice initialized.
[2024.04.02-07.24.41:022][245]LogAudio: Display: Audio Device (ID: 8) registered with world 'CharacterCreation'.
[2024.04.02-07.24.41:022][245]LogInit: Loading Cursor '../../../../Users/Sagi/Documents/GitHub/TwoDSSG/Content/Slate/MouseDefault.png'.
[2024.04.02-07.24.41:023][245]LogInit: Loading Cursor '../../../../Users/Sagi/Documents/GitHub/TwoDSSG/Content/Slate/ClickedMouse3.png'.
[2024.04.02-07.24.41:026][245]LogInit: Loading Cursor '../../../../Users/Sagi/Documents/GitHub/TwoDSSG/Content/Slate/ClickedMouse1.png'.
[2024.04.02-07.24.41:030][245]LogInit: Loading Cursor '../../../../Users/Sagi/Documents/GitHub/TwoDSSG/Content/Slate/ClickedMouse2.png'.
[2024.04.02-07.24.41:096][245]LogSlate: Updating window title bar state: overlay mode, drag disabled, window buttons hidden, title bar hidden
[2024.04.02-07.24.41:098][245]LogLoad: Game class is 'BP_Login_GM_C'
[2024.04.02-07.24.41:103][245]LogWorld: Bringing World /Game/GameSystem/Maps/UEDPIE_0_CharacterCreation.CharacterCreation up for play (max tick rate 60) at 2024.04.02-10.24.41
[2024.04.02-07.24.41:103][245]LogWorld: Bringing up level for play took: 0.001269
[2024.04.02-07.24.41:104][245]LogOnline: OSS: Creating online subsystem instance for: :Context_9
[2024.04.02-07.24.41:115][245]LogBlueprintUserMessages: [selectionScreenCharacter_bp_C_0] valid in bp
[2024.04.02-07.24.41:119][245]PIE: Server logged in
[2024.04.02-07.24.41:122][245]PIE: Play in editor total start time 0.201 seconds.
[2024.04.02-07.25.17:323][602]LogSlate: Window 'TwoDSSG Preview [NetMode: Standalone]  (64-bit/Windows) ' being destroyed
[2024.04.02-07.25.17:372][602]LogWorld: BeginTearingDown for /Game/GameSystem/Maps/UEDPIE_0_CharacterCreation
[2024.04.02-07.25.17:372][602]LogWorld: UWorld::CleanupWorld for CharacterCreation, bSessionEnded=true, bCleanupResources=true
[2024.04.02-07.25.17:373][602]LogSlate: InvalidateAllWidgets triggered.  All widgets were invalidated
[2024.04.02-07.25.17:386][602]LogPlayLevel: Display: Shutting down PIE online subsystems
[2024.04.02-07.25.17:391][602]LogSlate: InvalidateAllWidgets triggered.  All widgets were invalidated
[2024.04.02-07.25.17:418][602]LogAudioMixer: FMixerPlatformXAudio2::StopAudioStream() called
[2024.04.02-07.25.17:421][602]LogAudioMixer: FMixerPlatformXAudio2::StopAudioStream() called
[2024.04.02-07.25.17:436][602]LogUObjectHash: Compacting FUObjectHashTables data took   2.26ms
[2024.04.02-07.25.17:466][603]LogPlayLevel: Display: Destroying online subsystem :Context_9
[2024.04.02-07.25.34:991][499]LogEditorTransaction: Undo Edit Y
[2024.04.02-07.25.35:904][526]LogEditorTransaction: Undo Edit Y
[2024.04.02-07.25.43:556][897]LogAWSCore: VeryVerbose: [UnrealLogSystem::::LogStream] event-loop [12712] id=0000014506D3C5F0: running scheduled tasks.

[2024.04.02-07.25.43:556][897]LogAWSCore: VeryVerbose: [UnrealLogSystem::::LogStream] event-loop [12712] id=0000014506D3C5F0: no more scheduled tasks using default timeout.

[2024.04.02-07.25.43:556][897]LogAWSCore: VeryVerbose: [UnrealLogSystem::::LogStream] event-loop [12712] id=0000014506D3C5F0: waiting for a maximum of 100000 ms

[2024.04.02-07.25.43:556][897]LogAWSCore: VeryVerbose: [UnrealLogSystem::::LogStream] event-loop [16956] id=0000014506D3D2C0: running scheduled tasks.

[2024.04.02-07.25.43:556][897]LogAWSCore: VeryVerbose: [UnrealLogSystem::::LogStream] event-loop [16956] id=0000014506D3D2C0: no more scheduled tasks using default timeout.

[2024.04.02-07.25.43:556][897]LogAWSCore: VeryVerbose: [UnrealLogSystem::::LogStream] event-loop [16956] id=0000014506D3D2C0: waiting for a maximum of 100000 ms

[2024.04.02-07.25.43:556][897]LogAWSCore: VeryVerbose: [UnrealLogSystem::::LogStream] event-loop [28592] id=0000014506D3D7C0: running scheduled tasks.

[2024.04.02-07.25.43:556][897]LogAWSCore: VeryVerbose: [UnrealLogSystem::::LogStream] event-loop [28592] id=0000014506D3D7C0: no more scheduled tasks using default timeout.

[2024.04.02-07.25.43:556][897]LogAWSCore: VeryVerbose: [UnrealLogSystem::::LogStream] event-loop [28592] id=0000014506D3D7C0: waiting for a maximum of 100000 ms

[2024.04.02-07.25.43:556][897]LogAWSCore: VeryVerbose: [UnrealLogSystem::::LogStream] event-loop [27244] id=0000014506D3D720: running scheduled tasks.

[2024.04.02-07.25.43:556][897]LogAWSCore: VeryVerbose: [UnrealLogSystem::::LogStream] event-loop [27244] id=0000014506D3D720: no more scheduled tasks using default timeout.

[2024.04.02-07.25.43:557][897]LogAWSCore: VeryVerbose: [UnrealLogSystem::::LogStream] event-loop [27244] id=0000014506D3D720: waiting for a maximum of 100000 ms

[2024.04.02-07.25.43:557][897]LogAWSCore: VeryVerbose: [UnrealLogSystem::::LogStream] event-loop [4580] id=0000014506D3BF10: running scheduled tasks.

[2024.04.02-07.25.43:557][897]LogAWSCore: VeryVerbose: [UnrealLogSystem::::LogStream] event-loop [4580] id=0000014506D3BF10: no more scheduled tasks using default timeout.

[2024.04.02-07.25.43:557][897]LogAWSCore: VeryVerbose: [UnrealLogSystem::::LogStream] event-loop [4580] id=0000014506D3BF10: waiting for a maximum of 100000 ms

[2024.04.02-07.25.43:557][897]LogAWSCore: VeryVerbose: [UnrealLogSystem::::LogStream] event-loop [6116] id=0000014506D3BF60: running scheduled tasks.

[2024.04.02-07.25.43:557][897]LogAWSCore: VeryVerbose: [UnrealLogSystem::::LogStream] event-loop [6116] id=0000014506D3BF60: no more scheduled tasks using default timeout.

[2024.04.02-07.25.43:557][897]LogAWSCore: VeryVerbose: [UnrealLogSystem::::LogStream] event-loop [6116] id=0000014506D3BF60: waiting for a maximum of 100000 ms

[2024.04.02-07.25.43:557][897]LogAWSCore: VeryVerbose: [UnrealLogSystem::::LogStream] event-loop [1832] id=0000014506D3D400: running scheduled tasks.

[2024.04.02-07.25.43:557][897]LogAWSCore: VeryVerbose: [UnrealLogSystem::::LogStream] event-loop [1832] id=0000014506D3D400: no more scheduled tasks using default timeout.

[2024.04.02-07.25.43:557][897]LogAWSCore: VeryVerbose: [UnrealLogSystem::::LogStream] event-loop [1832] id=0000014506D3D400: waiting for a maximum of 100000 ms

[2024.04.02-07.25.43:557][897]LogAWSCore: VeryVerbose: [UnrealLogSystem::::LogStream] event-loop [14064] id=0000014506D3CD20: running scheduled tasks.

[2024.04.02-07.25.43:557][897]LogAWSCore: VeryVerbose: [UnrealLogSystem::::LogStream] event-loop [14064] id=0000014506D3CD20: no more scheduled tasks using default timeout.

[2024.04.02-07.25.43:557][897]LogAWSCore: VeryVerbose: [UnrealLogSystem::::LogStream] event-loop [14064] id=0000014506D3CD20: waiting for a maximum of 100000 ms

[2024.04.02-07.26.05:163][871]LogTemp: Repeating last play command: New Editor Window (PIE)
[2024.04.02-07.26.05:174][871]BlueprintLog: New page: Pre-Play auto-recompile
[2024.04.02-07.26.05:177][871]LogPlayLevel: [PlayLevel] Compiling CreationScreenWidget before play...
[2024.04.02-07.26.05:338][871]LogUObjectHash: Compacting FUObjectHashTables data took   5.06ms
[2024.04.02-07.26.05:341][871]LogPlayLevel: PlayLevel: Blueprint regeneration took 166 ms (1 blueprints)
[2024.04.02-07.26.05:341][871]PIE: New page: PIE session: CharacterCreation (Apr 2, 2024, 1:26:05 PM)
[2024.04.02-07.26.05:343][871]LogPlayLevel: Creating play world package: /Game/GameSystem/Maps/UEDPIE_0_CharacterCreation
[2024.04.02-07.26.05:345][871]LogPlayLevel: PIE: StaticDuplicateObject took: (0.002172s)
[2024.04.02-07.26.05:347][871]LogAIModule: Creating AISystem for world CharacterCreation
[2024.04.02-07.26.05:348][871]LogPlayLevel: PIE: World Init took: (0.002528s)
[2024.04.02-07.26.05:348][871]LogPlayLevel: PIE: Created PIE world by copying editor world from /Game/GameSystem/Maps/CharacterCreation.CharacterCreation to /Game/GameSystem/Maps/UEDPIE_0_CharacterCreation.CharacterCreation (0.005754s)
[2024.04.02-07.26.05:391][871]LogUObjectHash: Compacting FUObjectHashTables data took   4.48ms
[2024.04.02-07.26.05:392][871]LogAudio: Display: Creating Audio Device:                 Id: 9, Scope: Unique, Realtime: True
[2024.04.02-07.26.05:392][871]LogAudioMixer: Display: Audio Mixer Platform Settings:
[2024.04.02-07.26.05:393][871]LogAudioMixer: Display: 	Sample Rate:						  48000
[2024.04.02-07.26.05:393][871]LogAudioMixer: Display: 	Callback Buffer Frame Size Requested: 1024
[2024.04.02-07.26.05:393][871]LogAudioMixer: Display: 	Callback Buffer Frame Size To Use:	  1024
[2024.04.02-07.26.05:393][871]LogAudioMixer: Display: 	Number of buffers to queue:			  2
[2024.04.02-07.26.05:394][871]LogAudioMixer: Display: 	Max Channels (voices):				  32
[2024.04.02-07.26.05:394][871]LogAudioMixer: Display: 	Number of Async Source Workers:		  0
[2024.04.02-07.26.05:394][871]LogAudio: Display: AudioDevice MaxSources: 32
[2024.04.02-07.26.05:395][871]LogAudio: Display: Audio Spatialization Plugin: None (built-in).
[2024.04.02-07.26.05:396][871]LogAudio: Display: Audio Reverb Plugin: None (built-in).
[2024.04.02-07.26.05:396][871]LogAudio: Display: Audio Occlusion Plugin: None (built-in).
[2024.04.02-07.26.05:396][871]LogAudioMixer: Display: Initializing audio mixer.
[2024.04.02-07.26.05:400][871]LogAudioMixer: Display: 0: FrontLeft
[2024.04.02-07.26.05:400][871]LogAudioMixer: Display: 1: FrontRight
[2024.04.02-07.26.05:463][871]LogAudioMixer: Display: Using Audio Device Speakers (Realtek(R) Audio)
[2024.04.02-07.26.05:464][871]LogAudioMixer: Display: Initializing Sound Submixes...
[2024.04.02-07.26.05:465][871]LogAudioMixer: Display: Creating Master Submix 'MasterSubmixDefault'
[2024.04.02-07.26.05:465][871]LogAudioMixer: Display: Creating Master Submix 'MasterReverbSubmixDefault'
[2024.04.02-07.26.05:467][871]LogAudioMixer: Display: Creating Master Submix 'MasterEQSubmixDefault'
[2024.04.02-07.26.05:468][871]LogAudioMixer: FMixerPlatformXAudio2::StartAudioStream() called
[2024.04.02-07.26.05:468][871]LogAudioMixer: Display: Output buffers initialized: Frames=1024, Channels=2, Samples=2048
[2024.04.02-07.26.05:473][871]LogAudioMixer: Display: Starting AudioMixerPlatformInterface::RunInternal()
[2024.04.02-07.26.05:473][871]LogAudioMixer: Display: FMixerPlatformXAudio2::SubmitBuffer() called for the first time
[2024.04.02-07.26.05:473][871]LogInit: FAudioDevice initialized.
[2024.04.02-07.26.05:473][871]LogAudio: Display: Audio Device (ID: 9) registered with world 'CharacterCreation'.
[2024.04.02-07.26.05:474][871]LogInit: Loading Cursor '../../../../Users/Sagi/Documents/GitHub/TwoDSSG/Content/Slate/MouseDefault.png'.
[2024.04.02-07.26.05:475][871]LogInit: Loading Cursor '../../../../Users/Sagi/Documents/GitHub/TwoDSSG/Content/Slate/ClickedMouse3.png'.
[2024.04.02-07.26.05:477][871]LogInit: Loading Cursor '../../../../Users/Sagi/Documents/GitHub/TwoDSSG/Content/Slate/ClickedMouse1.png'.
[2024.04.02-07.26.05:477][871]LogInit: Loading Cursor '../../../../Users/Sagi/Documents/GitHub/TwoDSSG/Content/Slate/ClickedMouse2.png'.
[2024.04.02-07.26.05:546][871]LogSlate: Updating window title bar state: overlay mode, drag disabled, window buttons hidden, title bar hidden
[2024.04.02-07.26.05:548][871]LogLoad: Game class is 'BP_Login_GM_C'
[2024.04.02-07.26.05:552][871]LogWorld: Bringing World /Game/GameSystem/Maps/UEDPIE_0_CharacterCreation.CharacterCreation up for play (max tick rate 0) at 2024.04.02-10.26.05
[2024.04.02-07.26.05:553][871]LogWorld: Bringing up level for play took: 0.001906
[2024.04.02-07.26.05:553][871]LogOnline: OSS: Creating online subsystem instance for: :Context_10
[2024.04.02-07.26.05:567][871]LogBlueprintUserMessages: [selectionScreenCharacter_bp_C_0] valid in bp
[2024.04.02-07.26.05:573][871]PIE: Server logged in
[2024.04.02-07.26.05:575][871]PIE: Play in editor total start time 0.402 seconds.
[2024.04.02-07.26.17:713][324]LogSlate: Window 'TwoDSSG Preview [NetMode: Standalone]  (64-bit/Windows) ' being destroyed
[2024.04.02-07.26.17:755][324]LogWorld: BeginTearingDown for /Game/GameSystem/Maps/UEDPIE_0_CharacterCreation
[2024.04.02-07.26.17:755][324]LogWorld: UWorld::CleanupWorld for CharacterCreation, bSessionEnded=true, bCleanupResources=true
[2024.04.02-07.26.17:756][324]LogSlate: InvalidateAllWidgets triggered.  All widgets were invalidated
[2024.04.02-07.26.17:773][324]LogPlayLevel: Display: Shutting down PIE online subsystems
[2024.04.02-07.26.17:778][324]LogSlate: InvalidateAllWidgets triggered.  All widgets were invalidated
[2024.04.02-07.26.17:805][324]LogAudioMixer: FMixerPlatformXAudio2::StopAudioStream() called
[2024.04.02-07.26.17:808][324]LogAudioMixer: FMixerPlatformXAudio2::StopAudioStream() called
[2024.04.02-07.26.17:820][324]LogUObjectHash: Compacting FUObjectHashTables data took   2.55ms
[2024.04.02-07.26.17:851][325]LogPlayLevel: Display: Destroying online subsystem :Context_10
[2024.04.02-07.26.47:196][713]LogTemp: Repeating last play command: New Editor Window (PIE)
[2024.04.02-07.26.47:202][713]BlueprintLog: New page: Pre-Play auto-recompile
[2024.04.02-07.26.47:204][713]LogPlayLevel: [PlayLevel] Compiling CreationScreenWidget before play...
[2024.04.02-07.26.47:309][713]LogUObjectHash: Compacting FUObjectHashTables data took   2.83ms
[2024.04.02-07.26.47:311][713]LogPlayLevel: PlayLevel: Blueprint regeneration took 108 ms (1 blueprints)
[2024.04.02-07.26.47:311][713]PIE: New page: PIE session: CharacterCreation (Apr 2, 2024, 1:26:47 PM)
[2024.04.02-07.26.47:312][713]LogPlayLevel: Creating play world package: /Game/GameSystem/Maps/UEDPIE_0_CharacterCreation
[2024.04.02-07.26.47:313][713]LogPlayLevel: PIE: StaticDuplicateObject took: (0.001466s)
[2024.04.02-07.26.47:315][713]LogAIModule: Creating AISystem for world CharacterCreation
[2024.04.02-07.26.47:316][713]LogPlayLevel: PIE: World Init took: (0.001891s)
[2024.04.02-07.26.47:316][713]LogPlayLevel: PIE: Created PIE world by copying editor world from /Game/GameSystem/Maps/CharacterCreation.CharacterCreation to /Game/GameSystem/Maps/UEDPIE_0_CharacterCreation.CharacterCreation (0.004474s)
[2024.04.02-07.26.47:344][713]LogUObjectHash: Compacting FUObjectHashTables data took   2.18ms
[2024.04.02-07.26.47:345][713]LogAudio: Display: Creating Audio Device:                 Id: 10, Scope: Unique, Realtime: True
[2024.04.02-07.26.47:345][713]LogAudioMixer: Display: Audio Mixer Platform Settings:
[2024.04.02-07.26.47:345][713]LogAudioMixer: Display: 	Sample Rate:						  48000
[2024.04.02-07.26.47:346][713]LogAudioMixer: Display: 	Callback Buffer Frame Size Requested: 1024
[2024.04.02-07.26.47:346][713]LogAudioMixer: Display: 	Callback Buffer Frame Size To Use:	  1024
[2024.04.02-07.26.47:346][713]LogAudioMixer: Display: 	Number of buffers to queue:			  2
[2024.04.02-07.26.47:346][713]LogAudioMixer: Display: 	Max Channels (voices):				  32
[2024.04.02-07.26.47:347][713]LogAudioMixer: Display: 	Number of Async Source Workers:		  0
[2024.04.02-07.26.47:347][713]LogAudio: Display: AudioDevice MaxSources: 32
[2024.04.02-07.26.47:348][713]LogAudio: Display: Audio Spatialization Plugin: None (built-in).
[2024.04.02-07.26.47:348][713]LogAudio: Display: Audio Reverb Plugin: None (built-in).
[2024.04.02-07.26.47:349][713]LogAudio: Display: Audio Occlusion Plugin: None (built-in).
[2024.04.02-07.26.47:349][713]LogAudioMixer: Display: Initializing audio mixer.
[2024.04.02-07.26.47:351][713]LogAudioMixer: Display: 0: FrontLeft
[2024.04.02-07.26.47:351][713]LogAudioMixer: Display: 1: FrontRight
[2024.04.02-07.26.47:396][713]LogAudioMixer: Display: Using Audio Device Speakers (Realtek(R) Audio)
[2024.04.02-07.26.47:397][713]LogAudioMixer: Display: Initializing Sound Submixes...
[2024.04.02-07.26.47:398][713]LogAudioMixer: Display: Creating Master Submix 'MasterSubmixDefault'
[2024.04.02-07.26.47:398][713]LogAudioMixer: Display: Creating Master Submix 'MasterReverbSubmixDefault'
[2024.04.02-07.26.47:399][713]LogAudioMixer: Display: Creating Master Submix 'MasterEQSubmixDefault'
[2024.04.02-07.26.47:400][713]LogAudioMixer: FMixerPlatformXAudio2::StartAudioStream() called
[2024.04.02-07.26.47:400][713]LogAudioMixer: Display: Output buffers initialized: Frames=1024, Channels=2, Samples=2048
[2024.04.02-07.26.47:409][713]LogAudioMixer: Display: Starting AudioMixerPlatformInterface::RunInternal()
[2024.04.02-07.26.47:409][713]LogAudioMixer: Display: FMixerPlatformXAudio2::SubmitBuffer() called for the first time
[2024.04.02-07.26.47:409][713]LogInit: FAudioDevice initialized.
[2024.04.02-07.26.47:409][713]LogAudio: Display: Audio Device (ID: 10) registered with world 'CharacterCreation'.
[2024.04.02-07.26.47:410][713]LogInit: Loading Cursor '../../../../Users/Sagi/Documents/GitHub/TwoDSSG/Content/Slate/MouseDefault.png'.
[2024.04.02-07.26.47:412][713]LogInit: Loading Cursor '../../../../Users/Sagi/Documents/GitHub/TwoDSSG/Content/Slate/ClickedMouse3.png'.
[2024.04.02-07.26.47:412][713]LogInit: Loading Cursor '../../../../Users/Sagi/Documents/GitHub/TwoDSSG/Content/Slate/ClickedMouse1.png'.
[2024.04.02-07.26.47:414][713]LogInit: Loading Cursor '../../../../Users/Sagi/Documents/GitHub/TwoDSSG/Content/Slate/ClickedMouse2.png'.
[2024.04.02-07.26.47:471][713]LogSlate: Updating window title bar state: overlay mode, drag disabled, window buttons hidden, title bar hidden
[2024.04.02-07.26.47:473][713]LogLoad: Game class is 'BP_Login_GM_C'
[2024.04.02-07.26.47:476][713]LogWorld: Bringing World /Game/GameSystem/Maps/UEDPIE_0_CharacterCreation.CharacterCreation up for play (max tick rate 0) at 2024.04.02-10.26.47
[2024.04.02-07.26.47:478][713]LogWorld: Bringing up level for play took: 0.001550
[2024.04.02-07.26.47:479][713]LogOnline: OSS: Creating online subsystem instance for: :Context_11
[2024.04.02-07.26.47:493][713]LogBlueprintUserMessages: [selectionScreenCharacter_bp_C_0] valid in bp
[2024.04.02-07.26.47:498][713]PIE: Server logged in
[2024.04.02-07.26.47:503][713]PIE: Play in editor total start time 0.302 seconds.
[2024.04.02-07.27.23:554][ 78]LogAWSCore: VeryVerbose: [UnrealLogSystem::::LogStream] event-loop [12712] id=0000014506D3C5F0: running scheduled tasks.

[2024.04.02-07.27.23:554][ 78]LogAWSCore: VeryVerbose: [UnrealLogSystem::::LogStream] event-loop [12712] id=0000014506D3C5F0: no more scheduled tasks using default timeout.

[2024.04.02-07.27.23:554][ 78]LogAWSCore: VeryVerbose: [UnrealLogSystem::::LogStream] event-loop [12712] id=0000014506D3C5F0: waiting for a maximum of 100000 ms

[2024.04.02-07.27.23:554][ 78]LogAWSCore: VeryVerbose: [UnrealLogSystem::::LogStream] event-loop [16956] id=0000014506D3D2C0: running scheduled tasks.

[2024.04.02-07.27.23:554][ 78]LogAWSCore: VeryVerbose: [UnrealLogSystem::::LogStream] event-loop [16956] id=0000014506D3D2C0: no more scheduled tasks using default timeout.

[2024.04.02-07.27.23:554][ 78]LogAWSCore: VeryVerbose: [UnrealLogSystem::::LogStream] event-loop [16956] id=0000014506D3D2C0: waiting for a maximum of 100000 ms

[2024.04.02-07.27.23:555][ 78]LogAWSCore: VeryVerbose: [UnrealLogSystem::::LogStream] event-loop [27244] id=0000014506D3D720: running scheduled tasks.

[2024.04.02-07.27.23:555][ 78]LogAWSCore: VeryVerbose: [UnrealLogSystem::::LogStream] event-loop [27244] id=0000014506D3D720: no more scheduled tasks using default timeout.

[2024.04.02-07.27.23:555][ 78]LogAWSCore: VeryVerbose: [UnrealLogSystem::::LogStream] event-loop [27244] id=0000014506D3D720: waiting for a maximum of 100000 ms

[2024.04.02-07.27.23:555][ 78]LogAWSCore: VeryVerbose: [UnrealLogSystem::::LogStream] event-loop [28592] id=0000014506D3D7C0: running scheduled tasks.

[2024.04.02-07.27.23:555][ 78]LogAWSCore: VeryVerbose: [UnrealLogSystem::::LogStream] event-loop [28592] id=0000014506D3D7C0: no more scheduled tasks using default timeout.

[2024.04.02-07.27.23:555][ 78]LogAWSCore: VeryVerbose: [UnrealLogSystem::::LogStream] event-loop [28592] id=0000014506D3D7C0: waiting for a maximum of 100000 ms

[2024.04.02-07.27.23:555][ 78]LogAWSCore: VeryVerbose: [UnrealLogSystem::::LogStream] event-loop [14064] id=0000014506D3CD20: running scheduled tasks.

[2024.04.02-07.27.23:555][ 78]LogAWSCore: VeryVerbose: [UnrealLogSystem::::LogStream] event-loop [14064] id=0000014506D3CD20: no more scheduled tasks using default timeout.

[2024.04.02-07.27.23:555][ 78]LogAWSCore: VeryVerbose: [UnrealLogSystem::::LogStream] event-loop [14064] id=0000014506D3CD20: waiting for a maximum of 100000 ms

[2024.04.02-07.27.23:555][ 78]LogAWSCore: VeryVerbose: [UnrealLogSystem::::LogStream] event-loop [1832] id=0000014506D3D400: running scheduled tasks.

[2024.04.02-07.27.23:555][ 78]LogAWSCore: VeryVerbose: [UnrealLogSystem::::LogStream] event-loop [1832] id=0000014506D3D400: no more scheduled tasks using default timeout.

[2024.04.02-07.27.23:555][ 78]LogAWSCore: VeryVerbose: [UnrealLogSystem::::LogStream] event-loop [1832] id=0000014506D3D400: waiting for a maximum of 100000 ms

[2024.04.02-07.27.23:555][ 78]LogAWSCore: VeryVerbose: [UnrealLogSystem::::LogStream] event-loop [6116] id=0000014506D3BF60: running scheduled tasks.

[2024.04.02-07.27.23:555][ 78]LogAWSCore: VeryVerbose: [UnrealLogSystem::::LogStream] event-loop [6116] id=0000014506D3BF60: no more scheduled tasks using default timeout.

[2024.04.02-07.27.23:557][ 78]LogAWSCore: VeryVerbose: [UnrealLogSystem::::LogStream] event-loop [6116] id=0000014506D3BF60: waiting for a maximum of 100000 ms

[2024.04.02-07.27.23:557][ 78]LogAWSCore: VeryVerbose: [UnrealLogSystem::::LogStream] event-loop [4580] id=0000014506D3BF10: running scheduled tasks.

[2024.04.02-07.27.23:557][ 78]LogAWSCore: VeryVerbose: [UnrealLogSystem::::LogStream] event-loop [4580] id=0000014506D3BF10: no more scheduled tasks using default timeout.

[2024.04.02-07.27.23:557][ 78]LogAWSCore: VeryVerbose: [UnrealLogSystem::::LogStream] event-loop [4580] id=0000014506D3BF10: waiting for a maximum of 100000 ms

[2024.04.02-07.27.42:070][778]LogSlate: Window 'TwoDSSG Preview [NetMode: Standalone]  (64-bit/Windows) ' being destroyed
[2024.04.02-07.27.42:115][778]LogWorld: BeginTearingDown for /Game/GameSystem/Maps/UEDPIE_0_CharacterCreation
[2024.04.02-07.27.42:115][778]LogWorld: UWorld::CleanupWorld for CharacterCreation, bSessionEnded=true, bCleanupResources=true
[2024.04.02-07.27.42:115][778]LogSlate: InvalidateAllWidgets triggered.  All widgets were invalidated
[2024.04.02-07.27.42:130][778]LogPlayLevel: Display: Shutting down PIE online subsystems
[2024.04.02-07.27.42:135][778]LogSlate: InvalidateAllWidgets triggered.  All widgets were invalidated
[2024.04.02-07.27.42:161][778]LogAudioMixer: FMixerPlatformXAudio2::StopAudioStream() called
[2024.04.02-07.27.42:165][778]LogAudioMixer: FMixerPlatformXAudio2::StopAudioStream() called
[2024.04.02-07.27.42:177][778]LogUObjectHash: Compacting FUObjectHashTables data took   2.25ms
[2024.04.02-07.27.42:206][779]LogPlayLevel: Display: Destroying online subsystem :Context_11
[2024.04.02-07.28.00:748][671]BlueprintLog: New page: Compile CreationScreenWidget
[2024.04.02-07.28.00:806][671]LogUObjectHash: Compacting FUObjectHashTables data took   2.42ms
[2024.04.02-07.28.47:984][875]LogSlate: Took 0.007188 seconds to synchronously load lazily loaded font '../../../Engine/Content/Slate/Fonts/Roboto-BoldCondensedItalic.ttf' (160K)
[2024.04.02-07.28.57:908][260]BlueprintLog: New page: Compile CreationScreenWidget
[2024.04.02-07.28.57:967][260]LogUObjectHash: Compacting FUObjectHashTables data took   3.09ms
[2024.04.02-07.28.59:220][306]LogSavePackage: Moving '../../../../Users/Sagi/Documents/GitHub/TwoDSSG/Saved/CreationScreenWidget694F32354CD7FA71D5F1DA826B53D084.tmp' to '../../../../Users/Sagi/Documents/GitHub/TwoDSSG/Content/GameSystem/Widgets/CreationScreen/CreationScreenWidget.uasset'
[2024.04.02-07.28.59:247][306]AssetCheck: New page: Asset Save: CreationScreenWidget
[2024.04.02-07.28.59:247][306]LogContentValidation: Display: Validating WidgetBlueprint /Game/GameSystem/Widgets/CreationScreen/CreationScreenWidget.CreationScreenWidget
[2024.04.02-07.29.03:555][525]LogAWSCore: VeryVerbose: [UnrealLogSystem::::LogStream] event-loop [4580] id=0000014506D3BF10: running scheduled tasks.

[2024.04.02-07.29.03:555][525]LogAWSCore: VeryVerbose: [UnrealLogSystem::::LogStream] event-loop [4580] id=0000014506D3BF10: no more scheduled tasks using default timeout.

[2024.04.02-07.29.03:555][525]LogAWSCore: VeryVerbose: [UnrealLogSystem::::LogStream] event-loop [4580] id=0000014506D3BF10: waiting for a maximum of 100000 ms

[2024.04.02-07.29.03:555][525]LogAWSCore: VeryVerbose: [UnrealLogSystem::::LogStream] event-loop [6116] id=0000014506D3BF60: running scheduled tasks.

[2024.04.02-07.29.03:555][525]LogAWSCore: VeryVerbose: [UnrealLogSystem::::LogStream] event-loop [6116] id=0000014506D3BF60: no more scheduled tasks using default timeout.

[2024.04.02-07.29.03:555][525]LogAWSCore: VeryVerbose: [UnrealLogSystem::::LogStream] event-loop [6116] id=0000014506D3BF60: waiting for a maximum of 100000 ms

[2024.04.02-07.29.03:555][525]LogAWSCore: VeryVerbose: [UnrealLogSystem::::LogStream] event-loop [1832] id=0000014506D3D400: running scheduled tasks.

[2024.04.02-07.29.03:555][525]LogAWSCore: VeryVerbose: [UnrealLogSystem::::LogStream] event-loop [1832] id=0000014506D3D400: no more scheduled tasks using default timeout.

[2024.04.02-07.29.03:555][525]LogAWSCore: VeryVerbose: [UnrealLogSystem::::LogStream] event-loop [1832] id=0000014506D3D400: waiting for a maximum of 100000 ms

[2024.04.02-07.29.03:555][525]LogAWSCore: VeryVerbose: [UnrealLogSystem::::LogStream] event-loop [14064] id=0000014506D3CD20: running scheduled tasks.

[2024.04.02-07.29.03:555][525]LogAWSCore: VeryVerbose: [UnrealLogSystem::::LogStream] event-loop [14064] id=0000014506D3CD20: no more scheduled tasks using default timeout.

[2024.04.02-07.29.03:555][525]LogAWSCore: VeryVerbose: [UnrealLogSystem::::LogStream] event-loop [14064] id=0000014506D3CD20: waiting for a maximum of 100000 ms

[2024.04.02-07.29.03:555][525]LogAWSCore: VeryVerbose: [UnrealLogSystem::::LogStream] event-loop [28592] id=0000014506D3D7C0: running scheduled tasks.

[2024.04.02-07.29.03:555][525]LogAWSCore: VeryVerbose: [UnrealLogSystem::::LogStream] event-loop [28592] id=0000014506D3D7C0: no more scheduled tasks using default timeout.

[2024.04.02-07.29.03:555][525]LogAWSCore: VeryVerbose: [UnrealLogSystem::::LogStream] event-loop [28592] id=0000014506D3D7C0: waiting for a maximum of 100000 ms

[2024.04.02-07.29.03:557][525]LogAWSCore: VeryVerbose: [UnrealLogSystem::::LogStream] event-loop [27244] id=0000014506D3D720: running scheduled tasks.

[2024.04.02-07.29.03:557][525]LogAWSCore: VeryVerbose: [UnrealLogSystem::::LogStream] event-loop [27244] id=0000014506D3D720: no more scheduled tasks using default timeout.

[2024.04.02-07.29.03:557][525]LogAWSCore: VeryVerbose: [UnrealLogSystem::::LogStream] event-loop [27244] id=0000014506D3D720: waiting for a maximum of 100000 ms

[2024.04.02-07.29.03:557][525]LogAWSCore: VeryVerbose: [UnrealLogSystem::::LogStream] event-loop [16956] id=0000014506D3D2C0: running scheduled tasks.

[2024.04.02-07.29.03:557][525]LogAWSCore: VeryVerbose: [UnrealLogSystem::::LogStream] event-loop [16956] id=0000014506D3D2C0: no more scheduled tasks using default timeout.

[2024.04.02-07.29.03:557][525]LogAWSCore: VeryVerbose: [UnrealLogSystem::::LogStream] event-loop [16956] id=0000014506D3D2C0: waiting for a maximum of 100000 ms

[2024.04.02-07.29.03:557][525]LogAWSCore: VeryVerbose: [UnrealLogSystem::::LogStream] event-loop [12712] id=0000014506D3C5F0: running scheduled tasks.

[2024.04.02-07.29.03:557][525]LogAWSCore: VeryVerbose: [UnrealLogSystem::::LogStream] event-loop [12712] id=0000014506D3C5F0: no more scheduled tasks using default timeout.

[2024.04.02-07.29.03:558][525]LogAWSCore: VeryVerbose: [UnrealLogSystem::::LogStream] event-loop [12712] id=0000014506D3C5F0: waiting for a maximum of 100000 ms

[2024.04.02-07.29.06:424][660]BlueprintLog: New page: Compile CreationScreenWidget
[2024.04.02-07.29.06:492][660]LogUObjectHash: Compacting FUObjectHashTables data took   3.00ms
[2024.04.02-07.29.07:441][690]LogSavePackage: Moving '../../../../Users/Sagi/Documents/GitHub/TwoDSSG/Saved/CreationScreenWidget8B784B0F4C62DDFC9E8E689741DCFC37.tmp' to '../../../../Users/Sagi/Documents/GitHub/TwoDSSG/Content/GameSystem/Widgets/CreationScreen/CreationScreenWidget.uasset'
[2024.04.02-07.29.07:461][690]AssetCheck: New page: Asset Save: CreationScreenWidget
[2024.04.02-07.29.07:461][690]LogContentValidation: Display: Validating WidgetBlueprint /Game/GameSystem/Widgets/CreationScreen/CreationScreenWidget.CreationScreenWidget
[2024.04.02-07.29.28:896][667]BlueprintLog: New page: Compile CreationScreenWidget
[2024.04.02-07.29.28:966][667]LogUObjectHash: Compacting FUObjectHashTables data took   3.02ms
[2024.04.02-07.29.30:398][718]LogSavePackage: Moving '../../../../Users/Sagi/Documents/GitHub/TwoDSSG/Saved/CreationScreenWidgetC8681013426CEE432677F6B88AECECEA.tmp' to '../../../../Users/Sagi/Documents/GitHub/TwoDSSG/Content/GameSystem/Widgets/CreationScreen/CreationScreenWidget.uasset'
[2024.04.02-07.29.30:420][718]AssetCheck: New page: Asset Save: CreationScreenWidget
[2024.04.02-07.29.30:421][718]LogContentValidation: Display: Validating WidgetBlueprint /Game/GameSystem/Widgets/CreationScreen/CreationScreenWidget.CreationScreenWidget
[2024.04.02-07.30.43:557][113]LogAWSCore: VeryVerbose: [UnrealLogSystem::::LogStream] event-loop [4580] id=0000014506D3BF10: running scheduled tasks.

[2024.04.02-07.30.43:557][113]LogAWSCore: VeryVerbose: [UnrealLogSystem::::LogStream] event-loop [4580] id=0000014506D3BF10: no more scheduled tasks using default timeout.

[2024.04.02-07.30.43:557][113]LogAWSCore: VeryVerbose: [UnrealLogSystem::::LogStream] event-loop [4580] id=0000014506D3BF10: waiting for a maximum of 100000 ms

[2024.04.02-07.30.43:557][113]LogAWSCore: VeryVerbose: [UnrealLogSystem::::LogStream] event-loop [6116] id=0000014506D3BF60: running scheduled tasks.

[2024.04.02-07.30.43:557][113]LogAWSCore: VeryVerbose: [UnrealLogSystem::::LogStream] event-loop [6116] id=0000014506D3BF60: no more scheduled tasks using default timeout.

[2024.04.02-07.30.43:557][113]LogAWSCore: VeryVerbose: [UnrealLogSystem::::LogStream] event-loop [6116] id=0000014506D3BF60: waiting for a maximum of 100000 ms

[2024.04.02-07.30.43:557][113]LogAWSCore: VeryVerbose: [UnrealLogSystem::::LogStream] event-loop [1832] id=0000014506D3D400: running scheduled tasks.

[2024.04.02-07.30.43:557][113]LogAWSCore: VeryVerbose: [UnrealLogSystem::::LogStream] event-loop [1832] id=0000014506D3D400: no more scheduled tasks using default timeout.

[2024.04.02-07.30.43:557][113]LogAWSCore: VeryVerbose: [UnrealLogSystem::::LogStream] event-loop [1832] id=0000014506D3D400: waiting for a maximum of 100000 ms

[2024.04.02-07.30.43:557][113]LogAWSCore: VeryVerbose: [UnrealLogSystem::::LogStream] event-loop [14064] id=0000014506D3CD20: running scheduled tasks.

[2024.04.02-07.30.43:557][113]LogAWSCore: VeryVerbose: [UnrealLogSystem::::LogStream] event-loop [14064] id=0000014506D3CD20: no more scheduled tasks using default timeout.

[2024.04.02-07.30.43:557][113]LogAWSCore: VeryVerbose: [UnrealLogSystem::::LogStream] event-loop [14064] id=0000014506D3CD20: waiting for a maximum of 100000 ms

[2024.04.02-07.30.43:557][113]LogAWSCore: VeryVerbose: [UnrealLogSystem::::LogStream] event-loop [28592] id=0000014506D3D7C0: running scheduled tasks.

[2024.04.02-07.30.43:558][113]LogAWSCore: VeryVerbose: [UnrealLogSystem::::LogStream] event-loop [28592] id=0000014506D3D7C0: no more scheduled tasks using default timeout.

[2024.04.02-07.30.43:558][113]LogAWSCore: VeryVerbose: [UnrealLogSystem::::LogStream] event-loop [28592] id=0000014506D3D7C0: waiting for a maximum of 100000 ms

[2024.04.02-07.30.43:558][113]LogAWSCore: VeryVerbose: [UnrealLogSystem::::LogStream] event-loop [27244] id=0000014506D3D720: running scheduled tasks.

[2024.04.02-07.30.43:558][113]LogAWSCore: VeryVerbose: [UnrealLogSystem::::LogStream] event-loop [27244] id=0000014506D3D720: no more scheduled tasks using default timeout.

[2024.04.02-07.30.43:558][113]LogAWSCore: VeryVerbose: [UnrealLogSystem::::LogStream] event-loop [27244] id=0000014506D3D720: waiting for a maximum of 100000 ms

[2024.04.02-07.30.43:558][113]LogAWSCore: VeryVerbose: [UnrealLogSystem::::LogStream] event-loop [16956] id=0000014506D3D2C0: running scheduled tasks.

[2024.04.02-07.30.43:558][113]LogAWSCore: VeryVerbose: [UnrealLogSystem::::LogStream] event-loop [16956] id=0000014506D3D2C0: no more scheduled tasks using default timeout.

[2024.04.02-07.30.43:558][113]LogAWSCore: VeryVerbose: [UnrealLogSystem::::LogStream] event-loop [16956] id=0000014506D3D2C0: waiting for a maximum of 100000 ms

[2024.04.02-07.30.43:558][113]LogAWSCore: VeryVerbose: [UnrealLogSystem::::LogStream] event-loop [12712] id=0000014506D3C5F0: running scheduled tasks.

[2024.04.02-07.30.43:558][113]LogAWSCore: VeryVerbose: [UnrealLogSystem::::LogStream] event-loop [12712] id=0000014506D3C5F0: no more scheduled tasks using default timeout.

[2024.04.02-07.30.43:558][113]LogAWSCore: VeryVerbose: [UnrealLogSystem::::LogStream] event-loop [12712] id=0000014506D3C5F0: waiting for a maximum of 100000 ms

[2024.04.02-07.31.23:692][966]BlueprintLog: New page: Compile CreationScreenWidget
[2024.04.02-07.31.23:768][966]LogUObjectHash: Compacting FUObjectHashTables data took   3.25ms
[2024.04.02-07.31.25:425][ 31]LogTemp: Repeating last play command: New Editor Window (PIE)
[2024.04.02-07.31.25:432][ 31]LogPlayLevel: PlayLevel: No blueprints needed recompiling
[2024.04.02-07.31.25:433][ 31]PIE: New page: PIE session: CharacterCreation (Apr 2, 2024, 1:31:25 PM)
[2024.04.02-07.31.25:434][ 31]LogPlayLevel: Creating play world package: /Game/GameSystem/Maps/UEDPIE_0_CharacterCreation
[2024.04.02-07.31.25:435][ 31]LogPlayLevel: PIE: StaticDuplicateObject took: (0.001266s)
[2024.04.02-07.31.25:436][ 31]LogAIModule: Creating AISystem for world CharacterCreation
[2024.04.02-07.31.25:436][ 31]LogPlayLevel: PIE: World Init took: (0.001223s)
[2024.04.02-07.31.25:436][ 31]LogPlayLevel: PIE: Created PIE world by copying editor world from /Game/GameSystem/Maps/CharacterCreation.CharacterCreation to /Game/GameSystem/Maps/UEDPIE_0_CharacterCreation.CharacterCreation (0.002865s)
[2024.04.02-07.31.25:468][ 31]LogUObjectHash: Compacting FUObjectHashTables data took   3.05ms
[2024.04.02-07.31.25:469][ 31]LogAudio: Display: Creating Audio Device:                 Id: 11, Scope: Unique, Realtime: True
[2024.04.02-07.31.25:469][ 31]LogAudioMixer: Display: Audio Mixer Platform Settings:
[2024.04.02-07.31.25:469][ 31]LogAudioMixer: Display: 	Sample Rate:						  48000
[2024.04.02-07.31.25:469][ 31]LogAudioMixer: Display: 	Callback Buffer Frame Size Requested: 1024
[2024.04.02-07.31.25:469][ 31]LogAudioMixer: Display: 	Callback Buffer Frame Size To Use:	  1024
[2024.04.02-07.31.25:469][ 31]LogAudioMixer: Display: 	Number of buffers to queue:			  2
[2024.04.02-07.31.25:469][ 31]LogAudioMixer: Display: 	Max Channels (voices):				  32
[2024.04.02-07.31.25:469][ 31]LogAudioMixer: Display: 	Number of Async Source Workers:		  0
[2024.04.02-07.31.25:469][ 31]LogAudio: Display: AudioDevice MaxSources: 32
[2024.04.02-07.31.25:471][ 31]LogAudio: Display: Audio Spatialization Plugin: None (built-in).
[2024.04.02-07.31.25:471][ 31]LogAudio: Display: Audio Reverb Plugin: None (built-in).
[2024.04.02-07.31.25:471][ 31]LogAudio: Display: Audio Occlusion Plugin: None (built-in).
[2024.04.02-07.31.25:471][ 31]LogAudioMixer: Display: Initializing audio mixer.
[2024.04.02-07.31.25:475][ 31]LogAudioMixer: Display: 0: FrontLeft
[2024.04.02-07.31.25:475][ 31]LogAudioMixer: Display: 1: FrontRight
[2024.04.02-07.31.25:520][ 31]LogAudioMixer: Display: Using Audio Device Speakers (Realtek(R) Audio)
[2024.04.02-07.31.25:521][ 31]LogAudioMixer: Display: Initializing Sound Submixes...
[2024.04.02-07.31.25:521][ 31]LogAudioMixer: Display: Creating Master Submix 'MasterSubmixDefault'
[2024.04.02-07.31.25:523][ 31]LogAudioMixer: Display: Creating Master Submix 'MasterReverbSubmixDefault'
[2024.04.02-07.31.25:523][ 31]LogAudioMixer: Display: Creating Master Submix 'MasterEQSubmixDefault'
[2024.04.02-07.31.25:524][ 31]LogAudioMixer: FMixerPlatformXAudio2::StartAudioStream() called
[2024.04.02-07.31.25:524][ 31]LogAudioMixer: Display: Output buffers initialized: Frames=1024, Channels=2, Samples=2048
[2024.04.02-07.31.25:528][ 31]LogAudioMixer: Display: Starting AudioMixerPlatformInterface::RunInternal()
[2024.04.02-07.31.25:529][ 31]LogAudioMixer: Display: FMixerPlatformXAudio2::SubmitBuffer() called for the first time
[2024.04.02-07.31.25:529][ 31]LogInit: FAudioDevice initialized.
[2024.04.02-07.31.25:529][ 31]LogAudio: Display: Audio Device (ID: 11) registered with world 'CharacterCreation'.
[2024.04.02-07.31.25:530][ 31]LogInit: Loading Cursor '../../../../Users/Sagi/Documents/GitHub/TwoDSSG/Content/Slate/MouseDefault.png'.
[2024.04.02-07.31.25:533][ 31]LogInit: Loading Cursor '../../../../Users/Sagi/Documents/GitHub/TwoDSSG/Content/Slate/ClickedMouse3.png'.
[2024.04.02-07.31.25:534][ 31]LogInit: Loading Cursor '../../../../Users/Sagi/Documents/GitHub/TwoDSSG/Content/Slate/ClickedMouse1.png'.
[2024.04.02-07.31.25:535][ 31]LogInit: Loading Cursor '../../../../Users/Sagi/Documents/GitHub/TwoDSSG/Content/Slate/ClickedMouse2.png'.
[2024.04.02-07.31.25:598][ 31]LogSlate: Updating window title bar state: overlay mode, drag disabled, window buttons hidden, title bar hidden
[2024.04.02-07.31.25:598][ 31]LogLoad: Game class is 'BP_Login_GM_C'
[2024.04.02-07.31.25:599][ 31]LogWorld: Bringing World /Game/GameSystem/Maps/UEDPIE_0_CharacterCreation.CharacterCreation up for play (max tick rate 0) at 2024.04.02-10.31.25
[2024.04.02-07.31.25:600][ 31]LogWorld: Bringing up level for play took: 0.000644
[2024.04.02-07.31.25:600][ 31]LogOnline: OSS: Creating online subsystem instance for: :Context_12
[2024.04.02-07.31.25:607][ 31]LogBlueprintUserMessages: [selectionScreenCharacter_bp_C_0] valid in bp
[2024.04.02-07.31.25:622][ 31]PIE: Server logged in
[2024.04.02-07.31.25:627][ 31]PIE: Play in editor total start time 0.196 seconds.
[2024.04.02-07.32.23:558][218]LogAWSCore: VeryVerbose: [UnrealLogSystem::::LogStream] event-loop [4580] id=0000014506D3BF10: running scheduled tasks.

[2024.04.02-07.32.23:558][218]LogAWSCore: VeryVerbose: [UnrealLogSystem::::LogStream] event-loop [4580] id=0000014506D3BF10: no more scheduled tasks using default timeout.

[2024.04.02-07.32.23:558][218]LogAWSCore: VeryVerbose: [UnrealLogSystem::::LogStream] event-loop [4580] id=0000014506D3BF10: waiting for a maximum of 100000 ms

[2024.04.02-07.32.23:558][218]LogAWSCore: VeryVerbose: [UnrealLogSystem::::LogStream] event-loop [6116] id=0000014506D3BF60: running scheduled tasks.

[2024.04.02-07.32.23:558][218]LogAWSCore: VeryVerbose: [UnrealLogSystem::::LogStream] event-loop [6116] id=0000014506D3BF60: no more scheduled tasks using default timeout.

[2024.04.02-07.32.23:558][218]LogAWSCore: VeryVerbose: [UnrealLogSystem::::LogStream] event-loop [6116] id=0000014506D3BF60: waiting for a maximum of 100000 ms

[2024.04.02-07.32.23:558][218]LogAWSCore: VeryVerbose: [UnrealLogSystem::::LogStream] event-loop [1832] id=0000014506D3D400: running scheduled tasks.

[2024.04.02-07.32.23:558][218]LogAWSCore: VeryVerbose: [UnrealLogSystem::::LogStream] event-loop [1832] id=0000014506D3D400: no more scheduled tasks using default timeout.

[2024.04.02-07.32.23:558][218]LogAWSCore: VeryVerbose: [UnrealLogSystem::::LogStream] event-loop [1832] id=0000014506D3D400: waiting for a maximum of 100000 ms

[2024.04.02-07.32.23:558][218]LogAWSCore: VeryVerbose: [UnrealLogSystem::::LogStream] event-loop [14064] id=0000014506D3CD20: running scheduled tasks.

[2024.04.02-07.32.23:558][218]LogAWSCore: VeryVerbose: [UnrealLogSystem::::LogStream] event-loop [14064] id=0000014506D3CD20: no more scheduled tasks using default timeout.

[2024.04.02-07.32.23:560][218]LogAWSCore: VeryVerbose: [UnrealLogSystem::::LogStream] event-loop [14064] id=0000014506D3CD20: waiting for a maximum of 100000 ms

[2024.04.02-07.32.23:560][218]LogAWSCore: VeryVerbose: [UnrealLogSystem::::LogStream] event-loop [28592] id=0000014506D3D7C0: running scheduled tasks.

[2024.04.02-07.32.23:560][218]LogAWSCore: VeryVerbose: [UnrealLogSystem::::LogStream] event-loop [28592] id=0000014506D3D7C0: no more scheduled tasks using default timeout.

[2024.04.02-07.32.23:560][218]LogAWSCore: VeryVerbose: [UnrealLogSystem::::LogStream] event-loop [28592] id=0000014506D3D7C0: waiting for a maximum of 100000 ms

[2024.04.02-07.32.23:560][218]LogAWSCore: VeryVerbose: [UnrealLogSystem::::LogStream] event-loop [27244] id=0000014506D3D720: running scheduled tasks.

[2024.04.02-07.32.23:560][218]LogAWSCore: VeryVerbose: [UnrealLogSystem::::LogStream] event-loop [27244] id=0000014506D3D720: no more scheduled tasks using default timeout.

[2024.04.02-07.32.23:560][218]LogAWSCore: VeryVerbose: [UnrealLogSystem::::LogStream] event-loop [27244] id=0000014506D3D720: waiting for a maximum of 100000 ms

[2024.04.02-07.32.23:560][218]LogAWSCore: VeryVerbose: [UnrealLogSystem::::LogStream] event-loop [16956] id=0000014506D3D2C0: running scheduled tasks.

[2024.04.02-07.32.23:560][218]LogAWSCore: VeryVerbose: [UnrealLogSystem::::LogStream] event-loop [16956] id=0000014506D3D2C0: no more scheduled tasks using default timeout.

[2024.04.02-07.32.23:560][218]LogAWSCore: VeryVerbose: [UnrealLogSystem::::LogStream] event-loop [16956] id=0000014506D3D2C0: waiting for a maximum of 100000 ms

[2024.04.02-07.32.23:560][218]LogAWSCore: VeryVerbose: [UnrealLogSystem::::LogStream] event-loop [12712] id=0000014506D3C5F0: running scheduled tasks.

[2024.04.02-07.32.23:560][218]LogAWSCore: VeryVerbose: [UnrealLogSystem::::LogStream] event-loop [12712] id=0000014506D3C5F0: no more scheduled tasks using default timeout.

[2024.04.02-07.32.23:560][218]LogAWSCore: VeryVerbose: [UnrealLogSystem::::LogStream] event-loop [12712] id=0000014506D3C5F0: waiting for a maximum of 100000 ms

[2024.04.02-07.34.03:563][ 13]LogAWSCore: VeryVerbose: [UnrealLogSystem::::LogStream] event-loop [27244] id=0000014506D3D720: running scheduled tasks.

[2024.04.02-07.34.03:563][ 13]LogAWSCore: VeryVerbose: [UnrealLogSystem::::LogStream] event-loop [27244] id=0000014506D3D720: no more scheduled tasks using default timeout.

[2024.04.02-07.34.03:563][ 13]LogAWSCore: VeryVerbose: [UnrealLogSystem::::LogStream] event-loop [27244] id=0000014506D3D720: waiting for a maximum of 100000 ms

[2024.04.02-07.34.03:563][ 13]LogAWSCore: VeryVerbose: [UnrealLogSystem::::LogStream] event-loop [28592] id=0000014506D3D7C0: running scheduled tasks.

[2024.04.02-07.34.03:563][ 13]LogAWSCore: VeryVerbose: [UnrealLogSystem::::LogStream] event-loop [28592] id=0000014506D3D7C0: no more scheduled tasks using default timeout.

[2024.04.02-07.34.03:563][ 13]LogAWSCore: VeryVerbose: [UnrealLogSystem::::LogStream] event-loop [28592] id=0000014506D3D7C0: waiting for a maximum of 100000 ms

[2024.04.02-07.34.03:563][ 13]LogAWSCore: VeryVerbose: [UnrealLogSystem::::LogStream] event-loop [14064] id=0000014506D3CD20: running scheduled tasks.

[2024.04.02-07.34.03:563][ 13]LogAWSCore: VeryVerbose: [UnrealLogSystem::::LogStream] event-loop [14064] id=0000014506D3CD20: no more scheduled tasks using default timeout.

[2024.04.02-07.34.03:563][ 13]LogAWSCore: VeryVerbose: [UnrealLogSystem::::LogStream] event-loop [14064] id=0000014506D3CD20: waiting for a maximum of 100000 ms

[2024.04.02-07.34.03:564][ 13]LogAWSCore: VeryVerbose: [UnrealLogSystem::::LogStream] event-loop [1832] id=0000014506D3D400: running scheduled tasks.

[2024.04.02-07.34.03:564][ 13]LogAWSCore: VeryVerbose: [UnrealLogSystem::::LogStream] event-loop [1832] id=0000014506D3D400: no more scheduled tasks using default timeout.

[2024.04.02-07.34.03:564][ 13]LogAWSCore: VeryVerbose: [UnrealLogSystem::::LogStream] event-loop [1832] id=0000014506D3D400: waiting for a maximum of 100000 ms

[2024.04.02-07.34.03:564][ 13]LogAWSCore: VeryVerbose: [UnrealLogSystem::::LogStream] event-loop [6116] id=0000014506D3BF60: running scheduled tasks.

[2024.04.02-07.34.03:564][ 13]LogAWSCore: VeryVerbose: [UnrealLogSystem::::LogStream] event-loop [6116] id=0000014506D3BF60: no more scheduled tasks using default timeout.

[2024.04.02-07.34.03:564][ 13]LogAWSCore: VeryVerbose: [UnrealLogSystem::::LogStream] event-loop [6116] id=0000014506D3BF60: waiting for a maximum of 100000 ms

[2024.04.02-07.34.03:564][ 13]LogAWSCore: VeryVerbose: [UnrealLogSystem::::LogStream] event-loop [4580] id=0000014506D3BF10: running scheduled tasks.

[2024.04.02-07.34.03:564][ 13]LogAWSCore: VeryVerbose: [UnrealLogSystem::::LogStream] event-loop [4580] id=0000014506D3BF10: no more scheduled tasks using default timeout.

[2024.04.02-07.34.03:564][ 13]LogAWSCore: VeryVerbose: [UnrealLogSystem::::LogStream] event-loop [4580] id=0000014506D3BF10: waiting for a maximum of 100000 ms

[2024.04.02-07.34.03:564][ 13]LogAWSCore: VeryVerbose: [UnrealLogSystem::::LogStream] event-loop [16956] id=0000014506D3D2C0: running scheduled tasks.

[2024.04.02-07.34.03:564][ 13]LogAWSCore: VeryVerbose: [UnrealLogSystem::::LogStream] event-loop [16956] id=0000014506D3D2C0: no more scheduled tasks using default timeout.

[2024.04.02-07.34.03:564][ 13]LogAWSCore: VeryVerbose: [UnrealLogSystem::::LogStream] event-loop [16956] id=0000014506D3D2C0: waiting for a maximum of 100000 ms

[2024.04.02-07.34.03:564][ 13]LogAWSCore: VeryVerbose: [UnrealLogSystem::::LogStream] event-loop [12712] id=0000014506D3C5F0: running scheduled tasks.

[2024.04.02-07.34.03:564][ 13]LogAWSCore: VeryVerbose: [UnrealLogSystem::::LogStream] event-loop [12712] id=0000014506D3C5F0: no more scheduled tasks using default timeout.

[2024.04.02-07.34.03:564][ 13]LogAWSCore: VeryVerbose: [UnrealLogSystem::::LogStream] event-loop [12712] id=0000014506D3C5F0: waiting for a maximum of 100000 ms

[2024.04.02-07.35.43:556][776]LogAWSCore: VeryVerbose: [UnrealLogSystem::::LogStream] event-loop [4580] id=0000014506D3BF10: running scheduled tasks.

[2024.04.02-07.35.43:556][776]LogAWSCore: VeryVerbose: [UnrealLogSystem::::LogStream] event-loop [4580] id=0000014506D3BF10: no more scheduled tasks using default timeout.

[2024.04.02-07.35.43:556][776]LogAWSCore: VeryVerbose: [UnrealLogSystem::::LogStream] event-loop [4580] id=0000014506D3BF10: waiting for a maximum of 100000 ms

[2024.04.02-07.35.43:557][776]LogAWSCore: VeryVerbose: [UnrealLogSystem::::LogStream] event-loop [6116] id=0000014506D3BF60: running scheduled tasks.

[2024.04.02-07.35.43:557][776]LogAWSCore: VeryVerbose: [UnrealLogSystem::::LogStream] event-loop [6116] id=0000014506D3BF60: no more scheduled tasks using default timeout.

[2024.04.02-07.35.43:557][776]LogAWSCore: VeryVerbose: [UnrealLogSystem::::LogStream] event-loop [6116] id=0000014506D3BF60: waiting for a maximum of 100000 ms

[2024.04.02-07.35.43:557][776]LogAWSCore: VeryVerbose: [UnrealLogSystem::::LogStream] event-loop [1832] id=0000014506D3D400: running scheduled tasks.

[2024.04.02-07.35.43:557][776]LogAWSCore: VeryVerbose: [UnrealLogSystem::::LogStream] event-loop [1832] id=0000014506D3D400: no more scheduled tasks using default timeout.

[2024.04.02-07.35.43:557][776]LogAWSCore: VeryVerbose: [UnrealLogSystem::::LogStream] event-loop [1832] id=0000014506D3D400: waiting for a maximum of 100000 ms

[2024.04.02-07.35.43:557][776]LogAWSCore: VeryVerbose: [UnrealLogSystem::::LogStream] event-loop [14064] id=0000014506D3CD20: running scheduled tasks.

[2024.04.02-07.35.43:557][776]LogAWSCore: VeryVerbose: [UnrealLogSystem::::LogStream] event-loop [14064] id=0000014506D3CD20: no more scheduled tasks using default timeout.

[2024.04.02-07.35.43:557][776]LogAWSCore: VeryVerbose: [UnrealLogSystem::::LogStream] event-loop [14064] id=0000014506D3CD20: waiting for a maximum of 100000 ms

[2024.04.02-07.35.43:557][776]LogAWSCore: VeryVerbose: [UnrealLogSystem::::LogStream] event-loop [28592] id=0000014506D3D7C0: running scheduled tasks.

[2024.04.02-07.35.43:557][776]LogAWSCore: VeryVerbose: [UnrealLogSystem::::LogStream] event-loop [28592] id=0000014506D3D7C0: no more scheduled tasks using default timeout.

[2024.04.02-07.35.43:557][776]LogAWSCore: VeryVerbose: [UnrealLogSystem::::LogStream] event-loop [28592] id=0000014506D3D7C0: waiting for a maximum of 100000 ms

[2024.04.02-07.35.43:557][776]LogAWSCore: VeryVerbose: [UnrealLogSystem::::LogStream] event-loop [27244] id=0000014506D3D720: running scheduled tasks.

[2024.04.02-07.35.43:557][776]LogAWSCore: VeryVerbose: [UnrealLogSystem::::LogStream] event-loop [27244] id=0000014506D3D720: no more scheduled tasks using default timeout.

[2024.04.02-07.35.43:558][776]LogAWSCore: VeryVerbose: [UnrealLogSystem::::LogStream] event-loop [27244] id=0000014506D3D720: waiting for a maximum of 100000 ms

[2024.04.02-07.35.43:558][776]LogAWSCore: VeryVerbose: [UnrealLogSystem::::LogStream] event-loop [16956] id=0000014506D3D2C0: running scheduled tasks.

[2024.04.02-07.35.43:558][776]LogAWSCore: VeryVerbose: [UnrealLogSystem::::LogStream] event-loop [16956] id=0000014506D3D2C0: no more scheduled tasks using default timeout.

[2024.04.02-07.35.43:558][776]LogAWSCore: VeryVerbose: [UnrealLogSystem::::LogStream] event-loop [16956] id=0000014506D3D2C0: waiting for a maximum of 100000 ms

[2024.04.02-07.35.43:558][776]LogAWSCore: VeryVerbose: [UnrealLogSystem::::LogStream] event-loop [12712] id=0000014506D3C5F0: running scheduled tasks.

[2024.04.02-07.35.43:558][776]LogAWSCore: VeryVerbose: [UnrealLogSystem::::LogStream] event-loop [12712] id=0000014506D3C5F0: no more scheduled tasks using default timeout.

[2024.04.02-07.35.43:558][776]LogAWSCore: VeryVerbose: [UnrealLogSystem::::LogStream] event-loop [12712] id=0000014506D3C5F0: waiting for a maximum of 100000 ms

[2024.04.02-07.36.09:960][779]LogSlate: Window 'TwoDSSG Preview [NetMode: Standalone]  (64-bit/Windows) ' being destroyed
[2024.04.02-07.36.10:001][779]LogWorld: BeginTearingDown for /Game/GameSystem/Maps/UEDPIE_0_CharacterCreation
[2024.04.02-07.36.10:001][779]LogWorld: UWorld::CleanupWorld for CharacterCreation, bSessionEnded=true, bCleanupResources=true
[2024.04.02-07.36.10:002][779]LogSlate: InvalidateAllWidgets triggered.  All widgets were invalidated
[2024.04.02-07.36.10:021][779]LogPlayLevel: Display: Shutting down PIE online subsystems
[2024.04.02-07.36.10:026][779]LogSlate: InvalidateAllWidgets triggered.  All widgets were invalidated
[2024.04.02-07.36.10:054][779]LogAudio: Display: Audio Device unregistered from world 'None'.
[2024.04.02-07.36.10:055][779]LogAudioMixer: FMixerPlatformXAudio2::StopAudioStream() called
[2024.04.02-07.36.10:059][779]LogAudioMixer: FMixerPlatformXAudio2::StopAudioStream() called
[2024.04.02-07.36.10:074][779]LogUObjectHash: Compacting FUObjectHashTables data took   3.26ms
[2024.04.02-07.36.10:113][780]LogPlayLevel: Display: Destroying online subsystem :Context_12
[2024.04.02-07.36.24:510][479]LogTemp: Repeating last play command: New Editor Window (PIE)
[2024.04.02-07.36.24:517][479]BlueprintLog: New page: Pre-Play auto-recompile
[2024.04.02-07.36.24:519][479]LogPlayLevel: [PlayLevel] Compiling CreationScreenWidget before play...
[2024.04.02-07.36.24:608][479]LogUObjectHash: Compacting FUObjectHashTables data took   3.17ms
[2024.04.02-07.36.24:610][479]LogPlayLevel: PlayLevel: Blueprint regeneration took 92 ms (1 blueprints)
[2024.04.02-07.36.24:611][479]PIE: New page: PIE session: CharacterCreation (Apr 2, 2024, 1:36:24 PM)
[2024.04.02-07.36.24:611][479]LogPlayLevel: Creating play world package: /Game/GameSystem/Maps/UEDPIE_0_CharacterCreation
[2024.04.02-07.36.24:612][479]LogPlayLevel: PIE: StaticDuplicateObject took: (0.001069s)
[2024.04.02-07.36.24:613][479]LogAIModule: Creating AISystem for world CharacterCreation
[2024.04.02-07.36.24:614][479]LogPlayLevel: PIE: World Init took: (0.001285s)
[2024.04.02-07.36.24:614][479]LogPlayLevel: PIE: Created PIE world by copying editor world from /Game/GameSystem/Maps/CharacterCreation.CharacterCreation to /Game/GameSystem/Maps/UEDPIE_0_CharacterCreation.CharacterCreation (0.002925s)
[2024.04.02-07.36.24:641][479]LogUObjectHash: Compacting FUObjectHashTables data took   2.26ms
[2024.04.02-07.36.24:642][479]LogAudio: Display: Creating Audio Device:                 Id: 12, Scope: Unique, Realtime: True
[2024.04.02-07.36.24:642][479]LogAudioMixer: Display: Audio Mixer Platform Settings:
[2024.04.02-07.36.24:642][479]LogAudioMixer: Display: 	Sample Rate:						  48000
[2024.04.02-07.36.24:642][479]LogAudioMixer: Display: 	Callback Buffer Frame Size Requested: 1024
[2024.04.02-07.36.24:642][479]LogAudioMixer: Display: 	Callback Buffer Frame Size To Use:	  1024
[2024.04.02-07.36.24:642][479]LogAudioMixer: Display: 	Number of buffers to queue:			  2
[2024.04.02-07.36.24:642][479]LogAudioMixer: Display: 	Max Channels (voices):				  32
[2024.04.02-07.36.24:642][479]LogAudioMixer: Display: 	Number of Async Source Workers:		  0
[2024.04.02-07.36.24:642][479]LogAudio: Display: AudioDevice MaxSources: 32
[2024.04.02-07.36.24:644][479]LogAudio: Display: Audio Spatialization Plugin: None (built-in).
[2024.04.02-07.36.24:645][479]LogAudio: Display: Audio Reverb Plugin: None (built-in).
[2024.04.02-07.36.24:645][479]LogAudio: Display: Audio Occlusion Plugin: None (built-in).
[2024.04.02-07.36.24:645][479]LogAudioMixer: Display: Initializing audio mixer.
[2024.04.02-07.36.24:649][479]LogAudioMixer: Display: 0: FrontLeft
[2024.04.02-07.36.24:649][479]LogAudioMixer: Display: 1: FrontRight
[2024.04.02-07.36.24:696][479]LogAudioMixer: Display: Using Audio Device Speakers (Realtek(R) Audio)
[2024.04.02-07.36.24:696][479]LogAudioMixer: Display: Initializing Sound Submixes...
[2024.04.02-07.36.24:697][479]LogAudioMixer: Display: Creating Master Submix 'MasterSubmixDefault'
[2024.04.02-07.36.24:697][479]LogAudioMixer: Display: Creating Master Submix 'MasterReverbSubmixDefault'
[2024.04.02-07.36.24:698][479]LogAudioMixer: Display: Creating Master Submix 'MasterEQSubmixDefault'
[2024.04.02-07.36.24:698][479]LogAudioMixer: FMixerPlatformXAudio2::StartAudioStream() called
[2024.04.02-07.36.24:699][479]LogAudioMixer: Display: Output buffers initialized: Frames=1024, Channels=2, Samples=2048
[2024.04.02-07.36.24:704][479]LogAudioMixer: Display: Starting AudioMixerPlatformInterface::RunInternal()
[2024.04.02-07.36.24:704][479]LogAudioMixer: Display: FMixerPlatformXAudio2::SubmitBuffer() called for the first time
[2024.04.02-07.36.24:704][479]LogInit: FAudioDevice initialized.
[2024.04.02-07.36.24:705][479]LogAudio: Display: Audio Device (ID: 12) registered with world 'CharacterCreation'.
[2024.04.02-07.36.24:705][479]LogInit: Loading Cursor '../../../../Users/Sagi/Documents/GitHub/TwoDSSG/Content/Slate/MouseDefault.png'.
[2024.04.02-07.36.24:706][479]LogInit: Loading Cursor '../../../../Users/Sagi/Documents/GitHub/TwoDSSG/Content/Slate/ClickedMouse3.png'.
[2024.04.02-07.36.24:707][479]LogInit: Loading Cursor '../../../../Users/Sagi/Documents/GitHub/TwoDSSG/Content/Slate/ClickedMouse1.png'.
[2024.04.02-07.36.24:708][479]LogInit: Loading Cursor '../../../../Users/Sagi/Documents/GitHub/TwoDSSG/Content/Slate/ClickedMouse2.png'.
[2024.04.02-07.36.24:778][479]LogSlate: Updating window title bar state: overlay mode, drag disabled, window buttons hidden, title bar hidden
[2024.04.02-07.36.24:780][479]LogLoad: Game class is 'BP_Login_GM_C'
[2024.04.02-07.36.24:785][479]LogWorld: Bringing World /Game/GameSystem/Maps/UEDPIE_0_CharacterCreation.CharacterCreation up for play (max tick rate 0) at 2024.04.02-10.36.24
[2024.04.02-07.36.24:786][479]LogWorld: Bringing up level for play took: 0.002059
[2024.04.02-07.36.24:786][479]LogOnline: OSS: Creating online subsystem instance for: :Context_13
[2024.04.02-07.36.24:805][479]LogBlueprintUserMessages: [selectionScreenCharacter_bp_C_0] valid in bp
[2024.04.02-07.36.24:811][479]PIE: Server logged in
[2024.04.02-07.36.24:814][479]PIE: Play in editor total start time 0.299 seconds.
[2024.04.02-07.37.23:558][694]LogAWSCore: VeryVerbose: [UnrealLogSystem::::LogStream] event-loop [4580] id=0000014506D3BF10: running scheduled tasks.

[2024.04.02-07.37.23:558][694]LogAWSCore: VeryVerbose: [UnrealLogSystem::::LogStream] event-loop [4580] id=0000014506D3BF10: no more scheduled tasks using default timeout.

[2024.04.02-07.37.23:558][694]LogAWSCore: VeryVerbose: [UnrealLogSystem::::LogStream] event-loop [4580] id=0000014506D3BF10: waiting for a maximum of 100000 ms

[2024.04.02-07.37.23:558][694]LogAWSCore: VeryVerbose: [UnrealLogSystem::::LogStream] event-loop [6116] id=0000014506D3BF60: running scheduled tasks.

[2024.04.02-07.37.23:558][694]LogAWSCore: VeryVerbose: [UnrealLogSystem::::LogStream] event-loop [6116] id=0000014506D3BF60: no more scheduled tasks using default timeout.

[2024.04.02-07.37.23:558][694]LogAWSCore: VeryVerbose: [UnrealLogSystem::::LogStream] event-loop [6116] id=0000014506D3BF60: waiting for a maximum of 100000 ms

[2024.04.02-07.37.23:558][694]LogAWSCore: VeryVerbose: [UnrealLogSystem::::LogStream] event-loop [1832] id=0000014506D3D400: running scheduled tasks.

[2024.04.02-07.37.23:559][694]LogAWSCore: VeryVerbose: [UnrealLogSystem::::LogStream] event-loop [1832] id=0000014506D3D400: no more scheduled tasks using default timeout.

[2024.04.02-07.37.23:559][694]LogAWSCore: VeryVerbose: [UnrealLogSystem::::LogStream] event-loop [1832] id=0000014506D3D400: waiting for a maximum of 100000 ms

[2024.04.02-07.37.23:559][694]LogAWSCore: VeryVerbose: [UnrealLogSystem::::LogStream] event-loop [14064] id=0000014506D3CD20: running scheduled tasks.

[2024.04.02-07.37.23:559][694]LogAWSCore: VeryVerbose: [UnrealLogSystem::::LogStream] event-loop [14064] id=0000014506D3CD20: no more scheduled tasks using default timeout.

[2024.04.02-07.37.23:559][694]LogAWSCore: VeryVerbose: [UnrealLogSystem::::LogStream] event-loop [14064] id=0000014506D3CD20: waiting for a maximum of 100000 ms

[2024.04.02-07.37.23:559][694]LogAWSCore: VeryVerbose: [UnrealLogSystem::::LogStream] event-loop [28592] id=0000014506D3D7C0: running scheduled tasks.

[2024.04.02-07.37.23:559][694]LogAWSCore: VeryVerbose: [UnrealLogSystem::::LogStream] event-loop [28592] id=0000014506D3D7C0: no more scheduled tasks using default timeout.

[2024.04.02-07.37.23:559][694]LogAWSCore: VeryVerbose: [UnrealLogSystem::::LogStream] event-loop [28592] id=0000014506D3D7C0: waiting for a maximum of 100000 ms

[2024.04.02-07.37.23:559][694]LogAWSCore: VeryVerbose: [UnrealLogSystem::::LogStream] event-loop [27244] id=0000014506D3D720: running scheduled tasks.

[2024.04.02-07.37.23:559][694]LogAWSCore: VeryVerbose: [UnrealLogSystem::::LogStream] event-loop [27244] id=0000014506D3D720: no more scheduled tasks using default timeout.

[2024.04.02-07.37.23:559][694]LogAWSCore: VeryVerbose: [UnrealLogSystem::::LogStream] event-loop [27244] id=0000014506D3D720: waiting for a maximum of 100000 ms

[2024.04.02-07.37.23:559][694]LogAWSCore: VeryVerbose: [UnrealLogSystem::::LogStream] event-loop [16956] id=0000014506D3D2C0: running scheduled tasks.

[2024.04.02-07.37.23:559][694]LogAWSCore: VeryVerbose: [UnrealLogSystem::::LogStream] event-loop [16956] id=0000014506D3D2C0: no more scheduled tasks using default timeout.

[2024.04.02-07.37.23:559][694]LogAWSCore: VeryVerbose: [UnrealLogSystem::::LogStream] event-loop [16956] id=0000014506D3D2C0: waiting for a maximum of 100000 ms

[2024.04.02-07.37.23:570][695]LogAWSCore: VeryVerbose: [UnrealLogSystem::::LogStream] event-loop [12712] id=0000014506D3C5F0: running scheduled tasks.

[2024.04.02-07.37.23:571][695]LogAWSCore: VeryVerbose: [UnrealLogSystem::::LogStream] event-loop [12712] id=0000014506D3C5F0: no more scheduled tasks using default timeout.

[2024.04.02-07.37.23:571][695]LogAWSCore: VeryVerbose: [UnrealLogSystem::::LogStream] event-loop [12712] id=0000014506D3C5F0: waiting for a maximum of 100000 ms

[2024.04.02-07.39.03:558][503]LogAWSCore: VeryVerbose: [UnrealLogSystem::::LogStream] event-loop [4580] id=0000014506D3BF10: running scheduled tasks.

[2024.04.02-07.39.03:558][503]LogAWSCore: VeryVerbose: [UnrealLogSystem::::LogStream] event-loop [4580] id=0000014506D3BF10: no more scheduled tasks using default timeout.

[2024.04.02-07.39.03:558][503]LogAWSCore: VeryVerbose: [UnrealLogSystem::::LogStream] event-loop [4580] id=0000014506D3BF10: waiting for a maximum of 100000 ms

[2024.04.02-07.39.03:558][503]LogAWSCore: VeryVerbose: [UnrealLogSystem::::LogStream] event-loop [6116] id=0000014506D3BF60: running scheduled tasks.

[2024.04.02-07.39.03:558][503]LogAWSCore: VeryVerbose: [UnrealLogSystem::::LogStream] event-loop [6116] id=0000014506D3BF60: no more scheduled tasks using default timeout.

[2024.04.02-07.39.03:558][503]LogAWSCore: VeryVerbose: [UnrealLogSystem::::LogStream] event-loop [6116] id=0000014506D3BF60: waiting for a maximum of 100000 ms

[2024.04.02-07.39.03:558][503]LogAWSCore: VeryVerbose: [UnrealLogSystem::::LogStream] event-loop [1832] id=0000014506D3D400: running scheduled tasks.

[2024.04.02-07.39.03:558][503]LogAWSCore: VeryVerbose: [UnrealLogSystem::::LogStream] event-loop [1832] id=0000014506D3D400: no more scheduled tasks using default timeout.

[2024.04.02-07.39.03:558][503]LogAWSCore: VeryVerbose: [UnrealLogSystem::::LogStream] event-loop [1832] id=0000014506D3D400: waiting for a maximum of 100000 ms

[2024.04.02-07.39.03:559][503]LogAWSCore: VeryVerbose: [UnrealLogSystem::::LogStream] event-loop [14064] id=0000014506D3CD20: running scheduled tasks.

[2024.04.02-07.39.03:559][503]LogAWSCore: VeryVerbose: [UnrealLogSystem::::LogStream] event-loop [14064] id=0000014506D3CD20: no more scheduled tasks using default timeout.

[2024.04.02-07.39.03:559][503]LogAWSCore: VeryVerbose: [UnrealLogSystem::::LogStream] event-loop [14064] id=0000014506D3CD20: waiting for a maximum of 100000 ms

[2024.04.02-07.39.03:559][503]LogAWSCore: VeryVerbose: [UnrealLogSystem::::LogStream] event-loop [28592] id=0000014506D3D7C0: running scheduled tasks.

[2024.04.02-07.39.03:559][503]LogAWSCore: VeryVerbose: [UnrealLogSystem::::LogStream] event-loop [28592] id=0000014506D3D7C0: no more scheduled tasks using default timeout.

[2024.04.02-07.39.03:559][503]LogAWSCore: VeryVerbose: [UnrealLogSystem::::LogStream] event-loop [28592] id=0000014506D3D7C0: waiting for a maximum of 100000 ms

[2024.04.02-07.39.03:559][503]LogAWSCore: VeryVerbose: [UnrealLogSystem::::LogStream] event-loop [27244] id=0000014506D3D720: running scheduled tasks.

[2024.04.02-07.39.03:559][503]LogAWSCore: VeryVerbose: [UnrealLogSystem::::LogStream] event-loop [27244] id=0000014506D3D720: no more scheduled tasks using default timeout.

[2024.04.02-07.39.03:559][503]LogAWSCore: VeryVerbose: [UnrealLogSystem::::LogStream] event-loop [27244] id=0000014506D3D720: waiting for a maximum of 100000 ms

[2024.04.02-07.39.03:560][503]LogAWSCore: VeryVerbose: [UnrealLogSystem::::LogStream] event-loop [16956] id=0000014506D3D2C0: running scheduled tasks.

[2024.04.02-07.39.03:560][503]LogAWSCore: VeryVerbose: [UnrealLogSystem::::LogStream] event-loop [16956] id=0000014506D3D2C0: no more scheduled tasks using default timeout.

[2024.04.02-07.39.03:560][503]LogAWSCore: VeryVerbose: [UnrealLogSystem::::LogStream] event-loop [16956] id=0000014506D3D2C0: waiting for a maximum of 100000 ms

[2024.04.02-07.39.03:561][503]LogAWSCore: VeryVerbose: [UnrealLogSystem::::LogStream] event-loop [12712] id=0000014506D3C5F0: running scheduled tasks.

[2024.04.02-07.39.03:561][503]LogAWSCore: VeryVerbose: [UnrealLogSystem::::LogStream] event-loop [12712] id=0000014506D3C5F0: no more scheduled tasks using default timeout.

[2024.04.02-07.39.03:561][503]LogAWSCore: VeryVerbose: [UnrealLogSystem::::LogStream] event-loop [12712] id=0000014506D3C5F0: waiting for a maximum of 100000 ms

[2024.04.02-07.40.43:560][264]LogAWSCore: VeryVerbose: [UnrealLogSystem::::LogStream] event-loop [4580] id=0000014506D3BF10: running scheduled tasks.

[2024.04.02-07.40.43:560][264]LogAWSCore: VeryVerbose: [UnrealLogSystem::::LogStream] event-loop [4580] id=0000014506D3BF10: no more scheduled tasks using default timeout.

[2024.04.02-07.40.43:560][264]LogAWSCore: VeryVerbose: [UnrealLogSystem::::LogStream] event-loop [4580] id=0000014506D3BF10: waiting for a maximum of 100000 ms

[2024.04.02-07.40.43:560][264]LogAWSCore: VeryVerbose: [UnrealLogSystem::::LogStream] event-loop [6116] id=0000014506D3BF60: running scheduled tasks.

[2024.04.02-07.40.43:560][264]LogAWSCore: VeryVerbose: [UnrealLogSystem::::LogStream] event-loop [6116] id=0000014506D3BF60: no more scheduled tasks using default timeout.

[2024.04.02-07.40.43:560][264]LogAWSCore: VeryVerbose: [UnrealLogSystem::::LogStream] event-loop [6116] id=0000014506D3BF60: waiting for a maximum of 100000 ms

[2024.04.02-07.40.43:560][264]LogAWSCore: VeryVerbose: [UnrealLogSystem::::LogStream] event-loop [1832] id=0000014506D3D400: running scheduled tasks.

[2024.04.02-07.40.43:560][264]LogAWSCore: VeryVerbose: [UnrealLogSystem::::LogStream] event-loop [1832] id=0000014506D3D400: no more scheduled tasks using default timeout.

[2024.04.02-07.40.43:560][264]LogAWSCore: VeryVerbose: [UnrealLogSystem::::LogStream] event-loop [1832] id=0000014506D3D400: waiting for a maximum of 100000 ms

[2024.04.02-07.40.43:560][264]LogAWSCore: VeryVerbose: [UnrealLogSystem::::LogStream] event-loop [14064] id=0000014506D3CD20: running scheduled tasks.

[2024.04.02-07.40.43:560][264]LogAWSCore: VeryVerbose: [UnrealLogSystem::::LogStream] event-loop [14064] id=0000014506D3CD20: no more scheduled tasks using default timeout.

[2024.04.02-07.40.43:560][264]LogAWSCore: VeryVerbose: [UnrealLogSystem::::LogStream] event-loop [14064] id=0000014506D3CD20: waiting for a maximum of 100000 ms

[2024.04.02-07.40.43:560][264]LogAWSCore: VeryVerbose: [UnrealLogSystem::::LogStream] event-loop [28592] id=0000014506D3D7C0: running scheduled tasks.

[2024.04.02-07.40.43:560][264]LogAWSCore: VeryVerbose: [UnrealLogSystem::::LogStream] event-loop [28592] id=0000014506D3D7C0: no more scheduled tasks using default timeout.

[2024.04.02-07.40.43:560][264]LogAWSCore: VeryVerbose: [UnrealLogSystem::::LogStream] event-loop [28592] id=0000014506D3D7C0: waiting for a maximum of 100000 ms

[2024.04.02-07.40.43:560][264]LogAWSCore: VeryVerbose: [UnrealLogSystem::::LogStream] event-loop [27244] id=0000014506D3D720: running scheduled tasks.

[2024.04.02-07.40.43:560][264]LogAWSCore: VeryVerbose: [UnrealLogSystem::::LogStream] event-loop [27244] id=0000014506D3D720: no more scheduled tasks using default timeout.

[2024.04.02-07.40.43:560][264]LogAWSCore: VeryVerbose: [UnrealLogSystem::::LogStream] event-loop [27244] id=0000014506D3D720: waiting for a maximum of 100000 ms

[2024.04.02-07.40.43:562][264]LogAWSCore: VeryVerbose: [UnrealLogSystem::::LogStream] event-loop [16956] id=0000014506D3D2C0: running scheduled tasks.

[2024.04.02-07.40.43:562][264]LogAWSCore: VeryVerbose: [UnrealLogSystem::::LogStream] event-loop [16956] id=0000014506D3D2C0: no more scheduled tasks using default timeout.

[2024.04.02-07.40.43:562][264]LogAWSCore: VeryVerbose: [UnrealLogSystem::::LogStream] event-loop [16956] id=0000014506D3D2C0: waiting for a maximum of 100000 ms

[2024.04.02-07.40.43:562][264]LogAWSCore: VeryVerbose: [UnrealLogSystem::::LogStream] event-loop [12712] id=0000014506D3C5F0: running scheduled tasks.

[2024.04.02-07.40.43:562][264]LogAWSCore: VeryVerbose: [UnrealLogSystem::::LogStream] event-loop [12712] id=0000014506D3C5F0: no more scheduled tasks using default timeout.

[2024.04.02-07.40.43:562][264]LogAWSCore: VeryVerbose: [UnrealLogSystem::::LogStream] event-loop [12712] id=0000014506D3C5F0: waiting for a maximum of 100000 ms

[2024.04.02-07.40.46:194][361]LogSlate: Window 'TwoDSSG Preview [NetMode: Standalone]  (64-bit/Windows) ' being destroyed
[2024.04.02-07.40.46:226][361]LogWorld: BeginTearingDown for /Game/GameSystem/Maps/UEDPIE_0_CharacterCreation
[2024.04.02-07.40.46:226][361]LogWorld: UWorld::CleanupWorld for CharacterCreation, bSessionEnded=true, bCleanupResources=true
[2024.04.02-07.40.46:227][361]LogSlate: InvalidateAllWidgets triggered.  All widgets were invalidated
[2024.04.02-07.40.46:242][361]LogPlayLevel: Display: Shutting down PIE online subsystems
[2024.04.02-07.40.46:250][361]LogSlate: InvalidateAllWidgets triggered.  All widgets were invalidated
[2024.04.02-07.40.46:277][361]LogAudioMixer: FMixerPlatformXAudio2::StopAudioStream() called
[2024.04.02-07.40.46:281][361]LogAudioMixer: FMixerPlatformXAudio2::StopAudioStream() called
[2024.04.02-07.40.46:289][361]LogUObjectHash: Compacting FUObjectHashTables data took   2.84ms
[2024.04.02-07.40.46:326][362]LogPlayLevel: Display: Destroying online subsystem :Context_13
[2024.04.02-07.42.23:559][453]LogAWSCore: VeryVerbose: [UnrealLogSystem::::LogStream] event-loop [4580] id=0000014506D3BF10: running scheduled tasks.

[2024.04.02-07.42.23:559][453]LogAWSCore: VeryVerbose: [UnrealLogSystem::::LogStream] event-loop [4580] id=0000014506D3BF10: no more scheduled tasks using default timeout.

[2024.04.02-07.42.23:559][453]LogAWSCore: VeryVerbose: [UnrealLogSystem::::LogStream] event-loop [4580] id=0000014506D3BF10: waiting for a maximum of 100000 ms

[2024.04.02-07.42.23:559][453]LogAWSCore: VeryVerbose: [UnrealLogSystem::::LogStream] event-loop [6116] id=0000014506D3BF60: running scheduled tasks.

[2024.04.02-07.42.23:559][453]LogAWSCore: VeryVerbose: [UnrealLogSystem::::LogStream] event-loop [6116] id=0000014506D3BF60: no more scheduled tasks using default timeout.

[2024.04.02-07.42.23:559][453]LogAWSCore: VeryVerbose: [UnrealLogSystem::::LogStream] event-loop [6116] id=0000014506D3BF60: waiting for a maximum of 100000 ms

[2024.04.02-07.42.23:559][453]LogAWSCore: VeryVerbose: [UnrealLogSystem::::LogStream] event-loop [1832] id=0000014506D3D400: running scheduled tasks.

[2024.04.02-07.42.23:559][453]LogAWSCore: VeryVerbose: [UnrealLogSystem::::LogStream] event-loop [1832] id=0000014506D3D400: no more scheduled tasks using default timeout.

[2024.04.02-07.42.23:559][453]LogAWSCore: VeryVerbose: [UnrealLogSystem::::LogStream] event-loop [1832] id=0000014506D3D400: waiting for a maximum of 100000 ms

[2024.04.02-07.42.23:559][453]LogAWSCore: VeryVerbose: [UnrealLogSystem::::LogStream] event-loop [14064] id=0000014506D3CD20: running scheduled tasks.

[2024.04.02-07.42.23:559][453]LogAWSCore: VeryVerbose: [UnrealLogSystem::::LogStream] event-loop [14064] id=0000014506D3CD20: no more scheduled tasks using default timeout.

[2024.04.02-07.42.23:559][453]LogAWSCore: VeryVerbose: [UnrealLogSystem::::LogStream] event-loop [14064] id=0000014506D3CD20: waiting for a maximum of 100000 ms

[2024.04.02-07.42.23:559][453]LogAWSCore: VeryVerbose: [UnrealLogSystem::::LogStream] event-loop [28592] id=0000014506D3D7C0: running scheduled tasks.

[2024.04.02-07.42.23:559][453]LogAWSCore: VeryVerbose: [UnrealLogSystem::::LogStream] event-loop [28592] id=0000014506D3D7C0: no more scheduled tasks using default timeout.

[2024.04.02-07.42.23:560][453]LogAWSCore: VeryVerbose: [UnrealLogSystem::::LogStream] event-loop [28592] id=0000014506D3D7C0: waiting for a maximum of 100000 ms

[2024.04.02-07.42.23:560][453]LogAWSCore: VeryVerbose: [UnrealLogSystem::::LogStream] event-loop [27244] id=0000014506D3D720: running scheduled tasks.

[2024.04.02-07.42.23:560][453]LogAWSCore: VeryVerbose: [UnrealLogSystem::::LogStream] event-loop [27244] id=0000014506D3D720: no more scheduled tasks using default timeout.

[2024.04.02-07.42.23:560][453]LogAWSCore: VeryVerbose: [UnrealLogSystem::::LogStream] event-loop [27244] id=0000014506D3D720: waiting for a maximum of 100000 ms

[2024.04.02-07.42.23:569][454]LogAWSCore: VeryVerbose: [UnrealLogSystem::::LogStream] event-loop [16956] id=0000014506D3D2C0: running scheduled tasks.

[2024.04.02-07.42.23:569][454]LogAWSCore: VeryVerbose: [UnrealLogSystem::::LogStream] event-loop [16956] id=0000014506D3D2C0: no more scheduled tasks using default timeout.

[2024.04.02-07.42.23:569][454]LogAWSCore: VeryVerbose: [UnrealLogSystem::::LogStream] event-loop [16956] id=0000014506D3D2C0: waiting for a maximum of 100000 ms

[2024.04.02-07.42.23:569][454]LogAWSCore: VeryVerbose: [UnrealLogSystem::::LogStream] event-loop [12712] id=0000014506D3C5F0: running scheduled tasks.

[2024.04.02-07.42.23:569][454]LogAWSCore: VeryVerbose: [UnrealLogSystem::::LogStream] event-loop [12712] id=0000014506D3C5F0: no more scheduled tasks using default timeout.

[2024.04.02-07.42.23:569][454]LogAWSCore: VeryVerbose: [UnrealLogSystem::::LogStream] event-loop [12712] id=0000014506D3C5F0: waiting for a maximum of 100000 ms

[2024.04.02-07.43.14:873][ 86]LogUObjectHash: Compacting FUObjectHashTables data took   2.32ms
[2024.04.02-07.43.14:877][ 86]LogFileHelpers: Editor autosave (incl. external actors) for '/Game/GameSystem/Maps/CharacterCreation' took 0.038
[2024.04.02-07.43.14:878][ 86]OBJ SavePackage: Generating thumbnails for [0] asset(s) in package [/Game/GameSystem/Widgets/CreationScreen/CreationScreenWidget] ([2] browsable assets)...
[2024.04.02-07.43.14:879][ 86]OBJ SavePackage: Finished generating thumbnails for package [/Game/GameSystem/Widgets/CreationScreen/CreationScreenWidget]
[2024.04.02-07.43.14:947][ 86]LogSavePackage: Moving '../../../../Users/Sagi/Documents/GitHub/TwoDSSG/Saved/CreationScreenWidget_Auto18C150E9B4A8722CE20B61A9F564BB970.tmp' to '../../../../Users/Sagi/Documents/GitHub/TwoDSSG/Saved/Autosaves/Game/GameSystem/Widgets/CreationScreen/CreationScreenWidget_Auto1.uasset'
[2024.04.02-07.43.14:950][ 86]LogFileHelpers: Auto-saving content packages took 0.074
[2024.04.02-07.44.03:561][618]LogAWSCore: VeryVerbose: [UnrealLogSystem::::LogStream] event-loop [27244] id=0000014506D3D720: running scheduled tasks.

[2024.04.02-07.44.03:562][618]LogAWSCore: VeryVerbose: [UnrealLogSystem::::LogStream] event-loop [27244] id=0000014506D3D720: no more scheduled tasks using default timeout.

[2024.04.02-07.44.03:562][618]LogAWSCore: VeryVerbose: [UnrealLogSystem::::LogStream] event-loop [27244] id=0000014506D3D720: waiting for a maximum of 100000 ms

[2024.04.02-07.44.03:562][618]LogAWSCore: VeryVerbose: [UnrealLogSystem::::LogStream] event-loop [28592] id=0000014506D3D7C0: running scheduled tasks.

[2024.04.02-07.44.03:562][618]LogAWSCore: VeryVerbose: [UnrealLogSystem::::LogStream] event-loop [28592] id=0000014506D3D7C0: no more scheduled tasks using default timeout.

[2024.04.02-07.44.03:562][618]LogAWSCore: VeryVerbose: [UnrealLogSystem::::LogStream] event-loop [28592] id=0000014506D3D7C0: waiting for a maximum of 100000 ms

[2024.04.02-07.44.03:562][618]LogAWSCore: VeryVerbose: [UnrealLogSystem::::LogStream] event-loop [14064] id=0000014506D3CD20: running scheduled tasks.

[2024.04.02-07.44.03:562][618]LogAWSCore: VeryVerbose: [UnrealLogSystem::::LogStream] event-loop [14064] id=0000014506D3CD20: no more scheduled tasks using default timeout.

[2024.04.02-07.44.03:562][618]LogAWSCore: VeryVerbose: [UnrealLogSystem::::LogStream] event-loop [14064] id=0000014506D3CD20: waiting for a maximum of 100000 ms

[2024.04.02-07.44.03:563][618]LogAWSCore: VeryVerbose: [UnrealLogSystem::::LogStream] event-loop [1832] id=0000014506D3D400: running scheduled tasks.

[2024.04.02-07.44.03:563][618]LogAWSCore: VeryVerbose: [UnrealLogSystem::::LogStream] event-loop [1832] id=0000014506D3D400: no more scheduled tasks using default timeout.

[2024.04.02-07.44.03:563][618]LogAWSCore: VeryVerbose: [UnrealLogSystem::::LogStream] event-loop [1832] id=0000014506D3D400: waiting for a maximum of 100000 ms

[2024.04.02-07.44.03:563][618]LogAWSCore: VeryVerbose: [UnrealLogSystem::::LogStream] event-loop [6116] id=0000014506D3BF60: running scheduled tasks.

[2024.04.02-07.44.03:563][618]LogAWSCore: VeryVerbose: [UnrealLogSystem::::LogStream] event-loop [6116] id=0000014506D3BF60: no more scheduled tasks using default timeout.

[2024.04.02-07.44.03:563][618]LogAWSCore: VeryVerbose: [UnrealLogSystem::::LogStream] event-loop [6116] id=0000014506D3BF60: waiting for a maximum of 100000 ms

[2024.04.02-07.44.03:563][618]LogAWSCore: VeryVerbose: [UnrealLogSystem::::LogStream] event-loop [4580] id=0000014506D3BF10: running scheduled tasks.

[2024.04.02-07.44.03:563][618]LogAWSCore: VeryVerbose: [UnrealLogSystem::::LogStream] event-loop [4580] id=0000014506D3BF10: no more scheduled tasks using default timeout.

[2024.04.02-07.44.03:563][618]LogAWSCore: VeryVerbose: [UnrealLogSystem::::LogStream] event-loop [4580] id=0000014506D3BF10: waiting for a maximum of 100000 ms

[2024.04.02-07.44.03:563][618]LogAWSCore: VeryVerbose: [UnrealLogSystem::::LogStream] event-loop [16956] id=0000014506D3D2C0: running scheduled tasks.

[2024.04.02-07.44.03:563][618]LogAWSCore: VeryVerbose: [UnrealLogSystem::::LogStream] event-loop [16956] id=0000014506D3D2C0: no more scheduled tasks using default timeout.

[2024.04.02-07.44.03:563][618]LogAWSCore: VeryVerbose: [UnrealLogSystem::::LogStream] event-loop [16956] id=0000014506D3D2C0: waiting for a maximum of 100000 ms

[2024.04.02-07.44.03:563][618]LogAWSCore: VeryVerbose: [UnrealLogSystem::::LogStream] event-loop [12712] id=0000014506D3C5F0: running scheduled tasks.

[2024.04.02-07.44.03:565][618]LogAWSCore: VeryVerbose: [UnrealLogSystem::::LogStream] event-loop [12712] id=0000014506D3C5F0: no more scheduled tasks using default timeout.

[2024.04.02-07.44.03:565][618]LogAWSCore: VeryVerbose: [UnrealLogSystem::::LogStream] event-loop [12712] id=0000014506D3C5F0: waiting for a maximum of 100000 ms

[2024.04.02-07.45.13:545][272]LogSlate: Took 0.010218 seconds to synchronously load lazily loaded font '../../../Engine/Content/Slate/Fonts/DroidSansMono.ttf' (77K)
[2024.04.02-07.45.43:563][843]LogAWSCore: VeryVerbose: [UnrealLogSystem::::LogStream] event-loop [4580] id=0000014506D3BF10: running scheduled tasks.

[2024.04.02-07.45.43:563][843]LogAWSCore: VeryVerbose: [UnrealLogSystem::::LogStream] event-loop [4580] id=0000014506D3BF10: no more scheduled tasks using default timeout.

[2024.04.02-07.45.43:563][843]LogAWSCore: VeryVerbose: [UnrealLogSystem::::LogStream] event-loop [4580] id=0000014506D3BF10: waiting for a maximum of 100000 ms

[2024.04.02-07.45.43:563][843]LogAWSCore: VeryVerbose: [UnrealLogSystem::::LogStream] event-loop [6116] id=0000014506D3BF60: running scheduled tasks.

[2024.04.02-07.45.43:563][843]LogAWSCore: VeryVerbose: [UnrealLogSystem::::LogStream] event-loop [6116] id=0000014506D3BF60: no more scheduled tasks using default timeout.

[2024.04.02-07.45.43:563][843]LogAWSCore: VeryVerbose: [UnrealLogSystem::::LogStream] event-loop [6116] id=0000014506D3BF60: waiting for a maximum of 100000 ms

[2024.04.02-07.45.43:563][843]LogAWSCore: VeryVerbose: [UnrealLogSystem::::LogStream] event-loop [1832] id=0000014506D3D400: running scheduled tasks.

[2024.04.02-07.45.43:563][843]LogAWSCore: VeryVerbose: [UnrealLogSystem::::LogStream] event-loop [1832] id=0000014506D3D400: no more scheduled tasks using default timeout.

[2024.04.02-07.45.43:563][843]LogAWSCore: VeryVerbose: [UnrealLogSystem::::LogStream] event-loop [1832] id=0000014506D3D400: waiting for a maximum of 100000 ms

[2024.04.02-07.45.43:563][843]LogAWSCore: VeryVerbose: [UnrealLogSystem::::LogStream] event-loop [14064] id=0000014506D3CD20: running scheduled tasks.

[2024.04.02-07.45.43:564][843]LogAWSCore: VeryVerbose: [UnrealLogSystem::::LogStream] event-loop [14064] id=0000014506D3CD20: no more scheduled tasks using default timeout.

[2024.04.02-07.45.43:564][843]LogAWSCore: VeryVerbose: [UnrealLogSystem::::LogStream] event-loop [14064] id=0000014506D3CD20: waiting for a maximum of 100000 ms

[2024.04.02-07.45.43:564][843]LogAWSCore: VeryVerbose: [UnrealLogSystem::::LogStream] event-loop [28592] id=0000014506D3D7C0: running scheduled tasks.

[2024.04.02-07.45.43:564][843]LogAWSCore: VeryVerbose: [UnrealLogSystem::::LogStream] event-loop [28592] id=0000014506D3D7C0: no more scheduled tasks using default timeout.

[2024.04.02-07.45.43:564][843]LogAWSCore: VeryVerbose: [UnrealLogSystem::::LogStream] event-loop [28592] id=0000014506D3D7C0: waiting for a maximum of 100000 ms

[2024.04.02-07.45.43:564][843]LogAWSCore: VeryVerbose: [UnrealLogSystem::::LogStream] event-loop [27244] id=0000014506D3D720: running scheduled tasks.

[2024.04.02-07.45.43:564][843]LogAWSCore: VeryVerbose: [UnrealLogSystem::::LogStream] event-loop [27244] id=0000014506D3D720: no more scheduled tasks using default timeout.

[2024.04.02-07.45.43:564][843]LogAWSCore: VeryVerbose: [UnrealLogSystem::::LogStream] event-loop [27244] id=0000014506D3D720: waiting for a maximum of 100000 ms

[2024.04.02-07.45.43:564][843]LogAWSCore: VeryVerbose: [UnrealLogSystem::::LogStream] event-loop [16956] id=0000014506D3D2C0: running scheduled tasks.

[2024.04.02-07.45.43:564][843]LogAWSCore: VeryVerbose: [UnrealLogSystem::::LogStream] event-loop [16956] id=0000014506D3D2C0: no more scheduled tasks using default timeout.

[2024.04.02-07.45.43:564][843]LogAWSCore: VeryVerbose: [UnrealLogSystem::::LogStream] event-loop [16956] id=0000014506D3D2C0: waiting for a maximum of 100000 ms

[2024.04.02-07.45.43:564][843]LogAWSCore: VeryVerbose: [UnrealLogSystem::::LogStream] event-loop [12712] id=0000014506D3C5F0: running scheduled tasks.

[2024.04.02-07.45.43:564][843]LogAWSCore: VeryVerbose: [UnrealLogSystem::::LogStream] event-loop [12712] id=0000014506D3C5F0: no more scheduled tasks using default timeout.

[2024.04.02-07.45.43:564][843]LogAWSCore: VeryVerbose: [UnrealLogSystem::::LogStream] event-loop [12712] id=0000014506D3C5F0: waiting for a maximum of 100000 ms

[2024.04.02-07.47.23:618][905]LogAWSCore: VeryVerbose: [UnrealLogSystem::::LogStream] event-loop [27244] id=0000014506D3D720: running scheduled tasks.

[2024.04.02-07.47.23:619][905]LogAWSCore: VeryVerbose: [UnrealLogSystem::::LogStream] event-loop [27244] id=0000014506D3D720: no more scheduled tasks using default timeout.

[2024.04.02-07.47.23:619][905]LogAWSCore: VeryVerbose: [UnrealLogSystem::::LogStream] event-loop [27244] id=0000014506D3D720: waiting for a maximum of 100000 ms

[2024.04.02-07.47.23:619][905]LogAWSCore: VeryVerbose: [UnrealLogSystem::::LogStream] event-loop [28592] id=0000014506D3D7C0: running scheduled tasks.

[2024.04.02-07.47.23:619][905]LogAWSCore: VeryVerbose: [UnrealLogSystem::::LogStream] event-loop [28592] id=0000014506D3D7C0: no more scheduled tasks using default timeout.

[2024.04.02-07.47.23:619][905]LogAWSCore: VeryVerbose: [UnrealLogSystem::::LogStream] event-loop [28592] id=0000014506D3D7C0: waiting for a maximum of 100000 ms

[2024.04.02-07.47.23:619][905]LogAWSCore: VeryVerbose: [UnrealLogSystem::::LogStream] event-loop [14064] id=0000014506D3CD20: running scheduled tasks.

[2024.04.02-07.47.23:619][905]LogAWSCore: VeryVerbose: [UnrealLogSystem::::LogStream] event-loop [14064] id=0000014506D3CD20: no more scheduled tasks using default timeout.

[2024.04.02-07.47.23:619][905]LogAWSCore: VeryVerbose: [UnrealLogSystem::::LogStream] event-loop [14064] id=0000014506D3CD20: waiting for a maximum of 100000 ms

[2024.04.02-07.47.23:620][905]LogAWSCore: VeryVerbose: [UnrealLogSystem::::LogStream] event-loop [1832] id=0000014506D3D400: running scheduled tasks.

[2024.04.02-07.47.23:620][905]LogAWSCore: VeryVerbose: [UnrealLogSystem::::LogStream] event-loop [1832] id=0000014506D3D400: no more scheduled tasks using default timeout.

[2024.04.02-07.47.23:620][905]LogAWSCore: VeryVerbose: [UnrealLogSystem::::LogStream] event-loop [1832] id=0000014506D3D400: waiting for a maximum of 100000 ms

[2024.04.02-07.47.23:620][905]LogAWSCore: VeryVerbose: [UnrealLogSystem::::LogStream] event-loop [6116] id=0000014506D3BF60: running scheduled tasks.

[2024.04.02-07.47.23:620][905]LogAWSCore: VeryVerbose: [UnrealLogSystem::::LogStream] event-loop [6116] id=0000014506D3BF60: no more scheduled tasks using default timeout.

[2024.04.02-07.47.23:620][905]LogAWSCore: VeryVerbose: [UnrealLogSystem::::LogStream] event-loop [6116] id=0000014506D3BF60: waiting for a maximum of 100000 ms

[2024.04.02-07.47.23:620][905]LogAWSCore: VeryVerbose: [UnrealLogSystem::::LogStream] event-loop [4580] id=0000014506D3BF10: running scheduled tasks.

[2024.04.02-07.47.23:621][905]LogAWSCore: VeryVerbose: [UnrealLogSystem::::LogStream] event-loop [4580] id=0000014506D3BF10: no more scheduled tasks using default timeout.

[2024.04.02-07.47.23:621][905]LogAWSCore: VeryVerbose: [UnrealLogSystem::::LogStream] event-loop [4580] id=0000014506D3BF10: waiting for a maximum of 100000 ms

[2024.04.02-07.47.23:621][905]LogAWSCore: VeryVerbose: [UnrealLogSystem::::LogStream] event-loop [16956] id=0000014506D3D2C0: running scheduled tasks.

[2024.04.02-07.47.23:621][905]LogAWSCore: VeryVerbose: [UnrealLogSystem::::LogStream] event-loop [16956] id=0000014506D3D2C0: no more scheduled tasks using default timeout.

[2024.04.02-07.47.23:621][905]LogAWSCore: VeryVerbose: [UnrealLogSystem::::LogStream] event-loop [16956] id=0000014506D3D2C0: waiting for a maximum of 100000 ms

[2024.04.02-07.47.23:621][905]LogAWSCore: VeryVerbose: [UnrealLogSystem::::LogStream] event-loop [12712] id=0000014506D3C5F0: running scheduled tasks.

[2024.04.02-07.47.23:621][905]LogAWSCore: VeryVerbose: [UnrealLogSystem::::LogStream] event-loop [12712] id=0000014506D3C5F0: no more scheduled tasks using default timeout.

[2024.04.02-07.47.23:622][905]LogAWSCore: VeryVerbose: [UnrealLogSystem::::LogStream] event-loop [12712] id=0000014506D3C5F0: waiting for a maximum of 100000 ms

[2024.04.02-07.48.09:150][101]LogSlate: Window 'CreationScreenWidget' being destroyed
[2024.04.02-07.48.09:184][101]LogSlate: Window 'CreationScreenWidget' being destroyed
[2024.04.02-07.48.09:196][101]LogWorld: UWorld::CleanupWorld for World_1, bSessionEnded=true, bCleanupResources=true
[2024.04.02-07.48.09:196][101]LogSlate: InvalidateAllWidgets triggered.  All widgets were invalidated
[2024.04.02-07.48.09:208][101]LogWorld: UWorld::CleanupWorld for World_0, bSessionEnded=true, bCleanupResources=true
[2024.04.02-07.48.09:208][101]LogSlate: InvalidateAllWidgets triggered.  All widgets were invalidated
[2024.04.02-07.48.10:474][215]LogUObjectHash: Compacting FUObjectHashTables data took   2.99ms
[2024.04.02-07.48.12:147][215]LogSlate: Window 'Save Content' being destroyed
[2024.04.02-07.48.12:249][215]LogSavePackage: Moving '../../../../Users/Sagi/Documents/GitHub/TwoDSSG/Saved/CreationScreenWidgetAB9F53CD499A21CA3A7964871BCBB944.tmp' to '../../../../Users/Sagi/Documents/GitHub/TwoDSSG/Content/GameSystem/Widgets/CreationScreen/CreationScreenWidget.uasset'
[2024.04.02-07.48.12:299][215]LogSlate: Window 'TwoDSSG - Unreal Editor' being destroyed
[2024.04.02-07.48.12:426][215]AssetCheck: New page: Asset Save: CreationScreenWidget
[2024.04.02-07.48.12:427][215]LogContentValidation: Display: Validating WidgetBlueprint /Game/GameSystem/Widgets/CreationScreen/CreationScreenWidget.CreationScreenWidget
[2024.04.02-07.48.12:429][216]Cmd: QUIT_EDITOR
[2024.04.02-07.48.12:429][216]LogCore: Engine exit requested (reason: UUnrealEdEngine::CloseEditor())
[2024.04.02-07.48.12:435][216]LogCore: Engine exit requested (reason: EngineExit() was called; note: exit was already requested)
[2024.04.02-07.48.12:442][216]LogEditorSessionSummary: EditorSessionSummary sent report. Type=Debugger, SessionId={449A6F89-4EA1-C11E-444A-99BAFDE99A10}
[2024.04.02-07.48.12:647][216]LogAudio: Display: Beginning Audio Device Manager Shutdown (Module: AudioMixerXAudio2)...
[2024.04.02-07.48.12:647][216]LogAudio: Display: Destroying 1 Remaining Audio Device(s)...
[2024.04.02-07.48.12:647][216]LogAudio: Display: Audio Device unregistered from world 'CharacterCreation'.
[2024.04.02-07.48.12:648][216]LogAudioMixer: FMixerPlatformXAudio2::StopAudioStream() called
[2024.04.02-07.48.12:650][216]LogAudioMixer: FMixerPlatformXAudio2::StopAudioStream() called
[2024.04.02-07.48.12:689][216]LogAudio: Display: Audio Device Manager Shutdown
[2024.04.02-07.48.12:690][216]LogWindowsTextInputMethodSystem: Display: IME system deactivated.
[2024.04.02-07.48.12:699][216]LogExit: Preparing to exit.
[2024.04.02-07.48.12:794][216]LogUObjectHash: Compacting FUObjectHashTables data took   6.86ms
[2024.04.02-07.48.13:164][216]LogWorld: UWorld::CleanupWorld for None, bSessionEnded=true, bCleanupResources=true
[2024.04.02-07.48.13:166][216]LogExit: Editor shut down
[2024.04.02-07.48.13:167][216]LogExit: Transaction tracking system shut down
[2024.04.02-07.48.13:178][216]LogDemo: Cleaned up 0 splitscreen connections with owner deletion
[2024.04.02-07.48.13:738][216]LogExit: Object subsystem successfully closed.
[2024.04.02-07.48.13:788][216]LogShaderCompilers: Display: === FShaderJobCache stats ===
[2024.04.02-07.48.13:789][216]LogShaderCompilers: Display: Total job queries 0, among them cache hits 0 (0.00%)
[2024.04.02-07.48.13:789][216]LogShaderCompilers: Display: Tracking 0 distinct input hashes that result in 0 distinct outputs (0.00%)
[2024.04.02-07.48.13:789][216]LogShaderCompilers: Display: RAM used: 0.00 MB (0.00 GB) of 819.20 MB (0.80 GB) budget. Usage: 0.00%
[2024.04.02-07.48.13:789][216]LogShaderCompilers: Display: ================================================
[2024.04.02-07.48.13:823][216]LogShaderCompilers: Display: Shaders left to compile 0
[2024.04.02-07.48.13:929][216]LogModuleManager: Shutting down and abandoning module MovieSceneCapture (881)
[2024.04.02-07.48.13:929][216]LogModuleManager: Shutting down and abandoning module Voice (879)
[2024.04.02-07.48.13:929][216]LogModuleManager: Shutting down and abandoning module SequencerWidgets (877)
[2024.04.02-07.48.13:929][216]LogModuleManager: Shutting down and abandoning module BlueprintGraph (875)
[2024.04.02-07.48.13:929][216]LogModuleManager: Shutting down and abandoning module HierarchicalLODOutliner (873)
[2024.04.02-07.48.13:929][216]LogModuleManager: Shutting down and abandoning module SceneOutliner (871)
[2024.04.02-07.48.13:929][216]LogModuleManager: Shutting down and abandoning module AddContentDialog (869)
[2024.04.02-07.48.13:932][216]LogModuleManager: Shutting down and abandoning module WidgetCarousel (868)
[2024.04.02-07.48.13:932][216]LogModuleManager: Shutting down and abandoning module EditorWidgets (865)
[2024.04.02-07.48.13:933][216]LogModuleManager: Shutting down and abandoning module StatsViewer (863)
[2024.04.02-07.48.13:933][216]LogModuleManager: Shutting down and abandoning module PIEPreviewDeviceProfileSelector (861)
[2024.04.02-07.48.13:935][216]LogModuleManager: Shutting down and abandoning module AutomationWorker (858)
[2024.04.02-07.48.13:935][216]LogModuleManager: Shutting down and abandoning module SteamVREditor (856)
[2024.04.02-07.48.13:935][216]LogModuleManager: Shutting down and abandoning module OculusMR (854)
[2024.04.02-07.48.13:935][216]LogModuleManager: Shutting down and abandoning module MagicLeapMediaCodecFactory (852)
[2024.04.02-07.48.13:935][216]LogModuleManager: Shutting down and abandoning module MagicLeapMediaFactory (850)
[2024.04.02-07.48.13:935][216]LogModuleManager: Shutting down and abandoning module MagicLeapMediaEditor (848)
[2024.04.02-07.48.13:935][216]LogModuleManager: Shutting down and abandoning module TakeRecorderSources (846)
[2024.04.02-07.48.13:936][216]LogModuleManager: Shutting down and abandoning module TakeRecorder (845)
[2024.04.02-07.48.13:939][216]LogModuleManager: Shutting down and abandoning module TakeTrackRecorders (842)
[2024.04.02-07.48.13:939][216]LogModuleManager: Shutting down and abandoning module TakesCore (840)
[2024.04.02-07.48.13:939][216]LogModuleManager: Shutting down and abandoning module OpenXRInput (838)
[2024.04.02-07.48.13:939][216]LogModuleManager: Shutting down and abandoning module GooglePADEditor (836)
[2024.04.02-07.48.13:939][216]LogModuleManager: Shutting down and abandoning module AudioCaptureEditor (834)
[2024.04.02-07.48.13:939][216]LogModuleManager: Shutting down and abandoning module MatineeToLevelSequence (832)
[2024.04.02-07.48.13:940][216]LogModuleManager: Shutting down and abandoning module TemplateSequenceEditor (830)
[2024.04.02-07.48.13:941][216]LogModuleManager: Shutting down and abandoning module LevelSequenceEditor (828)
[2024.04.02-07.48.13:942][216]LogModuleManager: Shutting down and abandoning module ActorSequenceEditor (826)
[2024.04.02-07.48.13:943][216]LogModuleManager: Shutting down and abandoning module WmfMediaFactory (824)
[2024.04.02-07.48.13:943][216]LogModuleManager: Shutting down and abandoning module WmfMediaEditor (822)
[2024.04.02-07.48.13:943][216]LogModuleManager: Shutting down and abandoning module WebMMediaFactory (820)
[2024.04.02-07.48.13:943][216]LogModuleManager: Shutting down and abandoning module WebMMediaEditor (818)
[2024.04.02-07.48.13:943][216]LogModuleManager: Shutting down and abandoning module WebMMedia (816)
[2024.04.02-07.48.13:943][216]LogModuleManager: Shutting down and abandoning module MediaPlayerEditor (814)
[2024.04.02-07.48.13:945][216]LogModuleManager: Shutting down and abandoning module MediaCompositingEditor (812)
[2024.04.02-07.48.13:946][216]LogModuleManager: Shutting down and abandoning module SequenceRecorder (811)
[2024.04.02-07.48.13:946][216]LogModuleManager: Shutting down and abandoning module OpenExrWrapper (808)
[2024.04.02-07.48.13:946][216]LogModuleManager: Shutting down and abandoning module ImgMediaFactory (806)
[2024.04.02-07.48.13:946][216]LogModuleManager: Shutting down and abandoning module ImgMediaEditor (804)
[2024.04.02-07.48.13:946][216]LogModuleManager: Shutting down and abandoning module AvfMediaFactory (802)
[2024.04.02-07.48.13:946][216]LogModuleManager: Shutting down and abandoning module AvfMediaEditor (800)
[2024.04.02-07.48.13:946][216]LogModuleManager: Shutting down and abandoning module AndroidMediaFactory (798)
[2024.04.02-07.48.13:946][216]LogModuleManager: Shutting down and abandoning module AndroidMediaEditor (796)
[2024.04.02-07.48.13:947][216]LogModuleManager: Shutting down and abandoning module PlanarCut (794)
[2024.04.02-07.48.13:947][216]LogModuleManager: Shutting down and abandoning module CharacterAI (792)
[2024.04.02-07.48.13:947][216]LogModuleManager: Shutting down and abandoning module TextureAlignMode (790)
[2024.04.02-07.48.13:947][216]LogModuleManager: Shutting down and abandoning module BspMode (788)
[2024.04.02-07.48.13:947][216]LogModuleManager: Shutting down and abandoning module GeometryMode (786)
[2024.04.02-07.48.13:948][216]LogModuleManager: Shutting down and abandoning module CameraShakePreviewer (784)
[2024.04.02-07.48.13:949][216]LogModuleManager: Shutting down and abandoning module SmartSnapping (782)
[2024.04.02-07.48.13:949][216]LogModuleManager: Shutting down and abandoning module SessionServices (780)
[2024.04.02-07.48.13:949][216]LogModuleManager: Shutting down and abandoning module MeshPaint (778)
[2024.04.02-07.48.13:950][216]LogModuleManager: Shutting down and abandoning module VirtualTexturingEditor (776)
[2024.04.02-07.48.13:950][216]LogModuleManager: Shutting down and abandoning module FoliageEdit (774)
[2024.04.02-07.48.13:951][216]LogModuleManager: Shutting down and abandoning module LandscapeEditor (772)
[2024.04.02-07.48.13:954][216]LogModuleManager: Shutting down and abandoning module MeshPaintMode (770)
[2024.04.02-07.48.13:954][216]LogModuleManager: Shutting down and abandoning module SceneDepthPickerMode (768)
[2024.04.02-07.48.13:954][216]LogModuleManager: Shutting down and abandoning module ActorPickerMode (766)
[2024.04.02-07.48.13:954][216]LogModuleManager: Shutting down and abandoning module PlacementMode (764)
[2024.04.02-07.48.13:954][216]LogModuleManager: Shutting down and abandoning module ViewportSnapping (762)
[2024.04.02-07.48.13:954][216]LogModuleManager: Shutting down and abandoning module ViewportInteraction (760)
[2024.04.02-07.48.13:954][216]LogModuleManager: Shutting down and abandoning module ClothPainter (758)
[2024.04.02-07.48.13:956][216]LogModuleManager: Shutting down and abandoning module SkeletalMeshEditor (757)
[2024.04.02-07.48.13:959][216]LogModuleManager: Shutting down and abandoning module LogVisualizer (754)
[2024.04.02-07.48.13:961][216]LogModuleManager: Shutting down and abandoning module IntroTutorials (752)
[2024.04.02-07.48.13:962][216]LogModuleManager: Shutting down and abandoning module GameProjectGeneration (751)
[2024.04.02-07.48.13:962][216]LogModuleManager: Shutting down and abandoning module LuminPlatformEditor (748)
[2024.04.02-07.48.13:963][216]LogModuleManager: Shutting down and abandoning module IOSPlatformEditor (746)
[2024.04.02-07.48.13:963][216]LogModuleManager: Shutting down and abandoning module AndroidPlatformEditor (744)
[2024.04.02-07.48.13:963][216]LogModuleManager: Shutting down and abandoning module AndroidDeviceDetection (743)
[2024.04.02-07.48.14:133][216]LogModuleManager: Shutting down and abandoning module WindowsPlatformEditor (740)
[2024.04.02-07.48.14:133][216]LogModuleManager: Shutting down and abandoning module LuminRuntimeSettings (738)
[2024.04.02-07.48.14:133][216]LogModuleManager: Shutting down and abandoning module IOSRuntimeSettings (736)
[2024.04.02-07.48.14:134][216]LogModuleManager: Shutting down and abandoning module AndroidRuntimeSettings (734)
[2024.04.02-07.48.14:134][216]LogModuleManager: Shutting down and abandoning module TraceInsights (732)
[2024.04.02-07.48.14:138][216]MemoryProfiler: Shutdown
[2024.04.02-07.48.14:139][216]NetworkingProfiler: Shutdown
[2024.04.02-07.48.14:139][216]LoadingProfiler: Shutdown
[2024.04.02-07.48.14:140][216]TimingProfiler: Shutdown
[2024.04.02-07.48.14:142][216]LogModuleManager: Shutting down and abandoning module TraceServices (731)
[2024.04.02-07.48.14:144][216]LogModuleManager: Shutting down and abandoning module EditorInteractiveToolsFramework (728)
[2024.04.02-07.48.14:144][216]LogModuleManager: Shutting down and abandoning module TimeManagementEditor (726)
[2024.04.02-07.48.14:144][216]LogModuleManager: Shutting down and abandoning module InputBindingEditor (724)
[2024.04.02-07.48.14:146][216]LogModuleManager: Shutting down and abandoning module MergeActors (722)
[2024.04.02-07.48.14:147][216]LogModuleManager: Shutting down and abandoning module LocalizationDashboard (720)
[2024.04.02-07.48.14:148][216]LogModuleManager: Shutting down and abandoning module LocalizationService (719)
[2024.04.02-07.48.14:148][216]LogModuleManager: Shutting down and abandoning module HardwareTargeting (716)
[2024.04.02-07.48.14:148][216]LogModuleManager: Shutting down and abandoning module DeviceProfileEditor (714)
[2024.04.02-07.48.14:149][216]LogModuleManager: Shutting down and abandoning module UndoHistory (712)
[2024.04.02-07.48.14:149][216]LogModuleManager: Shutting down and abandoning module XmlParser (710)
[2024.04.02-07.48.14:150][216]LogModuleManager: Shutting down and abandoning module Blutility (708)
[2024.04.02-07.48.14:150][216]LogModuleManager: Shutting down and abandoning module ProjectSettingsViewer (706)
[2024.04.02-07.48.14:151][216]LogModuleManager: Shutting down and abandoning module ProjectTargetPlatformEditor (705)
[2024.04.02-07.48.14:151][216]LogModuleManager: Shutting down and abandoning module EditorSettingsViewer (702)
[2024.04.02-07.48.14:152][216]LogModuleManager: Shutting down and abandoning module InternationalizationSettings (701)
[2024.04.02-07.48.14:152][216]LogModuleManager: Shutting down and abandoning module SettingsEditor (698)
[2024.04.02-07.48.14:152][216]LogModuleManager: Shutting down and abandoning module ProjectLauncher (696)
[2024.04.02-07.48.14:153][216]LogModuleManager: Shutting down and abandoning module SessionFrontend (694)
[2024.04.02-07.48.14:153][216]LogModuleManager: Shutting down and abandoning module ProfilerClient (692)
[2024.04.02-07.48.14:154][216]LogModuleManager: Shutting down and abandoning module DeviceManager (690)
[2024.04.02-07.48.14:154][216]LogModuleManager: Shutting down and abandoning module TargetDeviceServices (689)
[2024.04.02-07.48.14:188][216]LogModuleManager: Shutting down and abandoning module AutomationController (686)
[2024.04.02-07.48.14:189][216]LogModuleManager: Shutting down and abandoning module AutomationWindow (684)
[2024.04.02-07.48.14:189][216]LogModuleManager: Shutting down and abandoning module Layers (682)
[2024.04.02-07.48.14:192][216]LogModuleManager: Shutting down and abandoning module ComponentVisualizers (680)
[2024.04.02-07.48.14:192][216]LogModuleManager: Shutting down and abandoning module DetailCustomizations (678)
[2024.04.02-07.48.14:192][216]LogModuleManager: Shutting down and abandoning module PackagesDialog (676)
[2024.04.02-07.48.14:193][216]LogModuleManager: Shutting down and abandoning module AnimationBlueprintEditor (674)
[2024.04.02-07.48.14:194][216]LogModuleManager: Shutting down and abandoning module Persona (672)
[2024.04.02-07.48.14:195][216]LogModuleManager: Shutting down and abandoning module AdvancedPreviewScene (671)
[2024.04.02-07.48.14:195][216]LogModuleManager: Shutting down and abandoning module AnimGraph (669)
[2024.04.02-07.48.14:195][216]LogModuleManager: Shutting down and abandoning module Kismet (666)
[2024.04.02-07.48.14:207][216]LogModuleManager: Shutting down and abandoning module KismetWidgets (665)
[2024.04.02-07.48.14:207][216]LogModuleManager: Shutting down and abandoning module GraphEditor (662)
[2024.04.02-07.48.14:207][216]LogModuleManager: Shutting down and abandoning module StructViewer (660)
[2024.04.02-07.48.14:207][216]LogModuleManager: Shutting down and abandoning module ClassViewer (658)
[2024.04.02-07.48.14:208][216]LogModuleManager: Shutting down and abandoning module Toolbox (656)
[2024.04.02-07.48.14:208][216]LogModuleManager: Shutting down and abandoning module ModuleUI (654)
[2024.04.02-07.48.14:208][216]LogModuleManager: Shutting down and abandoning module OutputLog (652)
[2024.04.02-07.48.14:212][216]LogModuleManager: Shutting down and abandoning module GammaUI (650)
[2024.04.02-07.48.14:212][216]LogModuleManager: Shutting down and abandoning module Documentation (648)
[2024.04.02-07.48.14:212][216]LogModuleManager: Shutting down and abandoning module LiveCoding (646)
[2024.04.02-07.48.14:214][216]LogModuleManager: Shutting down and abandoning module LevelSequence (644)
[2024.04.02-07.48.14:214][216]LogModuleManager: Shutting down and abandoning module MovieSceneTracks (642)
[2024.04.02-07.48.14:214][216]LogModuleManager: Shutting down and abandoning module MovieScene (640)
[2024.04.02-07.48.14:215][216]LogModuleManager: Shutting down and abandoning module StreamingPauseRendering (638)
[2024.04.02-07.48.14:215][216]LogModuleManager: Shutting down and abandoning module LauncherPlatform (636)
[2024.04.02-07.48.14:215][216]LogModuleManager: Shutting down and abandoning module AnalyticsET (634)
[2024.04.02-07.48.14:216][216]LogModuleManager: Shutting down and abandoning module PortalServices (632)
[2024.04.02-07.48.14:216][216]LogModuleManager: Shutting down and abandoning module PortalRpc (630)
[2024.04.02-07.48.14:216][216]LogModuleManager: Shutting down and abandoning module MessagingRpc (628)
[2024.04.02-07.48.14:216][216]LogModuleManager: Shutting down and abandoning module AudioMixerXAudio2 (626)
[2024.04.02-07.48.14:216][216]LogModuleManager: Shutting down and abandoning module AudioMixerCore (625)
[2024.04.02-07.48.14:216][216]LogModuleManager: Shutting down and abandoning module AIModule (622)
[2024.04.02-07.48.14:216][216]LogModuleManager: Shutting down and abandoning module GameplayDebugger (621)
[2024.04.02-07.48.14:217][216]LogModuleManager: Shutting down and abandoning module AITestSuite (619)
[2024.04.02-07.48.14:222][216]LogModuleManager: Shutting down and abandoning module NavigationSystem (617)
[2024.04.02-07.48.14:222][216]LogModuleManager: Shutting down and abandoning module ImageWriteQueue (614)
[2024.04.02-07.48.14:232][216]LogModuleManager: Shutting down and abandoning module ProfilerService (612)
[2024.04.02-07.48.14:392][216]LogModuleManager: Shutting down and abandoning module TaskGraph (610)
[2024.04.02-07.48.14:392][216]LogModuleManager: Shutting down and abandoning module AudioSynesthesiaEditor (608)
[2024.04.02-07.48.14:393][216]LogModuleManager: Shutting down and abandoning module OculusEditor (606)
[2024.04.02-07.48.14:395][216]LogModuleManager: Shutting down and abandoning module OculusInput (604)
[2024.04.02-07.48.14:395][216]LogModuleManager: Shutting down and abandoning module DatabaseSupport (602)
[2024.04.02-07.48.14:395][216]LogModuleManager: Shutting down and abandoning module SQLiteSupport (600)
[2024.04.02-07.48.14:395][216]LogModuleManager: Shutting down and abandoning module ContentBrowserFileDataSource (598)
[2024.04.02-07.48.14:395][216]LogModuleManager: Shutting down and abandoning module ContentBrowserClassDataSource (596)
[2024.04.02-07.48.14:395][216]LogModuleManager: Shutting down and abandoning module ContentBrowserAssetDataSource (594)
[2024.04.02-07.48.14:395][216]LogModuleManager: Shutting down and abandoning module CollectionManager (593)
[2024.04.02-07.48.14:396][216]LogModuleManager: Shutting down and abandoning module MagicLeapSharedWorld (590)
[2024.04.02-07.48.14:397][216]LogModuleManager: Shutting down and abandoning module MagicLeapLightEstimation (588)
[2024.04.02-07.48.14:397][216]LogModuleManager: Shutting down and abandoning module MagicLeapHelperVulkan (586)
[2024.04.02-07.48.14:397][216]LogModuleManager: Shutting down and abandoning module MagicLeapHelperOpenGL (584)
[2024.04.02-07.48.14:397][216]LogModuleManager: Shutting down and abandoning module MagicLeapAudio (582)
[2024.04.02-07.48.14:397][216]LogModuleManager: Shutting down and abandoning module TakeSequencer (580)
[2024.04.02-07.48.14:397][216]LogModuleManager: Shutting down and abandoning module TakeMovieScene (578)
[2024.04.02-07.48.14:397][216]LogModuleManager: Shutting down and abandoning module SynthesisEditor (576)
[2024.04.02-07.48.14:397][216]LogModuleManager: Shutting down and abandoning module Synthesis (574)
[2024.04.02-07.48.14:398][216]LogModuleManager: Shutting down and abandoning module ScreenshotTools (572)
[2024.04.02-07.48.14:398][216]LogModuleManager: Shutting down and abandoning module ProceduralMeshComponentEditor (570)
[2024.04.02-07.48.14:398][216]LogModuleManager: Shutting down and abandoning module ProceduralMeshComponent (568)
[2024.04.02-07.48.14:399][216]LogModuleManager: Shutting down and abandoning module OpenXREditor (566)
[2024.04.02-07.48.14:399][216]LogModuleManager: Shutting down and abandoning module MobilePatchingUtils (564)
[2024.04.02-07.48.14:399][216]LogModuleManager: Shutting down and abandoning module EditableMesh (562)
[2024.04.02-07.48.14:399][216]LogModuleManager: Shutting down and abandoning module GooglePAD (560)
[2024.04.02-07.48.14:399][216]LogModuleManager: Shutting down and abandoning module CustomMeshComponent (558)
[2024.04.02-07.48.14:399][216]LogModuleManager: Shutting down and abandoning module CableComponent (556)
[2024.04.02-07.48.14:399][216]LogModuleManager: Shutting down and abandoning module AudioCapture (554)
[2024.04.02-07.48.14:401][216]LogModuleManager: Shutting down and abandoning module AudioCaptureRtAudio (553)
[2024.04.02-07.48.14:401][216]LogModuleManager: Shutting down and abandoning module AssetTags (550)
[2024.04.02-07.48.14:401][216]LogModuleManager: Shutting down and abandoning module ArchVisCharacter (548)
[2024.04.02-07.48.14:401][216]LogModuleManager: Shutting down and abandoning module AppleImageUtilsBlueprintSupport (546)
[2024.04.02-07.48.14:402][216]LogModuleManager: Shutting down and abandoning module AppleImageUtils (544)
[2024.04.02-07.48.14:402][216]LogModuleManager: Shutting down and abandoning module AndroidPermission (542)
[2024.04.02-07.48.14:402][216]LogModuleManager: Shutting down and abandoning module ActorLayerUtilitiesEditor (540)
[2024.04.02-07.48.14:403][216]LogModuleManager: Shutting down and abandoning module ActorLayerUtilities (538)
[2024.04.02-07.48.14:403][216]LogModuleManager: Shutting down and abandoning module TemplateSequence (536)
[2024.04.02-07.48.14:403][216]LogModuleManager: Shutting down and abandoning module UObjectPlugin (534)
[2024.04.02-07.48.14:403][216]LogModuleManager: Shutting down and abandoning module MediaCompositing (532)
[2024.04.02-07.48.14:403][216]LogModuleManager: Shutting down and abandoning module ImgMedia (530)
[2024.04.02-07.48.14:403][216]LogModuleManager: Shutting down and abandoning module OpenImageDenoise (528)
[2024.04.02-07.48.14:403][216]LogOpenImageDenoise: OIDN shutting down
[2024.04.02-07.48.14:403][216]LogModuleManager: Shutting down and abandoning module MotoSynthEditor (526)
[2024.04.02-07.48.14:404][216]LogModuleManager: Shutting down and abandoning module MotoSynth (524)
[2024.04.02-07.48.14:404][216]LogModuleManager: Shutting down and abandoning module MeshConversion (522)
[2024.04.02-07.48.14:404][216]LogModuleManager: Shutting down and abandoning module DynamicMesh (520)
[2024.04.02-07.48.14:404][216]LogModuleManager: Shutting down and abandoning module GeometryAlgorithms (518)
[2024.04.02-07.48.14:405][216]LogModuleManager: Shutting down and abandoning module GeometricObjects (516)
[2024.04.02-07.48.14:405][216]LogModuleManager: Shutting down and abandoning module GeometryCollectionTracks (514)
[2024.04.02-07.48.14:407][216]LogModuleManager: Shutting down and abandoning module GeometryCollectionSequencer (513)
[2024.04.02-07.48.14:407][216]LogModuleManager: Shutting down and abandoning module GeometryCollectionEditor (510)
[2024.04.02-07.48.14:407][216]LogModuleManager: Shutting down and abandoning module GeometryCacheTracks (508)
[2024.04.02-07.48.14:407][216]LogModuleManager: Shutting down and abandoning module GeometryCacheStreamer (506)
[2024.04.02-07.48.14:407][216]LogModuleManager: Shutting down and abandoning module GeometryCacheSequencer (504)
[2024.04.02-07.48.14:407][216]LogModuleManager: Shutting down and abandoning module NiagaraEditorWidgets (502)
[2024.04.02-07.48.14:410][216]LogModuleManager: Shutting down and abandoning module VariantManagerContentEditor (500)
[2024.04.02-07.48.14:411][216]LogModuleManager: Shutting down and abandoning module DatasmithContentEditor (498)
[2024.04.02-07.48.14:411][216]LogModuleManager: Shutting down and abandoning module ChaosSolverEditor (496)
[2024.04.02-07.48.14:411][216]LogModuleManager: Shutting down and abandoning module ChaosNiagara (494)
[2024.04.02-07.48.14:411][216]LogModuleManager: Shutting down and abandoning module ChaosClothEditor (492)
[2024.04.02-07.48.14:411][216]LogModuleManager: Shutting down and abandoning module FractureEditor (490)
[2024.04.02-07.48.14:412][216]LogModuleManager: Shutting down and abandoning module FieldSystemEngine (489)
[2024.04.02-07.48.14:412][216]LogModuleManager: Shutting down and abandoning module BackChannel (486)
[2024.04.02-07.48.14:412][216]LogModuleManager: Shutting down and abandoning module AutomationUtilsEditor (484)
[2024.04.02-07.48.14:412][216]LogModuleManager: Shutting down and abandoning module AutomationUtils (482)
[2024.04.02-07.48.14:412][216]LogModuleManager: Shutting down and abandoning module AlembicImporter (480)
[2024.04.02-07.48.14:412][216]LogModuleManager: Shutting down and abandoning module AlembicLibrary (479)
[2024.04.02-07.48.14:412][216]LogModuleManager: Shutting down and abandoning module GeometryCache (478)
[2024.04.02-07.48.14:412][216]LogModuleManager: Shutting down and abandoning module GeometryCacheEd (477)
[2024.04.02-07.48.14:412][216]LogModuleManager: Shutting down and abandoning module SpeedTreeImporter (472)
[2024.04.02-07.48.14:412][216]LogModuleManager: Shutting down and abandoning module PluginBrowser (470)
[2024.04.02-07.48.14:415][216]LogModuleManager: Shutting down and abandoning module MobileLauncherProfileWizard (468)
[2024.04.02-07.48.14:416][216]LogModuleManager: Shutting down and abandoning module MaterialAnalyzer (466)
[2024.04.02-07.48.14:416][216]LogModuleManager: Shutting down and abandoning module CurveEditorTools (464)
[2024.04.02-07.48.14:417][216]LogModuleManager: Shutting down and abandoning module CryptoKeysOpenSSL (462)
[2024.04.02-07.48.14:417][216]LogModuleManager: Shutting down and abandoning module CryptoKeys (460)
[2024.04.02-07.48.14:417][216]LogModuleManager: Shutting down and abandoning module VisualStudioSourceCodeAccess (458)
[2024.04.02-07.48.14:417][216]LogModuleManager: Shutting down and abandoning module VisualStudioCodeSourceCodeAccess (456)
[2024.04.02-07.48.14:418][216]LogModuleManager: Shutting down and abandoning module SubversionSourceControl (454)
[2024.04.02-07.48.14:418][216]LogModuleManager: Shutting down and abandoning module RiderSourceCodeAccess (452)
[2024.04.02-07.48.14:419][216]LogModuleManager: Shutting down and abandoning module CLionSourceCodeAccess (450)
[2024.04.02-07.48.14:419][216]LogModuleManager: Shutting down and abandoning module PluginUtils (448)
[2024.04.02-07.48.14:420][216]LogModuleManager: Shutting down and abandoning module PlasticSourceControl (446)
[2024.04.02-07.48.14:421][216]LogModuleManager: Shutting down and abandoning module PerforceSourceControl (444)
[2024.04.02-07.48.14:422][216]LogModuleManager: Shutting down and abandoning module OodleNetworkHandlerComponent (442)
[2024.04.02-07.48.14:422][216]LogModuleManager: Shutting down and abandoning module GitSourceControl (440)
[2024.04.02-07.48.14:423][216]LogModuleManager: Shutting down and abandoning module SourceControl (439)
[2024.04.02-07.48.14:424][216]LogModuleManager: Shutting down and abandoning module AnimationSharingEd (436)
[2024.04.02-07.48.14:424][216]LogModuleManager: Shutting down and abandoning module LightPropagationVolumeEditor (434)
[2024.04.02-07.48.14:426][216]LogModuleManager: Shutting down and abandoning module LiveLinkSequencer (432)
[2024.04.02-07.48.14:427][216]LogModuleManager: Shutting down and abandoning module LiveLinkMovieScene (430)
[2024.04.02-07.48.14:427][216]LogModuleManager: Shutting down and abandoning module LiveLinkGraphNode (428)
[2024.04.02-07.48.14:427][216]LogModuleManager: Shutting down and abandoning module LiveLinkEditor (426)
[2024.04.02-07.48.14:431][216]LogModuleManager: Shutting down and abandoning module LiveLinkComponents (424)
[2024.04.02-07.48.14:431][216]LogModuleManager: Shutting down and abandoning module LiveLink (422)
[2024.04.02-07.48.15:397][216]LogModuleManager: Shutting down and abandoning module PaperTiledImporter (420)
[2024.04.02-07.48.15:397][216]LogModuleManager: Shutting down and abandoning module PaperSpriteSheetImporter (418)
[2024.04.02-07.48.15:397][216]LogModuleManager: Shutting down and abandoning module Paper2DEditor (416)
[2024.04.02-07.48.15:398][216]LogModuleManager: Shutting down and abandoning module MeshPaintingToolset (414)
[2024.04.02-07.48.15:398][216]LogModuleManager: Shutting down and abandoning module MeshPaintEditorMode (412)
[2024.04.02-07.48.15:400][216]LogModuleManager: Shutting down and abandoning module TwoDSSG (410)
[2024.04.02-07.48.15:400][216]LogModuleManager: Shutting down and abandoning module DynamoDBStreams (408)
[2024.04.02-07.48.15:403][216]LogDynamoDBStreams: [FDynamoDBStreamsModule::::ShutdownModule] Shutting down DynamoDBStreams Module...
[2024.04.02-07.48.15:403][216]LogModuleManager: Shutting down and abandoning module DynamoDB (406)
[2024.04.02-07.48.15:405][216]LogDynamoDB: [FDynamoDBModule::::ShutdownModule] Shutting down DynamoDB Module...
[2024.04.02-07.48.15:405][216]LogModuleManager: Shutting down and abandoning module Lambda (404)
[2024.04.02-07.48.15:408][216]LogLambda: [FLambdaModule::::ShutdownModule] Shutting down Lambda Module...
[2024.04.02-07.48.15:408][216]LogModuleManager: Shutting down and abandoning module CognitoIdentity (402)
[2024.04.02-07.48.15:410][216]LogCognitoIdentity: [FCognitoIdentityModule::::ShutdownModule] Shutting down CognitoIdentity Module...
[2024.04.02-07.48.15:410][216]LogModuleManager: Shutting down and abandoning module CognitoIdp (400)
[2024.04.02-07.48.15:412][216]LogCognitoIdp: [FCognitoIdpModule::::ShutdownModule] Shutting down CognitoIdp Module...
[2024.04.02-07.48.15:412][216]LogModuleManager: Shutting down and abandoning module GameLiftServerSDK (398)
[2024.04.02-07.48.15:412][216]LogModuleManager: Shutting down and abandoning module GameLift (396)
[2024.04.02-07.48.15:415][216]LogGameLift: [FGameLiftModule::::ShutdownModule] Shutting down GameLift Module...
[2024.04.02-07.48.15:415][216]LogModuleManager: Shutting down and abandoning module AWSCore (394)
[2024.04.02-07.48.15:418][216]LogAWSCore: Verbose: [UnrealLogSystem::::LogStream] WinSyncHttpClient [16520] Cleaning up client with handle 0000000000000000

[2024.04.02-07.48.15:418][216]LogAWSCore: [UnrealLogSystem::::LogStream] WinHttpConnectionPoolMgr [16520] Cleaning up connection pool mgr.

[2024.04.02-07.48.15:436][216]LogAWSCore: [FAWSCoreModule::::ShutdownModule] Aws::ShutdownAPI called.
[2024.04.02-07.48.15:436][216]LogAWSCore: [FAWSCoreModule::::ShutdownModule] Shutting down AWSCore Module...
[2024.04.02-07.48.15:436][216]LogModuleManager: Shutting down and abandoning module SQLiteCore (392)
[2024.04.02-07.48.15:436][216]LogModuleManager: Shutting down and abandoning module MagicLeapARPin (390)
[2024.04.02-07.48.15:436][216]LogModuleManager: Shutting down and abandoning module MagicLeapHandMeshing (388)
[2024.04.02-07.48.15:436][216]LogModuleManager: Shutting down and abandoning module MagicLeapSecureStorage (386)
[2024.04.02-07.48.15:436][216]LogModuleManager: Shutting down and abandoning module MagicLeapPrivileges (384)
[2024.04.02-07.48.15:436][216]LogModuleManager: Shutting down and abandoning module MagicLeapPlanes (382)
[2024.04.02-07.48.15:438][216]LogModuleManager: Shutting down and abandoning module MagicLeapImageTracker (380)
[2024.04.02-07.48.15:438][216]LogModuleManager: Shutting down and abandoning module MagicLeapIdentity (378)
[2024.04.02-07.48.15:438][216]LogModuleManager: Shutting down and abandoning module MagicLeapHandTracking (376)
[2024.04.02-07.48.15:438][216]LogModuleManager: Shutting down and abandoning module MagicLeapEyeTracker (374)
[2024.04.02-07.48.15:438][216]LogModuleManager: Shutting down and abandoning module MagicLeapController (372)
[2024.04.02-07.48.15:438][216]LogModuleManager: Shutting down and abandoning module MagicLeapARPinImpl (370)
[2024.04.02-07.48.15:438][216]LogModuleManager: Shutting down and abandoning module MagicLeapAR (368)
[2024.04.02-07.48.15:438][216]LogModuleManager: Shutting down and abandoning module SoundFields (366)
[2024.04.02-07.48.15:438][216]LogModuleManager: Shutting down and abandoning module SignificanceManager (364)
[2024.04.02-07.48.15:438][216]LogModuleManager: Shutting down and abandoning module RuntimePhysXCooking (362)
[2024.04.02-07.48.15:438][216]LogModuleManager: Shutting down and abandoning module PropertyAccessEditor (360)
[2024.04.02-07.48.15:440][216]LogModuleManager: Shutting down and abandoning module PhysXVehiclesEditor (358)
[2024.04.02-07.48.15:440][216]LogModuleManager: Shutting down and abandoning module LocationServicesBPLibrary (354)
[2024.04.02-07.48.15:440][216]LogModuleManager: Shutting down and abandoning module AudioSynesthesia (352)
[2024.04.02-07.48.15:440][216]LogModuleManager: Shutting down and abandoning module AudioSynesthesiaCore (350)
[2024.04.02-07.48.15:440][216]LogModuleManager: Shutting down and abandoning module ActorSequence (348)
[2024.04.02-07.48.15:440][216]LogModuleManager: Shutting down and abandoning module TcpMessaging (346)
[2024.04.02-07.48.15:542][216]LogModuleManager: Shutting down and abandoning module UdpMessaging (344)
[2024.04.02-07.48.15:643][216]LogModuleManager: Shutting down and abandoning module ImgMediaEngine (342)
[2024.04.02-07.48.15:643][216]LogModuleManager: Shutting down and abandoning module PythonScriptPlugin (340)
[2024.04.02-07.48.15:643][216]LogModuleManager: Shutting down and abandoning module NiagaraAnimNotifies (338)
[2024.04.02-07.48.15:643][216]LogModuleManager: Shutting down and abandoning module Niagara (336)
[2024.04.02-07.48.15:643][216]LogModuleManager: Shutting down and abandoning module SignalProcessing (335)
[2024.04.02-07.48.15:644][216]LogModuleManager: Shutting down and abandoning module NiagaraEditor (333)
[2024.04.02-07.48.15:645][216]LogModuleManager: Shutting down and abandoning module NiagaraCore (330)
[2024.04.02-07.48.15:645][216]LogModuleManager: Shutting down and abandoning module GameplayTagsEditor (328)
[2024.04.02-07.48.15:645][216]LogModuleManager: Shutting down and abandoning module FacialAnimationEditor (326)
[2024.04.02-07.48.15:645][216]LogModuleManager: Shutting down and abandoning module FacialAnimation (324)
[2024.04.02-07.48.15:645][216]LogModuleManager: Shutting down and abandoning module DataValidation (322)
[2024.04.02-07.48.15:645][216]LogModuleManager: Shutting down and abandoning module AssetManagerEditor (320)
[2024.04.02-07.48.15:645][216]LogModuleManager: Shutting down and abandoning module LevelEditor (319)
[2024.04.02-07.48.15:649][216]LogModuleManager: Shutting down and abandoning module PixelInspectorModule (318)
[2024.04.02-07.48.15:650][216]LogModuleManager: Shutting down and abandoning module CommonMenuExtensions (316)
[2024.04.02-07.48.15:652][216]LogModuleManager: Shutting down and abandoning module MainFrame (314)
[2024.04.02-07.48.15:653][216]LogModuleManager: Shutting down and abandoning module HotReload (313)
[2024.04.02-07.48.15:654][216]LogModuleManager: Shutting down and abandoning module ToolMenus (309)
[2024.04.02-07.48.15:655][216]LogModuleManager: Shutting down and abandoning module ContentBrowser (307)
[2024.04.02-07.48.15:655][216]LogModuleManager: Shutting down and abandoning module ContentBrowserData (306)
[2024.04.02-07.48.15:655][216]LogModuleManager: Shutting down and abandoning module TreeMap (303)
[2024.04.02-07.48.15:655][216]LogModuleManager: Shutting down and abandoning module PropertyAccessNode (300)
[2024.04.02-07.48.15:656][216]LogModuleManager: Shutting down and abandoning module AnimationSharing (298)
[2024.04.02-07.48.15:656][216]LogModuleManager: Shutting down and abandoning module GameplayCameras (296)
[2024.04.02-07.48.15:656][216]LogModuleManager: Shutting down and abandoning module LightPropagationVolumeRuntime (294)
[2024.04.02-07.48.15:657][216]LogModuleManager: Shutting down and abandoning module EnvironmentQueryEditor (292)
[2024.04.02-07.48.15:658][216]LogModuleManager: Shutting down and abandoning module Paper2D (290)
[2024.04.02-07.48.15:658][216]LogModuleManager: Shutting down and abandoning module WindowsMoviePlayer (288)
[2024.04.02-07.48.15:663][216]LogModuleManager: Shutting down and abandoning module WebMMoviePlayer (286)
[2024.04.02-07.48.15:663][216]LogModuleManager: Shutting down and abandoning module NetworkReplayStreaming (284)
[2024.04.02-07.48.15:663][216]LogModuleManager: Shutting down and abandoning module PacketHandler (282)
[2024.04.02-07.48.15:663][216]LogModuleManager: Shutting down and abandoning module ClothingSystemEditor (280)
[2024.04.02-07.48.15:663][216]LogModuleManager: Shutting down and abandoning module ClothingSystemRuntimeNv (278)
[2024.04.02-07.48.15:665][216]LogModuleManager: Shutting down and abandoning module MediaAssets (276)
[2024.04.02-07.48.15:665][216]LogModuleManager: Shutting down and abandoning module Overlay (274)
[2024.04.02-07.48.15:665][216]LogModuleManager: Shutting down and abandoning module OverlayEditor (273)
[2024.04.02-07.48.15:665][216]LogModuleManager: Shutting down and abandoning module VREditor (270)
[2024.04.02-07.48.15:666][216]LogModuleManager: Shutting down and abandoning module StringTableEditor (268)
[2024.04.02-07.48.15:666][216]LogModuleManager: Shutting down and abandoning module GameplayTasksEditor (266)
[2024.04.02-07.48.15:666][216]LogModuleManager: Shutting down and abandoning module BehaviorTreeEditor (264)
[2024.04.02-07.48.15:667][216]LogModuleManager: Shutting down and abandoning module FunctionalTesting (262)
[2024.04.02-07.48.15:667][216]LogModuleManager: Shutting down and abandoning module CollisionAnalyzer (260)
[2024.04.02-07.48.15:668][216]LogModuleManager: Shutting down and abandoning module WorkspaceMenuStructure (259)
[2024.04.02-07.48.15:669][216]LogModuleManager: Shutting down and abandoning module UMG (256)
[2024.04.02-07.48.15:669][216]LogModuleManager: Shutting down and abandoning module UMGEditor (255)
[2024.04.02-07.48.15:669][216]LogModuleManager: Shutting down and abandoning module MessageLog (253)
[2024.04.02-07.48.15:669][216]LogModuleManager: Shutting down and abandoning module SlateReflector (248)
[2024.04.02-07.48.15:674][216]LogModuleManager: Shutting down and abandoning module Slate (246)
[2024.04.02-07.48.15:674][216]LogModuleManager: Shutting down and abandoning module SlateCore (244)
[2024.04.02-07.48.15:675][216]LogModuleManager: Shutting down and abandoning module LandscapeEditorUtilities (242)
[2024.04.02-07.48.15:675][216]LogModuleManager: Shutting down and abandoning module UnrealEd (240)
[2024.04.02-07.48.15:675][216]LogModuleManager: Shutting down and abandoning module MRMesh (238)
[2024.04.02-07.48.15:675][216]LogModuleManager: Shutting down and abandoning module SourceCodeAccess (236)
[2024.04.02-07.48.15:675][216]LogModuleManager: Shutting down and abandoning module HeadMountedDisplay (234)
[2024.04.02-07.48.15:675][216]LogModuleManager: Shutting down and abandoning module XAudio2 (232)
[2024.04.02-07.48.15:677][216]LogModuleManager: Shutting down and abandoning module Networking (230)
[2024.04.02-07.48.15:677][216]LogModuleManager: Shutting down and abandoning module Core (228)
[2024.04.02-07.48.15:677][216]LogModuleManager: Shutting down and abandoning module MaterialEditor (226)
[2024.04.02-07.48.15:678][216]LogModuleManager: Shutting down and abandoning module MovieSceneTools (224)
[2024.04.02-07.48.15:679][216]LogModuleManager: Shutting down and abandoning module CurveEditor (223)
[2024.04.02-07.48.15:679][216]LogModuleManager: Shutting down and abandoning module Sequencer (221)
[2024.04.02-07.48.15:680][216]LogModuleManager: Shutting down and abandoning module EditorStyle (220)
[2024.04.02-07.48.15:681][216]LogModuleManager: Shutting down and abandoning module KismetCompiler (216)
[2024.04.02-07.48.15:681][216]LogModuleManager: Shutting down and abandoning module MeshBuilder (214)
[2024.04.02-07.48.15:681][216]LogModuleManager: Shutting down and abandoning module MeshUtilities (212)
[2024.04.02-07.48.15:682][216]LogModuleManager: Shutting down and abandoning module MeshMergeUtilities (211)
[2024.04.02-07.48.15:684][216]LogModuleManager: Shutting down and abandoning module MeshReductionInterface (210)
[2024.04.02-07.48.15:684][216]LogModuleManager: Shutting down and abandoning module MeshBoneReduction (209)
[2024.04.02-07.48.15:684][216]LogModuleManager: Shutting down and abandoning module SkeletalMeshReduction (207)
[2024.04.02-07.48.15:684][216]LogModuleManager: Shutting down and abandoning module ProxyLODMeshReduction (205)
[2024.04.02-07.48.15:686][216]LogModuleManager: Shutting down and abandoning module QuadricMeshReduction (203)
[2024.04.02-07.48.15:687][216]LogModuleManager: Shutting down and abandoning module MaterialBaking (199)
[2024.04.02-07.48.15:687][216]LogModuleManager: Shutting down and abandoning module DerivedDataCache (194)
[2024.04.02-07.48.15:688][216]LogModuleManager: Shutting down and abandoning module TargetPlatform (192)
[2024.04.02-07.48.15:689][216]LogModuleManager: Shutting down and abandoning module VulkanShaderFormat (191)
[2024.04.02-07.48.15:692][216]LogModuleManager: Shutting down and abandoning module ShaderFormatVectorVM (189)
[2024.04.02-07.48.15:692][216]LogModuleManager: Shutting down and abandoning module ShaderFormatOpenGL (187)
[2024.04.02-07.48.15:692][216]LogModuleManager: Shutting down and abandoning module ShaderFormatD3D (185)
[2024.04.02-07.48.15:693][216]LogModuleManager: Shutting down and abandoning module MetalShaderFormat (183)
[2024.04.02-07.48.15:693][216]LogModuleManager: Shutting down and abandoning module TextureFormatOodle (181)
[2024.04.02-07.48.15:695][216]LogModuleManager: Shutting down and abandoning module TextureFormatUncompressed (179)
[2024.04.02-07.48.15:695][216]LogModuleManager: Shutting down and abandoning module TextureFormatPVR (177)
[2024.04.02-07.48.15:695][216]LogModuleManager: Shutting down and abandoning module TextureFormatETC2 (175)
[2024.04.02-07.48.15:695][216]LogModuleManager: Shutting down and abandoning module TextureFormatDXT (173)
[2024.04.02-07.48.15:695][216]LogModuleManager: Shutting down and abandoning module TextureFormatIntelISPCTexComp (171)
[2024.04.02-07.48.15:697][216]LogModuleManager: Shutting down and abandoning module TextureFormatASTC (169)
[2024.04.02-07.48.15:697][216]LogModuleManager: Shutting down and abandoning module ImageWrapper (168)
[2024.04.02-07.48.15:697][216]LogModuleManager: Shutting down and abandoning module AudioFormatOpus (165)
[2024.04.02-07.48.15:697][216]LogModuleManager: Shutting down and abandoning module AudioFormatOgg (163)
[2024.04.02-07.48.15:697][216]LogModuleManager: Shutting down and abandoning module AudioFormatADPCM (161)
[2024.04.02-07.48.15:698][216]LogModuleManager: Shutting down and abandoning module WindowsServerTargetPlatform (159)
[2024.04.02-07.48.15:698][216]LogModuleManager: Shutting down and abandoning module WindowsClientTargetPlatform (157)
[2024.04.02-07.48.15:698][216]LogModuleManager: Shutting down and abandoning module WindowsTargetPlatform (155)
[2024.04.02-07.48.15:698][216]LogModuleManager: Shutting down and abandoning module WindowsNoEditorTargetPlatform (153)
[2024.04.02-07.48.15:698][216]LogModuleManager: Shutting down and abandoning module TVOSTargetPlatform (151)
[2024.04.02-07.48.15:704][216]LogModuleManager: Shutting down and abandoning module MacServerTargetPlatform (149)
[2024.04.02-07.48.15:704][216]LogModuleManager: Shutting down and abandoning module MacClientTargetPlatform (147)
[2024.04.02-07.48.15:704][216]LogModuleManager: Shutting down and abandoning module MacTargetPlatform (145)
[2024.04.02-07.48.15:704][216]LogModuleManager: Shutting down and abandoning module MacNoEditorTargetPlatform (143)
[2024.04.02-07.48.15:704][216]LogModuleManager: Shutting down and abandoning module LuminTargetPlatform (141)
[2024.04.02-07.48.15:711][216]LogModuleManager: Shutting down and abandoning module Messaging (139)
[2024.04.02-07.48.15:711][216]LogModuleManager: Shutting down and abandoning module IOSTargetPlatform (137)
[2024.04.02-07.48.15:716][216]LogModuleManager: Shutting down and abandoning module AndroidTargetPlatform (135)
[2024.04.02-07.48.15:740][216]LogModuleManager: Shutting down and abandoning module AllDesktopTargetPlatform (133)
[2024.04.02-07.48.15:740][216]LogModuleManager: Shutting down and abandoning module D3D11RHI (130)
[2024.04.02-07.48.15:740][216]LogModuleManager: Shutting down and abandoning module InputCore (128)
[2024.04.02-07.48.15:740][216]LogModuleManager: Shutting down and abandoning module Settings (126)
[2024.04.02-07.48.15:741][216]LogModuleManager: Shutting down and abandoning module DirectoryWatcher (124)
[2024.04.02-07.48.15:743][216]LogModuleManager: Shutting down and abandoning module PhysXCooking (122)
[2024.04.02-07.48.15:743][216]LogModuleManager: Shutting down and abandoning module Chaos (120)
[2024.04.02-07.48.15:745][216]LogModuleManager: Shutting down and abandoning module WindowsPlatformFeatures (118)
[2024.04.02-07.48.15:745][216]LogModuleManager: Shutting down and abandoning module GameplayMediaEncoder (117)
[2024.04.02-07.48.15:746][216]LogModuleManager: Shutting down and abandoning module AVEncoder (116)
[2024.04.02-07.48.15:746][216]LogModuleManager: Shutting down and abandoning module SteamVRInputDevice (112)
[2024.04.02-07.48.15:747][216]LogModuleManager: Shutting down and abandoning module SteamVRInput (110)
[2024.04.02-07.48.15:747][216]LogModuleManager: Shutting down and abandoning module SteamVR (108)
[2024.04.02-07.48.15:748][216]LogHMD: Freeing OpenVRDLLHandle.
[2024.04.02-07.48.15:748][216]LogModuleManager: Shutting down and abandoning module OculusHMD (106)
[2024.04.02-07.48.15:748][216]LogModuleManager: Shutting down and abandoning module MLSDK (104)
[2024.04.02-07.48.15:748][216]LogModuleManager: Shutting down and abandoning module MagicLeap (102)
[2024.04.02-07.48.15:748][216]LogModuleManager: Shutting down and abandoning module OpenXRHandTracking (100)
[2024.04.02-07.48.15:749][216]LogSlate: Slate User Destroyed.  User Index 0, Is Virtual User: 0
[2024.04.02-07.48.15:749][216]LogModuleManager: Shutting down and abandoning module OpenXREyeTracker (98)
[2024.04.02-07.48.15:751][216]LogModuleManager: Shutting down and abandoning module OpenXRAR (96)
[2024.04.02-07.48.15:751][216]LogModuleManager: Shutting down and abandoning module AugmentedReality (95)
[2024.04.02-07.48.15:751][216]LogModuleManager: Shutting down and abandoning module OpenXRHMD (92)
[2024.04.02-07.48.15:755][216]LogModuleManager: Shutting down and abandoning module ExampleDeviceProfileSelector (90)
[2024.04.02-07.48.15:755][216]LogModuleManager: Shutting down and abandoning module ChunkDownloader (88)
[2024.04.02-07.48.15:755][216]LogModuleManager: Shutting down and abandoning module LauncherChunkInstaller (86)
[2024.04.02-07.48.15:755][216]LogModuleManager: Shutting down and abandoning module OnlineBlueprintSupport (84)
[2024.04.02-07.48.15:756][216]LogModuleManager: Shutting down and abandoning module OnlineSubsystem (80)
[2024.04.02-07.48.15:758][216]LogModuleManager: Shutting down and abandoning module HTTP (75)
[2024.04.02-07.48.15:758][216]LogHttp: Display: Http module shutting down, but needs to wait on 1 outstanding Http requests:
[2024.04.02-07.48.15:758][216]LogHttp: Display: 	verb=[POST] url=[https://datarouter.ol.epicgames.com/datarouter/api/v1/public/data?SessionID=%7B449A6F89-4EA1-C11E-444A-99BAFDE99A10%7D&AppID=UEEditor.UnrealEngine.Release&AppVersion=4.27.2-0%2B%2B%2BUE4%2BRelease-4.27&UserID=5812877d4d7148453a71aebd8a2d0c0c%7Ce3a70109bfb14c3688330f00d3bce6f2%7C61e642f4-538f-4e4d-800a-c8d99f514227&AppEnvironment=datacollector-binary&UploadType=eteventstream] refs=[1] status=Processing
[2024.04.02-07.48.15:758][216]LogHttp: Display: cleaning up 1 outstanding Http requests.
[2024.04.02-07.48.15:783][216]LogModuleManager: Shutting down and abandoning module SSL (74)
[2024.04.02-07.48.15:788][216]LogModuleManager: Shutting down and abandoning module WmfMedia (70)
[2024.04.02-07.48.15:792][216]LogModuleManager: Shutting down and abandoning module Media (69)
[2024.04.02-07.48.15:794][216]LogModuleManager: Shutting down and abandoning module MediaInfo (68)
[2024.04.02-07.48.15:794][216]LogModuleManager: Shutting down and abandoning module ExrReaderGpu (64)
[2024.04.02-07.48.15:794][216]LogModuleManager: Shutting down and abandoning module NiagaraVertexFactories (62)
[2024.04.02-07.48.15:795][216]LogModuleManager: Shutting down and abandoning module NiagaraShader (60)
[2024.04.02-07.48.15:795][216]LogModuleManager: Shutting down and abandoning module VariantManagerContent (58)
[2024.04.02-07.48.15:795][216]LogModuleManager: Shutting down and abandoning module DatasmithContent (56)
[2024.04.02-07.48.15:795][216]LogModuleManager: Shutting down and abandoning module ChaosCloth (54)
[2024.04.02-07.48.15:796][216]LogModuleManager: Shutting down and abandoning module PixWinPlugin (52)
[2024.04.02-07.48.15:796][216]LogModuleManager: Shutting down and abandoning module AISupportModule (50)
[2024.04.02-07.48.15:796][216]LogModuleManager: Shutting down and abandoning module DesktopPlatform (48)
[2024.04.02-07.48.15:796][216]LogModuleManager: Shutting down and abandoning module PythonScriptPluginPreload (46)
[2024.04.02-07.48.15:797][216]LogModuleManager: Shutting down and abandoning module PlatformCryptoOpenSSL (44)
[2024.04.02-07.48.15:797][216]LogModuleManager: Shutting down and abandoning module PlatformCryptoTypes (42)
[2024.04.02-07.48.15:798][216]LogModuleManager: Shutting down and abandoning module PlatformCrypto (40)
[2024.04.02-07.48.15:798][216]LogModuleManager: Shutting down and abandoning module OodleDataCompressionFormat (38)
[2024.04.02-07.48.15:798][216]LogModuleManager: Shutting down and abandoning module XGEController (36)
[2024.04.02-07.48.15:799][216]LogXGEController: Cleaning working directory: C:/Users/Sagi/AppData/Local/Temp/UnrealXGEWorkingDir/
[2024.04.02-07.48.15:799][216]LogModuleManager: Shutting down and abandoning module AnimationModifiers (34)
[2024.04.02-07.48.15:799][216]LogModuleManager: Shutting down and abandoning module AudioEditor (32)
[2024.04.02-07.48.15:803][216]LogModuleManager: Shutting down and abandoning module PropertyEditor (31)
[2024.04.02-07.48.15:805][216]LogModuleManager: Shutting down and abandoning module TextureCompressor (28)
[2024.04.02-07.48.15:807][216]LogModuleManager: Shutting down and abandoning module RenderCore (26)
[2024.04.02-07.48.15:807][216]LogModuleManager: Shutting down and abandoning module Landscape (24)
[2024.04.02-07.48.15:807][216]LogModuleManager: Shutting down and abandoning module SlateRHIRenderer (22)
[2024.04.02-07.48.15:808][216]LogModuleManager: Shutting down and abandoning module AnimGraphRuntime (20)
[2024.04.02-07.48.15:808][216]LogModuleManager: Shutting down and abandoning module Renderer (18)
[2024.04.02-07.48.15:809][216]LogModuleManager: Shutting down and abandoning module Engine (16)
[2024.04.02-07.48.15:809][216]LogModuleManager: Shutting down and abandoning module CoreUObject (14)
[2024.04.02-07.48.15:810][216]LogModuleManager: Shutting down and abandoning module NetworkFile (12)
[2024.04.02-07.48.15:810][216]LogModuleManager: Shutting down and abandoning module CookedIterativeFile (10)
[2024.04.02-07.48.15:810][216]LogModuleManager: Shutting down and abandoning module StreamingFile (8)
[2024.04.02-07.48.15:810][216]LogModuleManager: Shutting down and abandoning module SandboxFile (6)
[2024.04.02-07.48.15:811][216]LogModuleManager: Shutting down and abandoning module PakFile (4)
[2024.04.02-07.48.15:811][216]LogModuleManager: Shutting down and abandoning module RSA (3)
[2024.04.02-07.48.15:811][216]LogContentStreaming: Display: There are 1 unreleased StreamingManagers
[2024.04.02-07.48.15:854][216]LogD3D11RHI: Shutdown
[2024.04.02-07.48.15:854][216]LogD3D11RHI: CleanupD3DDevice
[2024.04.02-07.48.15:868][216]LogExit: Exiting.
[2024.04.02-07.48.15:874][216]Log file closed, 04/02/24 10:48:15
